1,1,373250,1
2,1,20610,1
3,1,1000000,0
4,1,26650,1
5,1,86300,1
6,1,1000000,0
7,1,923780,2
8,1,78620,1
9,1,205620,1
10,1,787810,2
11,1,756840,2
12,1,1000000,0
13,1,281630,2
14,1,193670,1
15,1,30210,1
16,1,1000000,0
17,1,247470,1
18,1,1000000,1
19,1,22280,1
20,1,64340,1
21,1,68870,2
22,1,128370,1
23,1,24330,1
24,1,528860,1
25,1,944590,1
26,1,622640,2
27,1,94680,2
28,1,23320,2
29,1,300290,2
30,1,395280,2
31,1,22650,1
32,1,92570,1
33,1,333750,1
34,1,102580,1
35,1,48520,1
36,1,662650,2
37,1,341000,2
38,1,20850,1
39,1,95860,2
40,1,831610,2
41,1,748240,2
42,1,191130,1
43,1,64220,2
44,1,25050,2
45,1,38680,1
46,1,37030,1
47,1,85240,1
48,1,25760,1
49,1,30000,1
50,1,75220,2
51,1,170710,2
52,1,85780,2
53,1,137620,1
54,1,829920,1
55,1,137580,1
56,1,371710,1
57,1,24180,1
58,1,507700,2
59,1,662710,1
60,1,115710,2
61,1,29470,1
62,1,403540,2
63,1,24490,2
64,1,42830,1
65,1,20850,2
66,1,418340,1
67,1,23270,1
68,1,132480,2
69,1,24570,1
70,1,70660,2
71,1,60060,2
72,1,32520,2
73,1,459970,2
74,1,74190,2
75,1,205740,1
76,1,110960,1
77,1,94650,1
78,1,128220,1
79,1,37590,2
80,1,410870,2
81,1,479320,2
82,1,40560,2
83,1,36430,1
84,1,119310,2
85,1,598530,1
86,1,351530,1
87,1,48980,1
88,1,32080,1
89,1,970730,2
90,1,59220,2
91,1,191860,1
92,1,164580,1
93,1,74810,2
94,1,576280,2
95,1,63200,1
96,1,365670,2
97,1,38640,1
98,1,108830,1
99,1,58590,2
100,1,53140,2
101,1,141880,1
102,1,37910,2
103,1,61700,1
104,1,54340,1
105,1,404140,1
106,1,30910,2
107,1,22960,1
108,1,27610,1
109,1,24660,1
110,1,938630,1
111,1,552700,1
112,1,46750,1
113,1,23140,2
114,1,314380,1
115,1,463930,2
116,1,52220,2
117,1,23980,1
118,1,75640,2
119,1,877590,2
120,1,31230,2
121,1,673260,1
122,1,548590,2
123,1,31580,1
124,1,21650,2
125,1,80300,1
126,1,22700,1
127,1,697040,2
128,1,25130,2
129,1,779040,1
130,1,158410,2
131,1,23140,1
132,1,540760,2
133,1,76240,2
134,1,903410,1
135,1,258560,1
136,1,852810,1
137,1,144400,2
138,1,37330,1
139,1,30940,1
140,1,20920,1
141,1,22700,2
142,1,203850,2
143,1,67080,1
144,1,640270,2
145,1,31710,1
146,1,230110,1
147,1,203030,2
148,1,65310,1
149,1,27760,1
150,1,36360,1
151,1,39770,1
152,1,354930,2
153,1,37570,1
154,1,784530,2
155,1,33360,2
156,1,91690,1
157,1,23600,1
158,1,243910,2
159,1,418900,1
160,1,79430,1
161,1,110780,2
162,1,38690,1
163,1,28580,2
164,1,20680,2
165,1,37430,1
166,1,249120,1
167,1,545550,2
168,1,754770,2
169,1,21790,1
170,1,499570,2
171,1,566170,2
172,1,120020,2
173,1,678600,2
174,1,112720,2
175,1,20480,2
176,1,36490,2
177,1,62060,1
178,1,630610,2
179,1,147500,1
180,1,490680,1
181,1,112950,2
182,1,59900,1
183,1,25910,2
184,1,160900,2
185,1,394330,2
186,1,889310,2
187,1,156280,2
188,1,849600,2
189,1,77610,1
190,1,22400,2
191,1,107040,1
192,1,422880,1
193,1,226250,1
194,1,453120,1
195,1,70100,2
196,1,70140,1
197,1,21650,1
198,1,68780,2
199,1,93390,2
200,1,84420,1
201,1,23040,2
202,1,83550,1
203,1,700640,1
204,1,20370,1
205,1,97960,2
206,1,324220,2
207,1,113540,1
208,1,341520,2
209,1,181710,1
210,1,60540,1
211,1,92640,1
212,1,46380,2
213,1,527160,2
214,1,113660,1
215,1,311690,1
216,1,271280,1
217,1,75050,2
218,1,29600,1
219,1,66450,2
220,1,115090,2
221,1,23870,1
222,1,116180,2
223,1,478230,2
224,1,260070,2
225,1,53880,1
226,1,24430,2
227,1,379550,2
228,1,36420,2
229,1,50190,2
230,1,61920,2
231,1,208060,1
232,1,599010,1
233,1,87990,1
234,1,210720,1
235,1,448710,1
236,1,218460,1
237,1,42750,1
238,1,239700,2
239,1,42370,2
240,1,109830,1
241,1,46670,2
242,1,701930,2
243,1,128160,1
244,1,27010,1
245,1,51020,1
246,1,28260,1
247,1,40010,2
248,1,261730,1
249,1,390880,1
250,1,32880,1
251,1,591660,1
252,1,649720,1
253,1,382650,1
254,1,62730,2
255,1,139830,2
256,1,111800,1
257,1,133760,2
258,1,159190,2
259,1,23710,2
260,1,253960,1
261,1,162530,1
262,1,22640,1
263,1,168860,1
264,1,43120,1
265,1,339180,2
266,1,289750,1
267,1,120790,1
268,1,41320,1
269,1,918970,2
270,1,47270,2
271,1,919410,2
272,1,374100,2
273,1,187960,2
274,1,741580,2
275,1,450310,1
276,1,154370,1
277,1,100330,1
278,1,48340,1
279,1,39190,1
280,1,34790,2
281,1,170050,1
282,1,33670,2
283,1,537920,2
284,1,28760,1
285,1,630030,2
286,1,65750,2
287,1,858900,1
288,1,73410,1
289,1,746630,1
290,1,828310,2
291,1,718880,2
292,1,633680,1
293,1,40630,1
294,1,22460,1
295,1,33450,1
296,1,38370,1
297,1,53800,2
298,1,63970,2
299,1,386830,1
300,1,95770,1
301,1,936880,2
302,1,795280,1
303,1,662210,2
304,1,31590,2
305,1,24880,1
306,1,29220,2
307,1,56430,2
308,1,353270,2
309,1,61090,1
310,1,305710,2
311,1,49340,2
312,1,34200,2
313,1,392870,1
314,1,471670,1
315,1,93500,1
316,1,889130,2
317,1,20460,2
318,1,115640,1
319,1,32510,2
320,1,70380,2
321,1,23880,1
322,1,35430,2
323,1,93740,2
324,1,83660,2
325,1,46480,1
326,1,113090,1
327,1,130330,1
328,1,57190,2
329,1,99030,1
330,1,23360,1
331,1,55860,2
332,1,568050,2
333,1,20540,1
334,1,24450,1
335,1,422970,1
336,1,213990,2
337,1,894660,2
338,1,47850,1
339,1,145340,1
340,1,365000,2
341,1,43080,2
342,1,776240,2
343,1,864250,2
344,1,293950,2
345,1,33360,1
346,1,132380,2
347,1,815720,2
348,1,20720,1
349,1,51590,1
350,1,27010,1
351,1,86310,1
352,1,160280,2
353,1,27290,1
354,1,60430,1
355,1,106270,2
356,1,371250,1
357,1,96240,2
358,1,66740,1
359,1,54670,1
360,1,61080,1
361,1,187250,2
362,1,254800,2
363,1,288520,1
364,1,39460,1
365,1,135860,1
366,1,221900,2
367,1,43700,1
368,1,305390,1
369,1,64500,2
370,1,74540,2
371,1,77510,1
372,1,40520,1
373,1,301230,1
374,1,35590,1
375,1,36390,1
376,1,163430,1
377,1,30740,1
378,1,981950,2
379,1,206460,1
380,1,25180,2
381,1,42040,1
382,1,44920,2
383,1,202030,2
384,1,89610,2
385,1,37940,1
386,1,25670,1
387,1,39270,2
388,1,111530,1
389,1,20300,2
390,1,510260,2
391,1,250840,1
392,1,46910,2
393,1,157580,2
394,1,97870,1
395,1,37420,1
396,1,466870,2
397,1,29160,2
398,1,400800,2
399,1,53330,1
400,1,568650,2
401,1,167570,1
402,1,68530,2
403,1,25980,1
404,1,40190,1
405,1,279320,2
406,1,75670,1
407,1,198360,1
408,1,45520,2
409,1,22180,2
410,1,826440,1
411,1,35680,1
412,1,156540,2
413,1,187250,1
414,1,540160,2
415,1,60970,1
416,1,29450,1
417,1,46680,1
418,1,884760,2
419,1,576690,1
420,1,48150,1
421,1,42140,1
422,1,72230,1
423,1,20690,2
424,1,150620,1
425,1,785510,2
426,1,456900,2
427,1,702390,2
428,1,37220,2
429,1,142970,2
430,1,32050,1
431,1,697330,2
432,1,778080,1
433,1,101580,2
434,1,100100,2
435,1,95330,1
436,1,423160,2
437,1,984530,1
438,1,136540,2
439,1,817770,2
440,1,77650,1
441,1,255690,2
442,1,268500,1
443,1,30840,1
444,1,377180,1
445,1,84180,1
446,1,27320,1
447,1,32330,1
448,1,21100,2
449,1,69050,2
450,1,219700,1
451,1,138820,2
452,1,36250,1
453,1,36470,2
454,1,29160,1
455,1,152600,2
456,1,400060,2
457,1,100030,1
458,1,80740,2
459,1,528260,2
460,1,114130,1
461,1,82690,1
462,1,46750,1
463,1,22720,1
464,1,37780,2
465,1,37150,2
466,1,275390,1
467,1,36230,1
468,1,154820,2
469,1,615280,2
470,1,154160,2
471,1,543740,2
472,1,211800,2
473,1,615690,2
474,1,85220,2
475,1,145960,2
476,1,41220,2
477,1,30510,1
478,1,64250,1
479,1,25120,1
480,1,157370,1
481,1,64900,2
482,1,56080,1
483,1,732790,2
484,1,342550,2
485,1,810170,2
486,1,147070,2
487,1,93570,2
488,1,92980,2
489,1,148160,2
490,1,623450,1
491,1,24130,2
492,1,71460,2
493,1,683030,1
494,1,704350,2
495,1,701620,2
496,1,530970,2
497,1,32510,1
498,1,309380,1
499,1,630160,2
500,1,212370,2
501,1,161260,1
502,1,49010,1
503,1,51950,1
504,1,30060,1
505,1,24590,1
506,1,24950,1
507,1,41830,1
508,1,35520,1
509,1,68350,1
510,1,67340,1
511,1,342940,1
512,1,57800,2
513,1,82650,1
514,1,30240,2
515,1,271510,2
516,1,33850,1
517,1,175630,1
518,1,25000,1
519,1,368150,2
520,1,107680,2
521,1,35360,1
522,1,49170,2
523,1,54370,1
524,1,42270,1
525,1,72270,2
526,1,313470,2
527,1,65430,2
528,1,31920,1
529,1,68920,2
530,1,66460,2
531,1,27460,2
532,1,76320,1
533,1,891420,1
534,1,38310,1
535,1,240580,1
536,1,53980,2
537,1,925450,2
538,1,23210,1
539,1,120880,2
540,1,271200,1
541,1,203110,2
542,1,130500,2
543,1,32700,2
544,1,113510,1
545,1,45830,2
546,1,81210,1
547,1,360070,2
548,1,84470,1
549,1,97250,1
550,1,102620,2
551,1,81520,2
552,1,707280,2
553,1,227380,2
554,1,795660,1
555,1,22240,1
556,1,21830,1
557,1,647150,1
558,1,55340,1
559,1,946480,1
560,1,46260,1
561,1,481470,2
562,1,22490,1
563,1,240160,2
564,1,75980,2
565,1,88520,2
566,1,192600,2
567,1,30540,1
568,1,901750,2
569,1,27190,2
570,1,93880,1
571,1,81040,2
572,1,72200,1
573,1,36640,1
574,1,206640,1
575,1,779000,2
576,1,27970,1
577,1,81480,1
578,1,127460,1
579,1,69370,2
580,1,104740,2
581,1,42430,2
582,1,49880,1
583,1,197340,2
584,1,272140,2
585,1,337370,2
586,1,326120,2
587,1,352700,1
588,1,408690,1
589,1,98090,2
590,1,106910,1
591,1,115810,1
592,1,95820,1
593,1,525440,1
594,1,488340,2
595,1,671440,1
596,1,391290,2
597,1,101900,2
598,1,402290,2
599,1,49530,2
600,1,264020,1
601,1,918190,1
602,1,50680,1
603,1,33490,2
604,1,149560,1
605,1,40810,1
606,1,26170,1
607,1,30320,2
608,1,28110,2
609,1,190020,2
610,1,137010,1
611,1,37510,2
612,1,41260,2
613,1,203390,1
614,1,40640,1
615,1,23290,1
616,1,501790,2
617,1,45410,1
618,1,719460,2
619,1,137180,1
620,1,21050,1
621,1,149550,2
622,1,38070,1
623,1,524370,2
624,1,103740,1
625,1,33200,1
626,1,179360,1
627,1,213250,1
628,1,120570,2
629,1,918490,2
630,1,62010,1
631,1,40820,2
632,1,592530,1
633,1,314240,1
634,1,47200,1
635,1,101290,2
636,1,45500,1
637,1,69440,2
638,1,139910,2
639,1,26020,2
640,1,168570,1
641,1,49500,1
642,1,27310,2
643,1,42780,1
644,1,60280,2
645,1,91130,1
646,1,326080,1
647,1,37300,2
648,1,159040,2
649,1,27030,1
650,1,177420,1
651,1,149020,2
652,1,37940,1
653,1,26920,1
654,1,24190,1
655,1,41430,2
656,1,77320,2
657,1,409170,1
658,1,57860,1
659,1,231670,1
660,1,71060,1
661,1,50520,2
662,1,25730,2
663,1,390110,1
664,1,216650,2
665,1,73730,1
666,1,79500,1
667,1,55510,2
668,1,88520,2
669,1,66330,1
670,1,275850,1
671,1,79900,1
672,1,30040,1
673,1,447940,2
674,1,34360,1
675,1,263750,1
676,1,54750,1
677,1,28710,2
678,1,70340,1
679,1,104850,2
680,1,39960,1
681,1,160220,1
682,1,33240,2
683,1,166190,2
684,1,41910,2
685,1,66480,1
686,1,193200,1
687,1,24890,1
688,1,211170,2
689,1,273070,2
690,1,121420,2
691,1,218850,1
692,1,23610,2
693,1,469770,2
694,1,146030,2
695,1,299360,1
696,1,36570,2
697,1,100210,1
698,1,64090,1
699,1,56270,2
700,1,51130,2
701,1,42420,1
702,1,203480,1
703,1,22300,2
704,1,34870,1
705,1,163080,2
706,1,37310,1
707,1,64910,1
708,1,280370,1
709,1,166490,2
710,1,215140,1
711,1,129430,1
712,1,30320,2
713,1,251880,1
714,1,424340,2
715,1,25020,1
716,1,84180,1
717,1,478380,2
718,1,274870,1
719,1,48350,2
720,1,27260,1
721,1,81360,2
722,1,495140,1
723,1,407040,2
724,1,380150,2
725,1,274960,1
726,1,26230,1
727,1,35930,1
728,1,39190,1
729,1,86210,2
730,1,233820,1
731,1,34950,1
732,1,31850,1
733,1,22060,2
734,1,26910,1
735,1,163460,2
736,1,246830,1
737,1,22430,1
738,1,181010,1
739,1,168760,1
740,1,339830,1
741,1,202820,1
742,1,115970,2
743,1,157330,2
744,1,129930,1
745,1,25230,1
746,1,49480,1
747,1,144220,2
748,1,50730,1
749,1,56010,1
750,1,247420,1
751,1,53690,1
752,1,28460,2
753,1,218300,2
754,1,135390,2
755,1,190590,1
756,1,76650,2
757,1,69760,1
758,1,80850,2
759,1,89400,1
760,1,22070,2
761,1,231560,2
762,1,197290,2
763,1,74490,2
764,1,162500,2
765,1,23180,1
766,1,150440,2
767,1,270300,2
768,1,27330,2
769,1,113190,1
770,1,48190,2
771,1,40770,1
772,1,41690,1
773,1,24470,1
774,1,272860,1
775,1,169620,2
776,1,46530,2
777,1,277520,1
778,1,20020,1
779,1,190810,2
780,1,21910,1
781,1,213830,2
782,1,89510,1
783,1,35110,1
784,1,28840,1
785,1,28300,1
786,1,314010,2
787,1,20680,2
788,1,36510,2
789,1,56930,1
790,1,105090,1
791,1,168340,1
792,1,26440,2
793,1,217500,2
794,1,44520,1
795,1,180460,2
796,1,256780,1
797,1,51330,1
798,1,55320,1
799,1,22980,2
800,1,30700,1
801,1,57890,1
802,1,474950,1
803,1,50140,1
804,1,23210,1
805,1,307230,1
806,1,40060,1
807,1,44300,1
808,1,78990,1
809,1,225360,2
810,1,29710,1
811,1,39100,2
812,1,34210,1
813,1,96060,1
814,1,24500,1
815,1,193900,2
816,1,273380,2
817,1,47410,2
818,1,76590,1
819,1,52760,2
820,1,67590,1
821,1,82740,2
822,1,59760,2
823,1,35960,2
824,1,207830,1
825,1,238580,1
826,1,168010,1
827,1,20360,1
828,1,156070,2
829,1,64860,2
830,1,67630,2
831,1,23930,2
832,1,270230,1
833,1,125990,1
834,1,385890,1
835,1,58940,1
836,1,28240,1
837,1,25910,2
838,1,336920,1
839,1,142100,2
840,1,51760,1
841,1,104710,1
842,1,205090,1
843,1,37860,1
844,1,20720,1
845,1,440240,2
846,1,58930,2
847,1,26430,2
848,1,23170,1
849,1,38480,1
850,1,74390,2
851,1,174780,1
852,1,38090,1
853,1,198020,2
854,1,29510,1
855,1,142360,2
856,1,57240,2
857,1,425750,2
858,1,20830,2
859,1,28180,2
860,1,212440,2
861,1,44290,1
862,1,305390,1
863,1,43980,2
864,1,34280,2
865,1,390820,1
866,1,24480,1
867,1,48960,1
868,1,127080,1
869,1,64080,1
870,1,21410,1
871,1,65640,1
872,1,23100,1
873,1,87770,1
874,1,89790,2
875,1,195010,2
876,1,372470,2
877,1,48100,1
878,1,118960,1
879,1,56890,2
880,1,150090,2
881,1,21510,1
882,1,72460,1
883,1,38000,1
884,1,63060,1
885,1,35510,2
886,1,206670,2
887,1,123830,2
888,1,82510,1
889,1,218470,1
890,1,26430,1
891,1,38210,1
892,1,28210,1
893,1,342240,1
894,1,49950,2
895,1,33370,2
896,1,188820,2
897,1,25590,1
898,1,36880,1
899,1,50690,2
900,1,126200,2
901,1,316460,1
902,1,61280,2
903,1,31480,1
904,1,424280,2
905,1,492160,1
906,1,328880,1
907,1,289870,2
908,1,178570,1
909,1,76350,1
910,1,46740,1
911,1,302320,2
912,1,83460,1
913,1,238500,2
914,1,25960,1
915,1,244260,2
916,1,53350,2
917,1,33100,1
918,1,48720,2
919,1,60930,1
920,1,40190,2
921,1,338530,2
922,1,59040,1
923,1,29830,1
924,1,71500,2
925,1,51380,1
926,1,57290,2
927,1,400960,2
928,1,26470,1
929,1,42290,2
930,1,87240,1
931,1,106980,1
932,1,402420,1
933,1,51630,1
934,1,271880,2
935,1,39310,1
936,1,40610,1
937,1,175780,2
938,1,329270,2
939,1,70420,1
940,1,147890,2
941,1,23330,1
942,1,396110,2
943,1,88720,2
944,1,20570,2
945,1,23150,1
946,1,102450,2
947,1,24400,1
948,1,234120,2
949,1,99730,1
950,1,20660,2
951,1,268100,2
952,1,53900,1
953,1,65680,1
954,1,35010,1
955,1,21170,1
956,1,220790,1
957,1,139900,1
958,1,152220,1
959,1,31160,2
960,1,28700,2
961,1,169880,2
962,1,33980,1
963,1,337340,2
964,1,256420,2
965,1,63760,1
966,1,50650,1
967,1,143100,1
968,1,266150,2
969,1,69540,1
970,1,44090,2
971,1,25180,1
972,1,21030,2
973,1,314250,2
974,1,30690,1
975,1,391210,2
976,1,108120,1
977,1,477840,1
978,1,81230,2
979,1,26940,2
980,1,87040,2
981,1,43240,1
982,1,78770,1
983,1,94770,2
984,1,197430,1
985,1,45570,1
986,1,402040,2
987,1,49840,1
988,1,24600,2
989,1,498590,1
990,1,28420,1
991,1,382160,2
992,1,22290,1
993,1,378550,1
994,1,299130,1
995,1,46280,1
996,1,81230,1
997,1,189750,2
998,1,110370,1
999,1,31340,1
1000,1,117790,2
1001,1,1000000,0
1002,1,53260,2
1003,1,64300,1
1004,1,1000000,1
1005,1,152210,1
1006,1,1000000,0
1007,1,1000000,0
1008,1,39930,1
1009,1,1000000,0
1010,1,143590,2
1011,1,30480,1
1012,1,72760,2
1013,1,898450,1
1014,1,47310,1
1015,1,222810,1
1016,1,96580,2
1017,1,60290,1
1018,1,35510,1
1019,1,81750,2
1020,1,32360,1
1021,1,754830,2
1022,1,290610,2
1023,1,610990,2
1024,1,125510,1
1025,1,77650,1
1026,1,37110,1
1027,1,330610,1
1028,1,259800,1
1029,1,610260,2
1030,1,43660,1
1031,1,27210,2
1032,1,901750,2
1033,1,229030,2
1034,1,33630,2
1035,1,54740,2
1036,1,665040,2
1037,1,111740,1
1038,1,24420,1
1039,1,20280,1
1040,1,21440,2
1041,1,34240,1
1042,1,48760,1
1043,1,149920,2
1044,1,33260,2
1045,1,36300,2
1046,1,38730,1
1047,1,268350,1
1048,1,410210,1
1049,1,321160,2
1050,1,33270,1
1051,1,23960,1
1052,1,62050,2
1053,1,39120,1
1054,1,37040,1
1055,1,193480,1
1056,1,55300,1
1057,1,144190,2
1058,1,70260,1
1059,1,42510,1
1060,1,650260,1
1061,1,47920,1
1062,1,26300,1
1063,1,717930,1
1064,1,30500,1
1065,1,232350,2
1066,1,454240,1
1067,1,50270,1
1068,1,258690,2
1069,1,59250,1
1070,1,793040,2
1071,1,644810,2
1072,1,604730,2
1073,1,104400,1
1074,1,42370,1
1075,1,20740,1
1076,1,23810,1
1077,1,355230,2
1078,1,65780,2
1079,1,499020,2
1080,1,87480,1
1081,1,75600,1
1082,1,33190,2
1083,1,74880,1
1084,1,85680,1
1085,1,63350,1
1086,1,35010,1
1087,1,137810,1
1088,1,26340,2
1089,1,21410,1
1090,1,832330,2
1091,1,142230,2
1092,1,24670,2
1093,1,27500,1
1094,1,826410,1
1095,1,647780,2
1096,1,117470,1
1097,1,135710,2
1098,1,102840,1
1099,1,22020,1
1100,1,39430,1
1101,1,101570,2
1102,1,824540,2
1103,1,684120,1
1104,1,62200,2
1105,1,131110,1
1106,1,480560,1
1107,1,115280,1
1108,1,165380,1
1109,1,534070,1
1110,1,268900,2
1111,1,85190,2
1112,1,548420,1
1113,1,807250,2
1114,1,352210,1
1115,1,213010,2
1116,1,435920,1
1117,1,31230,2
1118,1,22990,2
1119,1,298200,1
1120,1,85820,2
1121,1,871910,2
1122,1,20750,2
1123,1,210950,2
1124,1,287290,2
1125,1,74250,1
1126,1,32320,2
1127,1,88950,1
1128,1,41310,1
1129,1,20720,1
1130,1,204400,2
1131,1,531790,2
1132,1,139210,2
1133,1,995480,2
1134,1,44920,1
1135,1,276390,2
1136,1,47180,1
1137,1,131980,2
1138,1,604120,1
1139,1,62820,1
1140,1,71340,1
1141,1,34960,2
1142,1,21640,1
1143,1,124010,2
1144,1,33840,2
1145,1,21920,1
1146,1,52730,2
1147,1,85000,2
1148,1,192160,2
1149,1,31600,1
1150,1,383510,2
1151,1,45610,1
1152,1,82930,1
1153,1,152950,2
1154,1,141260,1
1155,1,228200,1
1156,1,541660,1
1157,1,21250,1
1158,1,32640,1
1159,1,680320,2
1160,1,32470,1
1161,1,109880,2
1162,1,125680,1
1163,1,96220,1
1164,1,847060,1
1165,1,20720,1
1166,1,112080,2
1167,1,56790,1
1168,1,21850,1
1169,1,114610,1
1170,1,168120,2
1171,1,172220,2
1172,1,68430,1
1173,1,294120,1
1174,1,29530,1
1175,1,72300,1
1176,1,529310,1
1177,1,101700,1
1178,1,41050,1
1179,1,53300,1
1180,1,106400,2
1181,1,877300,1
1182,1,186560,1
1183,1,137090,1
1184,1,102270,2
1185,1,423260,1
1186,1,158680,2
1187,1,246220,1
1188,1,32400,1
1189,1,127460,2
1190,1,40210,1
1191,1,342180,2
1192,1,82620,2
1193,1,145440,1
1194,1,906460,2
1195,1,84470,2
1196,1,318030,2
1197,1,479410,2
1198,1,340410,2
1199,1,702870,2
1200,1,111940,2
1201,1,942160,2
1202,1,260720,2
1203,1,78030,1
1204,1,61450,2
1205,1,79810,1
1206,1,655650,2
1207,1,55840,1
1208,1,99750,2
1209,1,86500,2
1210,1,172690,1
1211,1,34300,1
1212,1,125290,1
1213,1,645230,2
1214,1,484270,2
1215,1,53520,1
1216,1,37290,1
1217,1,102040,2
1218,1,444100,2
1219,1,383310,2
1220,1,217700,2
1221,1,239620,1
1222,1,659360,2
1223,1,176450,1
1224,1,195940,1
1225,1,39860,2
1226,1,29000,1
1227,1,158660,2
1228,1,35820,1
1229,1,62220,2
1230,1,73940,2
1231,1,96680,2
1232,1,379510,1
1233,1,30090,1
1234,1,56150,1
1235,1,324470,2
1236,1,165740,2
1237,1,64760,2
1238,1,33510,1
1239,1,566360,1
1240,1,993790,2
1241,1,363110,1
1242,1,66330,1
1243,1,491880,2
1244,1,78680,2
1245,1,138280,1
1246,1,137130,1
1247,1,72600,1
1248,1,283340,1
1249,1,412440,2
1250,1,29810,2
1251,1,370730,2
1252,1,37430,1
1253,1,227330,2
1254,1,264430,2
1255,1,100660,1
1256,1,129520,1
1257,1,167220,1
1258,1,59990,1
1259,1,52870,2
1260,1,57700,2
1261,1,68730,2
1262,1,70480,1
1263,1,49880,2
1264,1,380340,1
1265,1,166170,1
1266,1,25000,1
1267,1,124670,2
1268,1,908520,2
1269,1,58480,2
1270,1,41980,1
1271,1,88360,1
1272,1,217200,1
1273,1,206930,2
1274,1,28980,1
1275,1,551250,1
1276,1,206950,1
1277,1,71270,1
1278,1,66750,1
1279,1,456750,2
1280,1,589550,2
1281,1,171660,1
1282,1,20010,1
1283,1,20030,2
1284,1,253640,2
1285,1,111900,2
1286,1,42400,1
1287,1,31800,1
1288,1,729690,2
1289,1,258370,1
1290,1,887930,1
1291,1,56070,1
1292,1,383300,2
1293,1,566800,2
1294,1,26370,1
1295,1,317180,2
1296,1,95840,1
1297,1,20430,1
1298,1,48410,2
1299,1,44130,2
1300,1,83650,1
1301,1,71630,2
1302,1,272060,1
1303,1,575500,2
1304,1,31380,1
1305,1,33510,2
1306,1,368930,2
1307,1,213490,2
1308,1,130770,1
1309,1,107030,1
1310,1,70740,1
1311,1,493360,2
1312,1,60460,2
1313,1,21170,1
1314,1,55870,1
1315,1,150180,1
1316,1,31030,2
1317,1,37060,2
1318,1,41790,2
1319,1,377150,2
1320,1,448890,2
1321,1,118060,1
1322,1,599280,2
1323,1,296960,1
1324,1,168460,1
1325,1,118920,2
1326,1,25230,1
1327,1,156690,2
1328,1,158880,2
1329,1,91870,2
1330,1,817650,1
1331,1,458450,1
1332,1,259340,2
1333,1,250800,2
1334,1,95070,1
1335,1,54960,2
1336,1,299020,2
1337,1,309490,1
1338,1,327990,1
1339,1,34520,1
1340,1,72650,1
1341,1,32350,1
1342,1,88940,2
1343,1,56580,2
1344,1,69800,1
1345,1,33930,2
1346,1,23250,1
1347,1,20170,1
1348,1,21300,1
1349,1,53810,1
1350,1,22000,1
1351,1,27110,2
1352,1,27630,2
1353,1,345000,1
1354,1,130780,1
1355,1,530300,2
1356,1,727180,2
1357,1,296840,2
1358,1,346210,1
1359,1,49570,1
1360,1,702860,2
1361,1,156050,2
1362,1,28910,2
1363,1,86660,1
1364,1,266580,2
1365,1,956140,2
1366,1,306090,2
1367,1,278430,1
1368,1,229060,2
1369,1,35160,2
1370,1,125660,1
1371,1,20610,1
1372,1,113640,2
1373,1,33830,1
1374,1,36450,2
1375,1,137340,1
1376,1,373350,2
1377,1,27460,1
1378,1,37030,1
1379,1,172540,1
1380,1,599450,1
1381,1,74620,1
1382,1,878110,2
1383,1,372310,1
1384,1,257590,1
1385,1,209810,1
1386,1,90180,2
1387,1,127340,2
1388,1,130590,1
1389,1,57610,1
1390,1,241870,1
1391,1,730590,2
1392,1,24890,2
1393,1,102160,1
1394,1,649710,1
1395,1,36220,1
1396,1,66270,2
1397,1,111090,1
1398,1,54550,1
1399,1,127530,2
1400,1,55920,1
1401,1,40920,2
1402,1,694310,2
1403,1,337420,1
1404,1,111780,1
1405,1,24950,1
1406,1,348880,1
1407,1,710120,1
1408,1,21200,2
1409,1,348610,1
1410,1,130660,1
1411,1,406660,2
1412,1,333480,2
1413,1,364330,2
1414,1,86660,1
1415,1,30530,1
1416,1,35150,2
1417,1,32010,1
1418,1,105150,1
1419,1,500280,2
1420,1,102540,2
1421,1,26060,1
1422,1,67470,1
1423,1,70370,1
1424,1,515710,2
1425,1,146470,1
1426,1,108100,1
1427,1,829010,2
1428,1,526010,2
1429,1,292100,1
1430,1,33800,2
1431,1,50780,2
1432,1,801410,2
1433,1,514160,1
1434,1,67400,2
1435,1,40660,1
1436,1,924670,2
1437,1,105030,2
1438,1,37300,1
1439,1,371570,2
1440,1,297230,2
1441,1,105230,2
1442,1,43370,2
1443,1,62620,2
1444,1,712560,2
1445,1,62580,1
1446,1,122890,2
1447,1,68160,1
1448,1,219290,1
1449,1,173710,1
1450,1,31770,1
1451,1,42280,1
1452,1,63480,1
1453,1,933260,1
1454,1,33890,2
1455,1,90870,1
1456,1,525560,2
1457,1,30300,2
1458,1,28000,1
1459,1,49380,2
1460,1,42170,1
1461,1,689880,1
1462,1,40010,1
1463,1,41460,1
1464,1,925530,2
1465,1,272280,1
1466,1,22370,2
1467,1,57350,1
1468,1,166280,1
1469,1,28430,2
1470,1,83710,1
1471,1,280570,2
1472,1,93330,2
1473,1,129740,1
1474,1,267380,1
1475,1,142280,2
1476,1,450340,2
1477,1,43310,1
1478,1,716570,1
1479,1,140710,2
1480,1,21530,1
1481,1,916290,2
1482,1,45800,1
1483,1,153230,1
1484,1,26360,1
1485,1,28960,2
1486,1,23680,1
1487,1,53890,1
1488,1,41260,2
1489,1,73600,2
1490,1,472970,2
1491,1,26600,1
1492,1,392770,2
1493,1,38250,1
1494,1,475700,2
1495,1,409730,2
1496,1,853290,2
1497,1,23190,2
1498,1,528110,1
1499,1,469190,2
1500,1,97740,1
1501,1,21170,1
1502,1,980100,1
1503,1,194880,1
1504,1,186250,2
1505,1,24900,1
1506,1,23590,2
1507,1,652360,2
1508,1,109040,1
1509,1,104380,2
1510,1,134630,1
1511,1,29450,1
1512,1,249660,2
1513,1,63630,1
1514,1,28310,2
1515,1,93430,1
1516,1,788560,2
1517,1,702970,2
1518,1,820370,1
1519,1,95270,1
1520,1,22350,2
1521,1,71000,2
1522,1,43760,1
1523,1,926190,1
1524,1,43840,1
1525,1,86090,1
1526,1,167970,1
1527,1,25670,2
1528,1,151310,1
1529,1,173250,2
1530,1,97230,1
1531,1,78320,1
1532,1,77730,1
1533,1,30430,1
1534,1,21560,1
1535,1,202280,2
1536,1,948060,2
1537,1,51880,2
1538,1,260530,2
1539,1,993580,2
1540,1,209680,1
1541,1,54680,1
1542,1,88060,2
1543,1,606200,1
1544,1,63660,1
1545,1,688560,1
1546,1,27970,2
1547,1,88570,1
1548,1,753010,1
1549,1,38850,1
1550,1,691720,1
1551,1,314150,2
1552,1,108820,1
1553,1,662960,1
1554,1,34050,1
1555,1,77440,1
1556,1,589930,1
1557,1,69160,1
1558,1,194610,2
1559,1,23840,1
1560,1,57840,2
1561,1,22680,2
1562,1,146490,1
1563,1,763490,1
1564,1,22720,2
1565,1,573950,1
1566,1,466090,1
1567,1,23370,1
1568,1,409630,2
1569,1,79450,1
1570,1,260160,1
1571,1,39630,1
1572,1,571630,1
1573,1,671200,1
1574,1,565630,1
1575,1,200080,2
1576,1,193250,1
1577,1,36100,1
1578,1,245110,2
1579,1,146790,1
1580,1,40810,1
1581,1,98390,2
1582,1,157630,1
1583,1,270400,2
1584,1,129090,1
1585,1,235980,2
1586,1,667410,1
1587,1,26290,1
1588,1,343670,2
1589,1,52570,1
1590,1,103530,1
1591,1,196000,1
1592,1,186100,2
1593,1,52630,2
1594,1,351440,1
1595,1,874080,2
1596,1,117440,2
1597,1,33220,1
1598,1,337830,2
1599,1,56150,2
1600,1,56720,1
1601,1,391820,2
1602,1,47810,1
1603,1,27450,1
1604,1,20760,1
1605,1,92980,1
1606,1,40370,1
1607,1,123900,1
1608,1,130160,1
1609,1,552440,2
1610,1,77160,2
1611,1,237540,2
1612,1,46160,2
1613,1,650770,2
1614,1,232850,2
1615,1,30010,1
1616,1,405530,1
1617,1,34300,2
1618,1,433570,2
1619,1,86120,2
1620,1,84670,1
1621,1,195530,1
1622,1,814120,2
1623,1,21670,1
1624,1,147800,2
1625,1,26570,1
1626,1,269880,2
1627,1,817360,2
1628,1,689690,1
1629,1,66700,2
1630,1,196790,1
1631,1,103130,1
1632,1,549380,2
1633,1,68880,2
1634,1,42870,1
1635,1,115840,1
1636,1,824300,2
1637,1,54830,2
1638,1,470540,2
1639,1,66960,2
1640,1,256740,2
1641,1,534640,2
1642,1,91130,1
1643,1,21090,1
1644,1,28380,1
1645,1,28210,2
1646,1,109490,1
1647,1,23520,1
1648,1,97950,2
1649,1,26880,2
1650,1,68420,2
1651,1,47500,1
1652,1,56750,2
1653,1,438050,2
1654,1,37190,2
1655,1,143050,2
1656,1,72120,2
1657,1,48260,1
1658,1,22540,2
1659,1,24420,2
1660,1,28130,1
1661,1,20470,1
1662,1,411750,2
1663,1,53290,1
1664,1,70360,1
1665,1,35610,2
1666,1,79570,1
1667,1,27170,2
1668,1,213720,1
1669,1,460760,2
1670,1,184860,1
1671,1,292470,2
1672,1,196760,1
1673,1,25250,1
1674,1,25340,1
1675,1,124060,1
1676,1,451030,2
1677,1,55320,1
1678,1,159480,1
1679,1,32310,2
1680,1,42500,1
1681,1,21400,1
1682,1,91790,1
1683,1,36780,1
1684,1,85710,1
1685,1,27340,2
1686,1,24620,1
1687,1,46800,2
1688,1,47420,1
1689,1,62150,2
1690,1,47090,2
1691,1,492620,2
1692,1,36590,2
1693,1,225750,2
1694,1,137550,2
1695,1,91190,1
1696,1,179700,2
1697,1,174000,1
1698,1,51680,1
1699,1,159250,2
1700,1,355350,1
1701,1,46340,1
1702,1,34370,1
1703,1,96510,1
1704,1,164370,1
1705,1,165750,2
1706,1,136370,1
1707,1,50070,2
1708,1,122440,1
1709,1,61550,1
1710,1,24170,1
1711,1,26300,2
1712,1,238630,2
1713,1,99730,2
1714,1,69260,1
1715,1,200070,2
1716,1,33690,1
1717,1,28300,1
1718,1,73160,1
1719,1,30550,1
1720,1,23630,1
1721,1,65450,1
1722,1,21190,2
1723,1,31520,1
1724,1,24920,1
1725,1,155570,2
1726,1,93700,1
1727,1,22240,1
1728,1,34180,1
1729,1,32340,1
1730,1,165900,2
1731,1,181050,1
1732,1,22560,1
1733,1,155910,2
1734,1,45830,2
1735,1,47610,2
1736,1,22920,1
1737,1,29610,2
1738,1,70510,1
1739,1,38950,2
1740,1,69360,1
1741,1,155180,2
1742,1,46340,1
1743,1,115580,1
1744,1,67740,2
1745,1,83390,1
1746,1,80080,1
1747,1,293570,2
1748,1,34490,1
1749,1,116240,1
1750,1,20540,2
1751,1,51460,1
1752,1,267230,1
1753,1,47820,1
1754,1,411120,2
1755,1,47580,2
1756,1,22120,1
1757,1,71760,1
1758,1,196500,1
1759,1,145720,1
1760,1,71980,1
1761,1,143140,1
1762,1,21730,2
1763,1,198800,2
1764,1,20880,1
1765,1,304470,1
1766,1,134310,2
1767,1,153300,2
1768,1,430800,2
1769,1,25230,1
1770,1,85330,2
1771,1,179210,1
1772,1,33910,2
1773,1,36430,2
1774,1,28750,1
1775,1,103420,2
1776,1,446490,2
1777,1,34990,1
1778,1,280650,2
1779,1,240250,2
1780,1,43700,2
1781,1,359380,1
1782,1,88310,1
1783,1,24100,2
1784,1,48090,1
1785,1,126910,1
1786,1,52010,1
1787,1,24940,1
1788,1,62950,2
1789,1,41650,1
1790,1,78430,1
1791,1,490180,2
1792,1,39480,1
1793,1,130560,1
1794,1,368420,2
1795,1,180480,2
1796,1,37280,2
1797,1,78640,1
1798,1,50100,1
1799,1,142080,1
1800,1,54780,1
1801,1,32150,2
1802,1,244660,1
1803,1,93820,1
1804,1,36390,2
1805,1,65540,1
1806,1,241520,2
1807,1,117550,1
1808,1,273050,2
1809,1,38130,1
1810,1,53100,1
1811,1,73430,2
1812,1,151330,2
1813,1,356670,1
1814,1,94080,1
1815,1,143290,1
1816,1,24420,1
1817,1,31900,1
1818,1,128860,2
1819,1,491330,1
1820,1,131650,1
1821,1,40700,2
1822,1,176790,2
1823,1,21460,2
1824,1,22360,1
1825,1,49770,2
1826,1,111380,2
1827,1,59120,1
1828,1,48920,2
1829,1,465780,1
1830,1,93710,2
1831,1,91260,1
1832,1,209220,1
1833,1,22620,1
1834,1,74220,1
1835,1,27900,1
1836,1,36460,2
1837,1,472300,1
1838,1,230290,2
1839,1,23110,1
1840,1,110920,1
1841,1,24300,1
1842,1,69710,1
1843,1,128750,2
1844,1,21800,1
1845,1,386630,2
1846,1,41250,2
1847,1,126980,1
1848,1,218160,1
1849,1,110120,1
1850,1,277650,2
1851,1,156100,2
1852,1,396510,2
1853,1,42540,1
1854,1,47270,2
1855,1,212520,1
1856,1,43960,2
1857,1,75160,1
1858,1,30250,1
1859,1,149220,2
1860,1,98360,1
1861,1,31640,2
1862,1,157300,1
1863,1,51970,1
1864,1,182780,1
1865,1,206690,2
1866,1,458020,2
1867,1,28550,1
1868,1,48840,2
1869,1,35350,2
1870,1,95680,1
1871,1,32490,1
1872,1,49510,1
1873,1,20970,1
1874,1,229200,1
1875,1,25390,2
1876,1,325160,2
1877,1,108870,1
1878,1,234370,1
1879,1,25410,1
1880,1,24650,2
1881,1,383920,1
1882,1,114540,2
1883,1,53990,1
1884,1,303060,1
1885,1,24750,2
1886,1,393200,1
1887,1,232280,2
1888,1,35110,1
1889,1,20940,2
1890,1,51430,1
1891,1,312820,2
1892,1,169060,1
1893,1,99880,1
1894,1,28730,2
1895,1,217720,2
1896,1,162760,2
1897,1,100180,2
1898,1,48340,1
1899,1,337090,1
1900,1,48740,1
1901,1,65280,2
1902,1,115630,1
1903,1,46260,2
1904,1,51010,1
1905,1,437350,2
1906,1,24560,1
1907,1,255650,2
1908,1,340190,1
1909,1,492910,1
1910,1,81560,1
1911,1,21260,2
1912,1,238920,2
1913,1,193010,1
1914,1,180600,1
1915,1,28980,1
1916,1,36520,1
1917,1,24770,2
1918,1,98550,2
1919,1,84650,1
1920,1,162520,2
1921,1,20940,1
1922,1,43050,1
1923,1,42810,2
1924,1,28870,2
1925,1,25890,1
1926,1,471790,1
1927,1,139950,1
1928,1,23070,1
1929,1,279890,1
1930,1,116660,1
1931,1,118700,2
1932,1,54200,1
1933,1,33600,1
1934,1,87450,1
1935,1,20740,2
1936,1,44440,1
1937,1,219180,2
1938,1,424970,2
1939,1,454710,2
1940,1,45340,2
1941,1,179240,1
1942,1,95020,1
1943,1,179940,2
1944,1,111700,1
1945,1,27390,2
1946,1,41510,1
1947,1,88010,2
1948,1,213640,2
1949,1,403330,2
1950,1,39730,1
1951,1,124990,2
1952,1,318380,1
1953,1,142190,2
1954,1,57410,1
1955,1,129220,1
1956,1,43310,2
1957,1,133370,1
1958,1,28490,1
1959,1,69390,1
1960,1,113950,2
1961,1,184350,2
1962,1,30650,1
1963,1,279940,1
1964,1,73350,2
1965,1,50160,2
1966,1,36360,1
1967,1,155610,1
1968,1,452300,1
1969,1,72490,1
1970,1,27190,2
1971,1,158260,1
1972,1,21320,1
1973,1,78210,1
1974,1,21650,1
1975,1,76530,1
1976,1,105530,1
1977,1,166510,1
1978,1,20820,2
1979,1,31530,1
1980,1,123200,1
1981,1,122880,1
1982,1,54850,2
1983,1,21880,1
1984,1,273720,1
1985,1,421560,1
1986,1,131480,1
1987,1,130850,2
1988,1,20400,1
1989,1,47250,2
1990,1,113620,2
1991,1,161270,1
1992,1,178400,1
1993,1,21140,2
1994,1,96090,1
1995,1,130420,2
1996,1,113650,2
1997,1,97030,2
1998,1,25270,1
1999,1,170000,2
2000,1,168440,1
2001,1,35050,2
2002,1,101570,2
2003,1,1000000,2
2004,1,23660,2
2005,1,1000000,0
2006,1,81810,2
2007,1,60300,2
2008,1,1000000,1
2009,1,75030,1
2010,1,326630,2
2011,1,885750,2
2012,1,1000000,1
2013,1,89570,1
2014,1,417330,1
2015,1,359880,1
2016,1,1000000,0
2017,1,812190,1
2018,1,753910,2
2019,1,42600,1
2020,1,72940,1
2021,1,37690,1
2022,1,33960,2
2023,1,59280,2
2024,1,25380,2
2025,1,56090,2
2026,1,199190,1
2027,1,616320,2
2028,1,71750,1
2029,1,140720,2
2030,1,74610,2
2031,1,141890,1
2032,1,25300,2
2033,1,41440,1
2034,1,49110,2
2035,1,348600,2
2036,1,91840,1
2037,1,29030,1
2038,1,32840,1
2039,1,221030,1
2040,1,114760,1
2041,1,928720,2
2042,1,797210,2
2043,1,26060,2
2044,1,499770,1
2045,1,45160,2
2046,1,684290,1
2047,1,236150,1
2048,1,82470,2
2049,1,98000,1
2050,1,67760,1
2051,1,40960,1
2052,1,23240,1
2053,1,165980,1
2054,1,436610,2
2055,1,58430,1
2056,1,104530,1
2057,1,610470,1
2058,1,25580,1
2059,1,26670,2
2060,1,30810,1
2061,1,111990,1
2062,1,872020,2
2063,1,155510,2
2064,1,151880,1
2065,1,217280,2
2066,1,699520,2
2067,1,23970,1
2068,1,327620,2
2069,1,499870,2
2070,1,99600,2
2071,1,30640,2
2072,1,678960,2
2073,1,73110,1
2074,1,383060,1
2075,1,34720,1
2076,1,273410,2
2077,1,29920,2
2078,1,285800,1
2079,1,41590,1
2080,1,392460,1
2081,1,44800,1
2082,1,86390,1
2083,1,41390,1
2084,1,94650,1
2085,1,27190,1
2086,1,182390,1
2087,1,461800,1
2088,1,985930,1
2089,1,23160,1
2090,1,27600,1
2091,1,90410,1
2092,1,45610,1
2093,1,205060,1
2094,1,99420,2
2095,1,44070,2
2096,1,22670,2
2097,1,28110,1
2098,1,211740,2
2099,1,650890,1
2100,1,90620,1
2101,1,391100,1
2102,1,113140,2
2103,1,49450,1
2104,1,284590,1
2105,1,503320,1
2106,1,162180,2
2107,1,89770,2
2108,1,668260,1
2109,1,925280,2
2110,1,336890,2
2111,1,87510,1
2112,1,422580,1
2113,1,477450,1
2114,1,174710,1
2115,1,898140,2
2116,1,93550,1
2117,1,475800,2
2118,1,297990,1
2119,1,92420,1
2120,1,64310,1
2121,1,292900,2
2122,1,24480,1
2123,1,56770,1
2124,1,98570,2
2125,1,336450,2
2126,1,34850,2
2127,1,121490,2
2128,1,34850,2
2129,1,46270,2
2130,1,189530,1
2131,1,985800,1
2132,1,387700,1
2133,1,30100,2
2134,1,89340,2
2135,1,25170,2
2136,1,190460,2
2137,1,115740,1
2138,1,119890,2
2139,1,414470,1
2140,1,206730,2
2141,1,45520,2
2142,1,37520,2
2143,1,677010,2
2144,1,145210,2
2145,1,35400,1
2146,1,64750,2
2147,1,39720,1
2148,1,126590,1
2149,1,37120,2
2150,1,21350,1
2151,1,22770,2
2152,1,54400,2
2153,1,145500,1
2154,1,250850,2
2155,1,80040,2
2156,1,20870,1
2157,1,294390,2
2158,1,30240,2
2159,1,21840,1
2160,1,67820,1
2161,1,48740,2
2162,1,203750,1
2163,1,357860,1
2164,1,178420,1
2165,1,91720,2
2166,1,30500,2
2167,1,290450,2
2168,1,36180,1
2169,1,848520,2
2170,1,255640,2
2171,1,61150,1
2172,1,936170,1
2173,1,54200,2
2174,1,144560,1
2175,1,36930,2
2176,1,33170,2
2177,1,28450,1
2178,1,43810,2
2179,1,45460,1
2180,1,145890,1
2181,1,116680,1
2182,1,219380,1
2183,1,159260,2
2184,1,56240,1
2185,1,709070,2
2186,1,574170,1
2187,1,921820,2
2188,1,471330,2
2189,1,520620,2
2190,1,24200,1
2191,1,23980,2
2192,1,844450,1
2193,1,161540,2
2194,1,866190,1
2195,1,33680,1
2196,1,139450,2
2197,1,54060,1
2198,1,23910,2
2199,1,44890,2
2200,1,432480,1
2201,1,933600,2
2202,1,38080,1
2203,1,48580,1
2204,1,142730,1
2205,1,40740,1
2206,1,328950,2
2207,1,254910,2
2208,1,602250,2
2209,1,34160,1
2210,1,704970,2
2211,1,32950,1
2212,1,617450,2
2213,1,118170,2
2214,1,177470,2
2215,1,34990,1
2216,1,25240,1
2217,1,691510,2
2218,1,110020,2
2219,1,49350,2
2220,1,43030,1
2221,1,222960,1
2222,1,102970,1
2223,1,29960,1
2224,1,25130,1
2225,1,120420,1
2226,1,87370,2
2227,1,851580,2
2228,1,41910,1
2229,1,127490,1
2230,1,20390,1
2231,1,145080,2
2232,1,165860,2
2233,1,569010,1
2234,1,29940,1
2235,1,740110,1
2236,1,665640,2
2237,1,824750,2
2238,1,102410,1
2239,1,590960,2
2240,1,146060,1
2241,1,61230,1
2242,1,45390,2
2243,1,414740,2
2244,1,30380,1
2245,1,38140,1
2246,1,95290,2
2247,1,149520,1
2248,1,651020,2
2249,1,103570,1
2250,1,154420,2
2251,1,81310,1
2252,1,48480,1
2253,1,57050,1
2254,1,23080,1
2255,1,39090,1
2256,1,74110,1
2257,1,254240,2
2258,1,81800,2
2259,1,21670,2
2260,1,27020,1
2261,1,105900,2
2262,1,22350,2
2263,1,265660,2
2264,1,31390,1
2265,1,242890,1
2266,1,186350,2
2267,1,276640,2
2268,1,116060,2
2269,1,180290,1
2270,1,375380,1
2271,1,161070,2
2272,1,61340,1
2273,1,30730,1
2274,1,419760,1
2275,1,102830,2
2276,1,182810,2
2277,1,20840,2
2278,1,88480,2
2279,1,21370,1
2280,1,812200,1
2281,1,36210,1
2282,1,114880,1
2283,1,56670,1
2284,1,334860,2
2285,1,33260,1
2286,1,111130,1
2287,1,21940,2
2288,1,897250,1
2289,1,61650,2
2290,1,867970,2
2291,1,548370,1
2292,1,807960,2
2293,1,44380,1
2294,1,59800,1
2295,1,26290,1
2296,1,412460,2
2297,1,54650,1
2298,1,245820,1
2299,1,472310,2
2300,1,201520,2
2301,1,170030,1
2302,1,720180,1
2303,1,240410,1
2304,1,407900,2
2305,1,66650,1
2306,1,854460,2
2307,1,527980,2
2308,1,23920,1
2309,1,37250,1
2310,1,258240,1
2311,1,195510,2
2312,1,62160,1
2313,1,74770,1
2314,1,28030,1
2315,1,22600,1
2316,1,147540,2
2317,1,38350,1
2318,1,485180,2
2319,1,88930,1
2320,1,28530,2
2321,1,609810,2
2322,1,464480,2
2323,1,51540,1
2324,1,517930,1
2325,1,216680,2
2326,1,28410,2
2327,1,750130,2
2328,1,37730,1
2329,1,186030,2
2330,1,275250,1
2331,1,29100,1
2332,1,20350,2
2333,1,27930,1
2334,1,23070,1
2335,1,27680,1
2336,1,113290,2
2337,1,30220,1
2338,1,48930,1
2339,1,93410,1
2340,1,55840,2
2341,1,433200,2
2342,1,96920,1
2343,1,20550,1
2344,1,28070,1
2345,1,39730,2
2346,1,837800,1
2347,1,150210,1
2348,1,39330,2
2349,1,48180,1
2350,1,472760,2
2351,1,180370,1
2352,1,34730,1
2353,1,104480,1
2354,1,69780,1
2355,1,375500,2
2356,1,234540,2
2357,1,29460,2
2358,1,130870,2
2359,1,522960,2
2360,1,218820,2
2361,1,110730,1
2362,1,909890,2
2363,1,683090,1
2364,1,226680,1
2365,1,175560,1
2366,1,180180,1
2367,1,57960,1
2368,1,122390,2
2369,1,31240,1
2370,1,136180,1
2371,1,194250,1
2372,1,910120,2
2373,1,32240,1
2374,1,64810,1
2375,1,78620,1
2376,1,130340,2
2377,1,20000,2
2378,1,25480,2
2379,1,177480,1
2380,1,29410,1
2381,1,107610,2
2382,1,63730,1
2383,1,49490,1
2384,1,31380,1
2385,1,23110,2
2386,1,368540,1
2387,1,372990,1
2388,1,36100,1
2389,1,480150,2
2390,1,58870,1
2391,1,298370,1
2392,1,239820,1
2393,1,234190,2
2394,1,25820,1
2395,1,50130,1
2396,1,317250,1
2397,1,20870,1
2398,1,143490,1
2399,1,21740,2
2400,1,105440,1
2401,1,208040,1
2402,1,187550,1
2403,1,607140,2
2404,1,316890,2
2405,1,31060,1
2406,1,78050,1
2407,1,23780,1
2408,1,36400,1
2409,1,31450,1
2410,1,107270,1
2411,1,237910,1
2412,1,22680,1
2413,1,85980,1
2414,1,137420,1
2415,1,24390,1
2416,1,453780,2
2417,1,30720,2
2418,1,220370,1
2419,1,96870,2
2420,1,23680,1
2421,1,453350,2
2422,1,32910,1
2423,1,73810,1
2424,1,258170,2
2425,1,26010,1
2426,1,671230,1
2427,1,133080,1
2428,1,38950,2
2429,1,38950,2
2430,1,21620,2
2431,1,33660,1
2432,1,348250,1
2433,1,173770,2
2434,1,857990,2
2435,1,26350,1
2436,1,83220,2
2437,1,32800,1
2438,1,32850,2
2439,1,254190,1
2440,1,51490,1
2441,1,117220,1
2442,1,319640,1
2443,1,161820,1
2444,1,63350,1
2445,1,187520,1
2446,1,34600,1
2447,1,44550,1
2448,1,233220,2
2449,1,27700,2
2450,1,111590,2
2451,1,100340,1
2452,1,23770,2
2453,1,49470,1
2454,1,118070,1
2455,1,52880,1
2456,1,29260,1
2457,1,224630,2
2458,1,181080,1
2459,1,26210,1
2460,1,116010,1
2461,1,334510,1
2462,1,27390,1
2463,1,64290,1
2464,1,514750,2
2465,1,901210,2
2466,1,173400,1
2467,1,77340,2
2468,1,49580,1
2469,1,941000,1
2470,1,180350,2
2471,1,823770,1
2472,1,759210,2
2473,1,34120,1
2474,1,23480,2
2475,1,324370,1
2476,1,919750,1
2477,1,20030,1
2478,1,503740,2
2479,1,29520,1
2480,1,93740,2
2481,1,94180,1
2482,1,37540,2
2483,1,112830,2
2484,1,156160,1
2485,1,113960,2
2486,1,27190,1
2487,1,75690,2
2488,1,209450,1
2489,1,59980,1
2490,1,238890,1
2491,1,184910,2
2492,1,35700,1
2493,1,412250,2
2494,1,67190,1
2495,1,543210,1
2496,1,73840,2
2497,1,21660,2
2498,1,741810,2
2499,1,97120,2
2500,1,26270,1
2501,1,721700,2
2502,1,82030,2
2503,1,403800,1
2504,1,29660,1
2505,1,22270,1
2506,1,99730,1
2507,1,23950,1
2508,1,54830,2
2509,1,665230,2
2510,1,72770,1
2511,1,471250,2
2512,1,894810,2
2513,1,27880,2
2514,1,277260,2
2515,1,104320,2
2516,1,113570,2
2517,1,50670,1
2518,1,24990,2
2519,1,36000,1
2520,1,267850,1
2521,1,20270,1
2522,1,530590,1
2523,1,152560,2
2524,1,20760,2
2525,1,320620,1
2526,1,63220,2
2527,1,28340,2
2528,1,54950,1
2529,1,34950,2
2530,1,34250,1
2531,1,64490,1
2532,1,763310,2
2533,1,114740,1
2534,1,75150,1
2535,1,977310,2
2536,1,126380,1
2537,1,95170,2
2538,1,444830,2
2539,1,70170,1
2540,1,23120,2
2541,1,670340,2
2542,1,683690,1
2543,1,297720,2
2544,1,347710,2
2545,1,238170,1
2546,1,574520,1
2547,1,148290,1
2548,1,91960,1
2549,1,97460,2
2550,1,49960,1
2551,1,38330,1
2552,1,469980,2
2553,1,39440,1
2554,1,802160,2
2555,1,169980,2
2556,1,22570,1
2557,1,188830,1
2558,1,801650,1
2559,1,34570,2
2560,1,484540,1
2561,1,34340,2
2562,1,93910,2
2563,1,106480,2
2564,1,310700,1
2565,1,450000,2
2566,1,400580,2
2567,1,118370,2
2568,1,46470,2
2569,1,103390,2
2570,1,21560,2
2571,1,122670,2
2572,1,52540,1
2573,1,22480,1
2574,1,49690,1
2575,1,936870,2
2576,1,45070,1
2577,1,255340,2
2578,1,483350,2
2579,1,164030,1
2580,1,25500,1
2581,1,22750,1
2582,1,284720,1
2583,1,28260,2
2584,1,532960,1
2585,1,46810,1
2586,1,246130,1
2587,1,52110,1
2588,1,788380,1
2589,1,103600,2
2590,1,43580,2
2591,1,85690,1
2592,1,389790,2
2593,1,81450,2
2594,1,526740,2
2595,1,151820,1
2596,1,398980,1
2597,1,204610,1
2598,1,60770,1
2599,1,68790,2
2600,1,25790,1
2601,1,114320,1
2602,1,49100,2
2603,1,40810,1
2604,1,80250,1
2605,1,43520,1
2606,1,556280,2
2607,1,552050,2
2608,1,148820,1
2609,1,77850,1
2610,1,795420,2
2611,1,101450,1
2612,1,86230,1
2613,1,224400,1
2614,1,554640,1
2615,1,68040,1
2616,1,68470,1
2617,1,196770,1
2618,1,418390,1
2619,1,54420,1
2620,1,857050,1
2621,1,85000,1
2622,1,34240,1
2623,1,32660,1
2624,1,110660,1
2625,1,31980,1
2626,1,38790,1
2627,1,28430,2
2628,1,64360,2
2629,1,186390,1
2630,1,133900,1
2631,1,20210,1
2632,1,707250,1
2633,1,439260,2
2634,1,63510,1
2635,1,233270,1
2636,1,62590,1
2637,1,50090,2
2638,1,251300,1
2639,1,671880,2
2640,1,409870,2
2641,1,27120,1
2642,1,21600,1
2643,1,116860,1
2644,1,25580,1
2645,1,180240,1
2646,1,217440,2
2647,1,78250,1
2648,1,45070,2
2649,1,50670,1
2650,1,34470,1
2651,1,150850,1
2652,1,73630,2
2653,1,905170,1
2654,1,200960,2
2655,1,448690,2
2656,1,169250,2
2657,1,598950,1
2658,1,131580,1
2659,1,80470,2
2660,1,61250,1
2661,1,20160,1
2662,1,311060,1
2663,1,328780,1
2664,1,219470,1
2665,1,998680,2
2666,1,28320,1
2667,1,35510,1
2668,1,33590,1
2669,1,26190,2
2670,1,479640,1
2671,1,21060,2
2672,1,70480,2
2673,1,587770,1
2674,1,827710,1
2675,1,32790,1
2676,1,28190,1
2677,1,26700,1
2678,1,115900,1
2679,1,65260,1
2680,1,101850,1
2681,1,465590,2
2682,1,57060,1
2683,1,48070,1
2684,1,56210,2
2685,1,51100,2
2686,1,32060,1
2687,1,58270,1
2688,1,167330,1
2689,1,21610,1
2690,1,782520,1
2691,1,37660,1
2692,1,238300,2
2693,1,45040,2
2694,1,22310,1
2695,1,57370,1
2696,1,318540,1
2697,1,61710,1
2698,1,210120,2
2699,1,46020,1
2700,1,43080,1
2701,1,25730,1
2702,1,47580,1
2703,1,450810,1
2704,1,115460,2
2705,1,94280,1
2706,1,110140,1
2707,1,70900,2
2708,1,88450,1
2709,1,27410,1
2710,1,281340,1
2711,1,503520,1
2712,1,723760,1
2713,1,147570,1
2714,1,78790,2
2715,1,52680,1
2716,1,67470,1
2717,1,318830,2
2718,1,267070,2
2719,1,841510,2
2720,1,920620,2
2721,1,31580,1
2722,1,165060,1
2723,1,101140,1
2724,1,89280,2
2725,1,49830,1
2726,1,43530,2
2727,1,25470,1
2728,1,24580,1
2729,1,82950,1
2730,1,32500,2
2731,1,757900,2
2732,1,38430,1
2733,1,20690,2
2734,1,88810,1
2735,1,406960,1
2736,1,61640,2
2737,1,43430,2
2738,1,79360,1
2739,1,95880,2
2740,1,327660,1
2741,1,252250,1
2742,1,60230,1
2743,1,77940,1
2744,1,29580,2
2745,1,267730,2
2746,1,31800,1
2747,1,56810,2
2748,1,135470,1
2749,1,95530,1
2750,1,243250,2
2751,1,68590,1
2752,1,71470,1
2753,1,46840,1
2754,1,146500,1
2755,1,32130,2
2756,1,245620,1
2757,1,295340,2
2758,1,420330,2
2759,1,185550,1
2760,1,24470,1
2761,1,181170,1
2762,1,35610,1
2763,1,47220,2
2764,1,199840,1
2765,1,22130,2
2766,1,29620,1
2767,1,27760,1
2768,1,449010,2
2769,1,123500,2
2770,1,25890,2
2771,1,68400,1
2772,1,68410,2
2773,1,444280,2
2774,1,29260,1
2775,1,323550,2
2776,1,21990,1
2777,1,24130,1
2778,1,54960,1
2779,1,22400,2
2780,1,453820,2
2781,1,218130,1
2782,1,37500,1
2783,1,35030,2
2784,1,47910,2
2785,1,87510,1
2786,1,27360,1
2787,1,27930,2
2788,1,100980,2
2789,1,265330,2
2790,1,269800,1
2791,1,135470,2
2792,1,64620,2
2793,1,82980,2
2794,1,441240,1
2795,1,20600,1
2796,1,440610,2
2797,1,141920,1
2798,1,91950,1
2799,1,48000,2
2800,1,33670,2
2801,1,28430,1
2802,1,51270,1
2803,1,28930,1
2804,1,154320,1
2805,1,25610,1
2806,1,37990,1
2807,1,121020,1
2808,1,295490,2
2809,1,149070,2
2810,1,269770,2
2811,1,25430,2
2812,1,249660,1
2813,1,299130,2
2814,1,39690,1
2815,1,55550,2
2816,1,141600,1
2817,1,22280,2
2818,1,179620,2
2819,1,50270,1
2820,1,128080,1
2821,1,49200,2
2822,1,140650,2
2823,1,21850,1
2824,1,77450,2
2825,1,81680,1
2826,1,51710,1
2827,1,32290,1
2828,1,114760,2
2829,1,33960,1
2830,1,49760,1
2831,1,229500,2
2832,1,20240,2
2833,1,78500,1
2834,1,27030,2
2835,1,445870,2
2836,1,28610,1
2837,1,54390,2
2838,1,27320,1
2839,1,75710,2
2840,1,136780,1
2841,1,123610,1
2842,1,248020,1
2843,1,161310,1
2844,1,47730,1
2845,1,124690,2
2846,1,63870,2
2847,1,20850,1
2848,1,93620,1
2849,1,33050,2
2850,1,28930,2
2851,1,310780,2
2852,1,460460,1
2853,1,88470,2
2854,1,33060,1
2855,1,29410,1
2856,1,29060,1
2857,1,46230,1
2858,1,300050,2
2859,1,227620,2
2860,1,82790,1
2861,1,20610,1
2862,1,33980,1
2863,1,26310,1
2864,1,30200,1
2865,1,20020,2
2866,1,279220,2
2867,1,321330,2
2868,1,83750,2
2869,1,485280,2
2870,1,174240,1
2871,1,358290,1
2872,1,95750,2
2873,1,23850,1
2874,1,98950,1
2875,1,237040,1
2876,1,33810,1
2877,1,36420,2
2878,1,20900,2
2879,1,100440,1
2880,1,21330,1
2881,1,456990,2
2882,1,227400,2
2883,1,79340,1
2884,1,36880,1
2885,1,29840,1
2886,1,25470,2
2887,1,78280,1
2888,1,23570,1
2889,1,31510,2
2890,1,396230,1
2891,1,448720,2
2892,1,26700,1
2893,1,184840,1
2894,1,72630,2
2895,1,80110,1
2896,1,102590,1
2897,1,75810,2
2898,1,42880,2
2899,1,233020,1
2900,1,37710,1
2901,1,424490,2
2902,1,321880,1
2903,1,168780,1
2904,1,34810,1
2905,1,36670,1
2906,1,24340,1
2907,1,54490,2
2908,1,30060,1
2909,1,344230,1
2910,1,28060,1
2911,1,36040,1
2912,1,174060,1
2913,1,226820,2
2914,1,85640,1
2915,1,471190,2
2916,1,28090,2
2917,1,196740,1
2918,1,50320,1
2919,1,178670,2
2920,1,123750,1
2921,1,176580,1
2922,1,152650,2
2923,1,49350,1
2924,1,20190,2
2925,1,226280,1
2926,1,449740,2
2927,1,88600,1
2928,1,103120,2
2929,1,215440,2
2930,1,348990,1
2931,1,95500,1
2932,1,38270,1
2933,1,64440,1
2934,1,30510,2
2935,1,272890,2
2936,1,296740,2
2937,1,22900,1
2938,1,224340,2
2939,1,246970,2
2940,1,29860,1
2941,1,21120,1
2942,1,106790,1
2943,1,102380,1
2944,1,159310,2
2945,1,77080,1
2946,1,200420,1
2947,1,34680,1
2948,1,54460,1
2949,1,66250,1
2950,1,300180,2
2951,1,44290,2
2952,1,110870,1
2953,1,72230,1
2954,1,343140,1
2955,1,42440,2
2956,1,32940,1
2957,1,26300,1
2958,1,20260,2
2959,1,26450,1
2960,1,48510,1
2961,1,30780,1
2962,1,29110,1
2963,1,43510,2
2964,1,32700,1
2965,1,24060,1
2966,1,100040,2
2967,1,385260,1
2968,1,48090,1
2969,1,25050,2
2970,1,26840,2
2971,1,118720,1
2972,1,51000,2
2973,1,36150,2
2974,1,26040,2
2975,1,37880,1
2976,1,78480,1
2977,1,43810,1
2978,1,185020,2
2979,1,186550,2
2980,1,121170,2
2981,1,206530,1
2982,1,42810,1
2983,1,20010,2
2984,1,443010,2
2985,1,169010,1
2986,1,30170,2
2987,1,33950,2
2988,1,35470,1
2989,1,32820,1
2990,1,68100,1
2991,1,426710,1
2992,1,23070,1
2993,1,44140,2
2994,1,79530,1
2995,1,31450,1
2996,1,52980,1
2997,1,250960,2
2998,1,23700,1
2999,1,63080,1
3000,1,113010,1
3001,1,1000000,0
3002,1,69370,1
3003,1,731630,2
3004,1,1000000,0
3005,1,1000000,0
3006,1,1000000,2
3007,1,1000000,2
3008,1,722000,1
3009,1,28610,1
3010,1,42680,1
3011,1,29500,1
3012,1,503470,2
3013,1,71400,1
3014,1,395160,2
3015,1,254930,1
3016,1,39720,2
3017,1,20890,1
3018,1,563750,1
3019,1,363860,2
3020,1,51610,1
3021,1,39470,2
3022,1,560770,2
3023,1,32090,1
3024,1,29420,1
3025,1,24120,1
3026,1,20150,2
3027,1,38530,2
3028,1,25220,2
3029,1,33630,2
3030,1,38210,1
3031,1,376700,2
3032,1,32350,1
3033,1,34060,1
3034,1,95950,1
3035,1,238840,1
3036,1,506010,2
3037,1,40670,1
3038,1,31150,1
3039,1,28840,2
3040,1,288980,2
3041,1,81950,1
3042,1,249770,1
3043,1,26300,1
3044,1,51470,1
3045,1,58370,1
3046,1,456650,1
3047,1,262400,2
3048,1,941340,2
3049,1,25710,1
3050,1,40580,2
3051,1,39290,2
3052,1,127600,2
3053,1,108000,1
3054,1,59790,1
3055,1,258130,1
3056,1,124670,1
3057,1,105400,2
3058,1,29250,2
3059,1,30810,1
3060,1,945490,2
3061,1,322560,1
3062,1,91740,2
3063,1,21840,1
3064,1,244680,2
3065,1,97160,1
3066,1,129380,2
3067,1,138670,2
3068,1,403620,1
3069,1,613150,1
3070,1,24110,1
3071,1,30300,1
3072,1,738010,2
3073,1,39080,2
3074,1,70510,2
3075,1,106790,1
3076,1,489880,2
3077,1,242650,1
3078,1,261700,2
3079,1,544330,2
3080,1,35690,2
3081,1,73130,2
3082,1,222340,1
3083,1,64230,1
3084,1,45330,2
3085,1,233010,2
3086,1,42010,1
3087,1,38220,1
3088,1,65930,1
3089,1,60100,1
3090,1,409770,1
3091,1,33560,1
3092,1,547500,1
3093,1,58730,2
3094,1,143350,2
3095,1,47980,1
3096,1,49160,2
3097,1,21060,1
3098,1,225230,1
3099,1,458540,2
3100,1,33870,1
3101,1,26250,2
3102,1,20750,2
3103,1,305560,2
3104,1,23350,1
3105,1,41190,1
3106,1,72520,2
3107,1,72540,1
3108,1,140760,1
3109,1,27930,1
3110,1,73010,2
3111,1,563800,2
3112,1,392900,1
3113,1,82350,2
3114,1,42200,2
3115,1,782340,2
3116,1,28480,1
3117,1,691540,1
3118,1,680910,1
3119,1,272770,2
3120,1,21710,2
3121,1,65850,1
3122,1,145410,2
3123,1,113140,1
3124,1,41630,1
3125,1,66650,1
3126,1,37340,1
3127,1,70850,1
3128,1,77160,2
3129,1,51950,2
3130,1,538640,1
3131,1,52230,1
3132,1,326410,1
3133,1,762010,2
3134,1,39600,1
3135,1,526920,2
3136,1,34980,2
3137,1,33040,1
3138,1,525940,1
3139,1,193840,2
3140,1,21150,1
3141,1,47760,1
3142,1,93400,1
3143,1,50490,1
3144,1,31000,1
3145,1,23910,1
3146,1,46520,2
3147,1,154600,2
3148,1,831180,1
3149,1,390010,2
3150,1,23590,2
3151,1,48670,1
3152,1,122300,1
3153,1,225670,2
3154,1,182750,1
3155,1,102130,1
3156,1,115200,1
3157,1,24430,2
3158,1,37670,1
3159,1,26880,2
3160,1,54600,2
3161,1,27770,1
3162,1,218800,1
3163,1,276960,1
3164,1,46460,1
3165,1,36530,1
3166,1,78080,1
3167,1,360690,1
3168,1,125870,1
3169,1,214040,2
3170,1,119720,1
3171,1,865880,1
3172,1,41670,1
3173,1,74860,1
3174,1,33670,2
3175,1,27290,1
3176,1,91360,1
3177,1,40470,1
3178,1,92650,2
3179,1,22270,1
3180,1,48650,1
3181,1,819800,1
3182,1,49680,2
3183,1,201900,1
3184,1,48660,1
3185,1,159280,2
3186,1,360880,1
3187,1,540700,2
3188,1,381670,2
3189,1,338240,2
3190,1,421560,2
3191,1,685030,2
3192,1,452330,1
3193,1,589780,2
3194,1,24380,1
3195,1,23680,1
3196,1,29460,1
3197,1,913310,1
3198,1,74440,2
3199,1,97600,1
3200,1,98530,2
3201,1,66060,2
3202,1,169190,1
3203,1,317120,2
3204,1,25560,1
3205,1,62530,2
3206,1,814250,2
3207,1,346310,1
3208,1,74690,1
3209,1,184890,1
3210,1,467200,2
3211,1,70660,2
3212,1,137900,2
3213,1,21340,2
3214,1,45840,1
3215,1,27260,2
3216,1,64740,2
3217,1,126040,1
3218,1,547670,1
3219,1,148870,1
3220,1,294210,1
3221,1,117080,2
3222,1,269800,1
3223,1,790420,2
3224,1,22950,1
3225,1,206750,1
3226,1,200910,1
3227,1,440510,1
3228,1,28000,1
3229,1,44350,1
3230,1,775080,2
3231,1,96100,1
3232,1,21760,1
3233,1,78180,1
3234,1,73180,1
3235,1,144430,2
3236,1,247900,2
3237,1,35520,2
3238,1,129710,1
3239,1,87200,2
3240,1,246820,1
3241,1,73270,2
3242,1,27970,1
3243,1,234100,1
3244,1,696560,2
3245,1,769080,2
3246,1,211460,2
3247,1,157560,1
3248,1,528560,1
3249,1,571840,2
3250,1,36460,1
3251,1,23650,1
3252,1,70980,1
3253,1,56180,1
3254,1,28760,1
3255,1,695520,2
3256,1,293600,1
3257,1,21490,1
3258,1,626310,2
3259,1,252340,1
3260,1,85140,1
3261,1,316380,1
3262,1,80500,1
3263,1,41480,2
3264,1,630060,1
3265,1,144390,1
3266,1,20550,1
3267,1,37860,1
3268,1,108140,1
3269,1,38610,1
3270,1,46220,2
3271,1,167530,2
3272,1,84880,1
3273,1,57790,2
3274,1,59920,2
3275,1,958940,2
3276,1,429920,1
3277,1,208360,2
3278,1,74890,1
3279,1,139040,1
3280,1,944280,2
3281,1,26270,1
3282,1,384880,2
3283,1,387860,2
3284,1,179330,1
3285,1,58720,1
3286,1,122550,2
3287,1,26750,1
3288,1,946980,2
3289,1,145680,2
3290,1,63750,2
3291,1,21970,1
3292,1,248070,1
3293,1,50720,1
3294,1,30380,2
3295,1,85540,1
3296,1,23280,2
3297,1,205690,1
3298,1,614670,2
3299,1,288070,2
3300,1,20490,1
3301,1,497190,2
3302,1,45920,1
3303,1,36230,2
3304,1,48920,2
3305,1,887950,1
3306,1,118150,1
3307,1,482300,2
3308,1,60650,2
3309,1,604920,2
3310,1,28440,1
3311,1,202990,2
3312,1,33170,2
3313,1,144510,1
3314,1,89790,2
3315,1,56450,1
3316,1,71200,2
3317,1,134710,2
3318,1,129790,2
3319,1,237270,1
3320,1,433700,2
3321,1,141460,2
3322,1,70200,2
3323,1,401250,1
3324,1,85730,1
3325,1,451970,2
3326,1,21980,1
3327,1,943230,2
3328,1,536000,2
3329,1,323330,2
3330,1,21960,2
3331,1,43680,1
3332,1,42100,1
3333,1,127980,2
3334,1,611180,2
3335,1,35940,1
3336,1,24800,1
3337,1,188660,1
3338,1,327590,2
3339,1,30440,1
3340,1,29930,1
3341,1,198940,1
3342,1,78370,1
3343,1,809300,1
3344,1,74870,2
3345,1,22380,2
3346,1,89880,2
3347,1,702980,2
3348,1,73460,1
3349,1,87210,1
3350,1,24740,1
3351,1,81790,1
3352,1,455050,2
3353,1,177370,2
3354,1,42390,2
3355,1,44660,1
3356,1,141900,2
3357,1,24080,1
3358,1,112840,1
3359,1,29470,2
3360,1,21130,2
3361,1,26050,1
3362,1,30130,2
3363,1,42810,1
3364,1,21290,1
3365,1,25930,1
3366,1,213440,1
3367,1,918200,2
3368,1,827810,2
3369,1,841770,2
3370,1,228130,1
3371,1,45210,2
3372,1,479620,2
3373,1,33790,1
3374,1,104910,2
3375,1,28540,2
3376,1,212060,1
3377,1,816810,2
3378,1,59720,2
3379,1,38700,1
3380,1,109250,1
3381,1,419480,2
3382,1,20230,1
3383,1,436830,2
3384,1,26120,1
3385,1,21580,1
3386,1,268330,2
3387,1,843550,2
3388,1,326560,1
3389,1,26190,1
3390,1,263160,2
3391,1,71130,2
3392,1,21560,1
3393,1,991600,1
3394,1,219460,1
3395,1,470620,1
3396,1,59600,1
3397,1,66480,2
3398,1,24720,1
3399,1,136080,1
3400,1,169450,1
3401,1,210700,1
3402,1,33990,2
3403,1,22020,2
3404,1,333510,1
3405,1,108400,1
3406,1,38610,1
3407,1,28210,1
3408,1,102330,1
3409,1,147930,1
3410,1,417960,2
3411,1,23390,2
3412,1,140740,1
3413,1,76020,2
3414,1,593640,2
3415,1,330090,2
3416,1,79100,2
3417,1,40370,2
3418,1,66250,1
3419,1,24160,2
3420,1,211880,2
3421,1,632800,2
3422,1,23870,1
3423,1,92270,2
3424,1,41550,1
3425,1,637790,2
3426,1,20050,1
3427,1,918110,1
3428,1,29860,1
3429,1,118150,1
3430,1,65750,2
3431,1,92980,2
3432,1,43220,1
3433,1,52460,1
3434,1,181600,2
3435,1,34310,2
3436,1,972640,1
3437,1,91660,1
3438,1,23110,2
3439,1,21570,2
3440,1,436040,2
3441,1,353570,1
3442,1,44120,1
3443,1,22930,1
3444,1,21840,2
3445,1,27840,1
3446,1,346520,2
3447,1,34410,1
3448,1,231480,1
3449,1,70560,1
3450,1,800030,2
3451,1,27820,1
3452,1,732330,2
3453,1,237090,1
3454,1,89080,2
3455,1,352950,1
3456,1,485210,2
3457,1,41590,1
3458,1,71250,1
3459,1,167080,1
3460,1,138320,1
3461,1,78670,1
3462,1,904840,2
3463,1,65500,1
3464,1,89110,2
3465,1,66930,1
3466,1,58860,2
3467,1,541550,2
3468,1,105940,1
3469,1,445430,2
3470,1,36980,2
3471,1,30260,2
3472,1,48530,2
3473,1,33080,2
3474,1,61670,2
3475,1,829010,2
3476,1,111040,1
3477,1,518610,2
3478,1,189450,1
3479,1,60000,2
3480,1,138700,1
3481,1,26990,1
3482,1,25890,1
3483,1,184500,2
3484,1,979130,1
3485,1,505870,2
3486,1,101200,1
3487,1,548930,1
3488,1,873740,2
3489,1,485260,1
3490,1,48410,2
3491,1,156390,2
3492,1,129350,1
3493,1,600920,1
3494,1,32560,2
3495,1,229250,1
3496,1,33950,1
3497,1,425570,1
3498,1,46690,1
3499,1,26060,2
3500,1,335520,2
3501,1,26790,1
3502,1,948100,1
3503,1,21830,1
3504,1,36580,2
3505,1,138910,1
3506,1,53890,1
3507,1,20010,2
3508,1,252440,1
3509,1,259740,2
3510,1,442230,1
3511,1,20290,1
3512,1,56190,2
3513,1,329930,1
3514,1,36740,1
3515,1,155520,2
3516,1,33430,2
3517,1,167520,2
3518,1,31650,1
3519,1,101600,2
3520,1,61340,2
3521,1,136850,2
3522,1,939830,1
3523,1,58630,1
3524,1,70920,2
3525,1,685300,2
3526,1,305790,1
3527,1,260940,2
3528,1,33240,1
3529,1,112000,2
3530,1,72880,2
3531,1,78930,1
3532,1,50190,1
3533,1,32270,1
3534,1,31280,1
3535,1,23230,1
3536,1,59730,1
3537,1,28330,1
3538,1,26690,1
3539,1,229180,1
3540,1,30080,1
3541,1,74240,1
3542,1,216110,2
3543,1,338130,2
3544,1,976330,2
3545,1,137170,1
3546,1,474030,1
3547,1,910450,1
3548,1,756290,1
3549,1,58500,2
3550,1,22690,1
3551,1,24900,2
3552,1,925720,1
3553,1,126480,1
3554,1,184830,1
3555,1,202140,1
3556,1,735160,2
3557,1,43230,1
3558,1,55530,1
3559,1,25570,2
3560,1,72170,1
3561,1,21750,1
3562,1,401890,2
3563,1,396870,2
3564,1,83630,1
3565,1,265210,2
3566,1,377130,1
3567,1,740160,2
3568,1,49430,2
3569,1,168660,2
3570,1,276000,1
3571,1,445430,2
3572,1,756810,2
3573,1,542710,2
3574,1,35650,1
3575,1,95530,2
3576,1,94760,1
3577,1,228990,1
3578,1,52510,2
3579,1,102860,1
3580,1,25570,2
3581,1,73540,1
3582,1,130630,1
3583,1,399770,2
3584,1,43460,1
3585,1,56140,2
3586,1,804750,1
3587,1,85060,1
3588,1,468560,2
3589,1,20060,1
3590,1,440570,2
3591,1,124110,2
3592,1,21260,2
3593,1,86460,1
3594,1,22750,2
3595,1,752490,1
3596,1,289340,1
3597,1,93930,2
3598,1,177900,1
3599,1,217660,1
3600,1,987950,1
3601,1,27170,1
3602,1,986440,1
3603,1,216850,2
3604,1,23320,1
3605,1,126390,2
3606,1,269090,2
3607,1,78850,2
3608,1,265530,2
3609,1,173680,2
3610,1,34620,1
3611,1,35890,1
3612,1,25040,2
3613,1,21910,1
3614,1,661000,2
3615,1,131550,1
3616,1,83610,2
3617,1,901170,1
3618,1,22660,1
3619,1,58160,2
3620,1,775840,2
3621,1,205820,2
3622,1,52490,1
3623,1,30180,1
3624,1,36080,1
3625,1,95360,2
3626,1,59700,1
3627,1,88880,2
3628,1,119300,1
3629,1,22890,1
3630,1,96290,1
3631,1,26490,1
3632,1,123390,1
3633,1,886230,2
3634,1,51110,1
3635,1,378420,1
3636,1,103460,1
3637,1,245150,2
3638,1,108110,1
3639,1,422800,2
3640,1,180410,1
3641,1,741580,2
3642,1,332080,2
3643,1,350020,1
3644,1,140730,1
3645,1,34150,1
3646,1,306540,2
3647,1,428440,1
3648,1,49560,1
3649,1,20410,1
3650,1,309280,1
3651,1,55580,1
3652,1,112240,1
3653,1,202330,2
3654,1,750890,2
3655,1,24400,1
3656,1,68020,1
3657,1,26450,1
3658,1,748710,2
3659,1,162670,1
3660,1,20370,1
3661,1,46770,1
3662,1,900220,1
3663,1,66970,1
3664,1,104370,2
3665,1,524250,2
3666,1,42210,2
3667,1,146920,1
3668,1,503350,2
3669,1,395860,2
3670,1,56720,2
3671,1,143700,1
3672,1,812100,1
3673,1,281490,1
3674,1,40170,1
3675,1,961700,2
3676,1,22810,1
3677,1,201360,2
3678,1,777880,2
3679,1,833300,2
3680,1,126170,2
3681,1,87320,1
3682,1,38070,2
3683,1,70480,2
3684,1,27550,2
3685,1,54340,2
3686,1,90900,1
3687,1,50600,1
3688,1,93890,2
3689,1,27970,2
3690,1,465480,1
3691,1,249140,2
3692,1,71530,1
3693,1,33800,1
3694,1,498770,2
3695,1,183750,2
3696,1,176750,2
3697,1,123270,1
3698,1,117420,2
3699,1,182900,2
3700,1,63080,1
3701,1,139180,2
3702,1,390850,1
3703,1,20700,1
3704,1,79780,2
3705,1,489840,2
3706,1,231130,2
3707,1,56680,1
3708,1,76980,2
3709,1,26930,1
3710,1,53390,1
3711,1,178270,1
3712,1,22260,1
3713,1,350490,1
3714,1,101000,1
3715,1,249280,2
3716,1,196510,1
3717,1,26800,2
3718,1,263850,1
3719,1,27600,2
3720,1,84510,1
3721,1,49520,2
3722,1,49050,1
3723,1,20420,1
3724,1,344060,2
3725,1,112830,1
3726,1,181360,1
3727,1,33780,1
3728,1,61300,2
3729,1,252980,2
3730,1,99660,1
3731,1,62320,1
3732,1,60970,1
3733,1,375310,1
3734,1,21170,1
3735,1,94110,1
3736,1,39400,1
3737,1,260740,1
3738,1,149620,1
3739,1,20550,2
3740,1,44290,2
3741,1,86770,2
3742,1,22740,2
3743,1,34200,2
3744,1,170500,1
3745,1,71120,2
3746,1,142450,2
3747,1,288330,2
3748,1,128330,2
3749,1,39440,1
3750,1,20960,1
3751,1,40650,2
3752,1,42240,2
3753,1,204000,1
3754,1,20990,2
3755,1,414100,2
3756,1,50470,1
3757,1,317510,2
3758,1,43610,1
3759,1,53780,2
3760,1,31400,1
3761,1,27150,2
3762,1,23380,2
3763,1,280590,2
3764,1,95140,2
3765,1,95110,2
3766,1,133510,2
3767,1,93190,1
3768,1,111300,2
3769,1,153680,1
3770,1,21760,1
3771,1,100540,2
3772,1,32490,1
3773,1,66760,1
3774,1,488970,1
3775,1,47500,2
3776,1,270590,1
3777,1,312060,2
3778,1,21290,2
3779,1,33330,1
3780,1,115670,1
3781,1,26870,1
3782,1,421580,2
3783,1,47110,1
3784,1,29480,2
3785,1,104410,1
3786,1,23940,2
3787,1,26770,2
3788,1,25340,1
3789,1,334180,1
3790,1,135180,1
3791,1,353310,2
3792,1,81750,1
3793,1,184200,1
3794,1,190710,1
3795,1,438930,2
3796,1,34560,1
3797,1,24150,1
3798,1,31200,1
3799,1,40550,1
3800,1,24060,2
3801,1,68310,2
3802,1,37590,1
3803,1,33680,1
3804,1,31220,1
3805,1,80140,1
3806,1,125190,1
3807,1,182570,1
3808,1,151980,1
3809,1,65690,1
3810,1,33500,1
3811,1,119540,1
3812,1,152780,1
3813,1,370100,2
3814,1,185020,2
3815,1,200800,1
3816,1,50780,2
3817,1,47280,2
3818,1,273860,1
3819,1,51360,1
3820,1,28790,1
3821,1,203270,2
3822,1,41890,1
3823,1,66420,2
3824,1,24800,1
3825,1,180830,1
3826,1,54950,2
3827,1,31190,2
3828,1,22060,1
3829,1,131530,1
3830,1,43480,2
3831,1,53330,2
3832,1,21210,1
3833,1,53570,1
3834,1,71700,2
3835,1,57520,1
3836,1,51520,2
3837,1,24260,1
3838,1,45400,1
3839,1,25150,2
3840,1,44550,1
3841,1,346550,1
3842,1,42040,1
3843,1,74890,1
3844,1,157800,2
3845,1,84890,2
3846,1,36690,2
3847,1,21560,2
3848,1,40510,1
3849,1,35290,1
3850,1,47970,1
3851,1,56340,1
3852,1,34860,1
3853,1,126560,2
3854,1,50700,2
3855,1,143490,1
3856,1,376830,2
3857,1,153950,2
3858,1,161610,2
3859,1,422000,1
3860,1,52930,2
3861,1,403800,2
3862,1,37070,1
3863,1,23470,1
3864,1,20290,1
3865,1,430110,2
3866,1,83780,1
3867,1,413320,2
3868,1,54330,1
3869,1,167090,2
3870,1,56740,1
3871,1,190140,1
3872,1,453250,2
3873,1,59650,2
3874,1,431420,2
3875,1,80850,1
3876,1,40820,1
3877,1,33280,2
3878,1,20480,2
3879,1,37520,2
3880,1,72540,1
3881,1,388880,1
3882,1,84440,2
3883,1,186970,1
3884,1,338640,1
3885,1,37410,2
3886,1,86840,1
3887,1,81090,2
3888,1,36930,1
3889,1,32810,1
3890,1,52070,2
3891,1,20800,2
3892,1,41220,1
3893,1,440270,2
3894,1,22550,1
3895,1,28170,2
3896,1,24970,1
3897,1,33450,2
3898,1,113180,1
3899,1,81090,2
3900,1,321360,2
3901,1,151820,2
3902,1,88960,1
3903,1,140500,2
3904,1,266050,1
3905,1,48440,2
3906,1,114840,2
3907,1,42130,1
3908,1,24000,1
3909,1,24150,1
3910,1,21940,2
3911,1,268000,2
3912,1,254170,2
3913,1,30670,1
3914,1,22340,2
3915,1,28170,1
3916,1,127380,2
3917,1,296530,1
3918,1,25060,1
3919,1,199410,2
3920,1,72270,1
3921,1,73660,2
3922,1,380750,1
3923,1,82690,1
3924,1,20810,1
3925,1,422590,2
3926,1,92880,1
3927,1,132130,1
3928,1,20650,1
3929,1,82080,1
3930,1,81060,2
3931,1,176570,2
3932,1,108030,1
3933,1,248310,2
3934,1,31100,1
3935,1,59020,1
3936,1,69820,1
3937,1,431740,2
3938,1,130950,1
3939,1,37940,2
3940,1,95770,2
3941,1,26970,1
3942,1,25300,1
3943,1,46930,2
3944,1,24600,1
3945,1,20020,1
3946,1,20520,2
3947,1,62350,2
3948,1,104210,2
3949,1,23090,1
3950,1,52870,2
3951,1,39350,1
3952,1,113860,1
3953,1,231530,2
3954,1,30420,1
3955,1,26530,2
3956,1,74200,2
3957,1,111510,1
3958,1,46610,1
3959,1,158350,1
3960,1,196380,2
3961,1,29520,1
3962,1,21880,1
3963,1,427270,2
3964,1,40620,2
3965,1,69310,1
3966,1,20990,2
3967,1,142030,2
3968,1,39020,1
3969,1,229130,2
3970,1,79690,1
3971,1,178630,2
3972,1,273670,1
3973,1,20550,1
3974,1,164000,1
3975,1,87830,1
3976,1,176790,1
3977,1,21020,1
3978,1,47790,2
3979,1,29470,1
3980,1,119880,1
3981,1,404080,2
3982,1,32080,2
3983,1,280140,2
3984,1,30830,2
3985,1,62540,2
3986,1,24090,1
3987,1,22110,1
3988,1,77140,2
3989,1,95820,1
3990,1,206480,1
3991,1,164630,2
3992,1,185700,1
3993,1,239310,2
3994,1,87630,1
3995,1,65490,1
3996,1,219670,2
3997,1,40560,2
3998,1,54830,1
3999,1,103590,1
4000,1,407280,2
4001,1,37090,2
4002,1,255760,1
4003,1,1000000,2
4004,1,243760,2
4005,1,699900,2
4006,1,1000000,2
4007,1,1000000,2
4008,1,1000000,2
4009,1,504630,1
4010,1,1000000,2
4011,1,26200,1
4012,1,189900,1
4013,1,683340,2
4014,1,197430,1
4015,1,807910,1
4016,1,28680,2
4017,1,750080,2
4018,1,537590,2
4019,1,51490,2
4020,1,41850,1
4021,1,29230,1
4022,1,21790,2
4023,1,179520,1
4024,1,64560,1
4025,1,20650,1
4026,1,35750,1
4027,1,631370,2
4028,1,98430,1
4029,1,27150,1
4030,1,207580,2
4031,1,240780,1
4032,1,28720,1
4033,1,83570,2
4034,1,223540,2
4035,1,554460,2
4036,1,20070,1
4037,1,20230,1
4038,1,28020,1
4039,1,39590,2
4040,1,31900,1
4041,1,44860,1
4042,1,993520,2
4043,1,104370,2
4044,1,21640,1
4045,1,22400,1
4046,1,601460,2
4047,1,98660,1
4048,1,255300,2
4049,1,60300,2
4050,1,20040,1
4051,1,29430,1
4052,1,90570,1
4053,1,53690,1
4054,1,20470,1
4055,1,260620,1
4056,1,470090,2
4057,1,164080,1
4058,1,254020,1
4059,1,79250,2
4060,1,306760,1
4061,1,185020,2
4062,1,38130,1
4063,1,29860,2
4064,1,138190,2
4065,1,721290,2
4066,1,472520,1
4067,1,124580,2
4068,1,83400,2
4069,1,150080,2
4070,1,24620,2
4071,1,36650,2
4072,1,316680,1
4073,1,341170,1
4074,1,438210,2
4075,1,61660,1
4076,1,257260,1
4077,1,583070,1
4078,1,32180,1
4079,1,252440,1
4080,1,29970,1
4081,1,993570,2
4082,1,38460,1
4083,1,121050,1
4084,1,47980,2
4085,1,198350,2
4086,1,51120,2
4087,1,728120,1
4088,1,462980,2
4089,1,71960,1
4090,1,64140,1
4091,1,144780,1
4092,1,200390,1
4093,1,56410,1
4094,1,26870,2
4095,1,802120,1
4096,1,98430,2
4097,1,67600,1
4098,1,399920,1
4099,1,983440,2
4100,1,58330,2
4101,1,64260,2
4102,1,91080,1
4103,1,21110,1
4104,1,39050,2
4105,1,142680,2
4106,1,996430,1
4107,1,157120,1
4108,1,257720,1
4109,1,40630,1
4110,1,49930,1
4111,1,92820,1
4112,1,52490,1
4113,1,27520,1
4114,1,20840,1
4115,1,30980,1
4116,1,64680,1
4117,1,902560,2
4118,1,136620,1
4119,1,73800,2
4120,1,955690,2
4121,1,47480,2
4122,1,517730,2
4123,1,33660,2
4124,1,480030,2
4125,1,286930,2
4126,1,33240,2
4127,1,25180,1
4128,1,39700,1
4129,1,361400,1
4130,1,494430,2
4131,1,126720,1
4132,1,21220,1
4133,1,31630,1
4134,1,86640,2
4135,1,91570,1
4136,1,182200,2
4137,1,180640,2
4138,1,97400,2
4139,1,39070,1
4140,1,24070,1
4141,1,83120,2
4142,1,68520,1
4143,1,80370,2
4144,1,38360,1
4145,1,160440,2
4146,1,363450,1
4147,1,570540,2
4148,1,63930,2
4149,1,126240,2
4150,1,88540,1
4151,1,153170,1
4152,1,46120,1
4153,1,301970,2
4154,1,278390,2
4155,1,533680,2
4156,1,31990,2
4157,1,27380,1
4158,1,269130,2
4159,1,462930,2
4160,1,47450,2
4161,1,71760,1
4162,1,92360,2
4163,1,58290,2
4164,1,26460,1
4165,1,45900,2
4166,1,491860,1
4167,1,801550,1
4168,1,50890,1
4169,1,36190,2
4170,1,661830,2
4171,1,588710,2
4172,1,42620,1
4173,1,26490,2
4174,1,34110,1
4175,1,49720,1
4176,1,35790,1
4177,1,939500,1
4178,1,188890,2
4179,1,42530,1
4180,1,36200,1
4181,1,378650,2
4182,1,28000,2
4183,1,39490,2
4184,1,116280,2
4185,1,40140,1
4186,1,42070,2
4187,1,59000,1
4188,1,23980,1
4189,1,101160,1
4190,1,559580,2
4191,1,25390,2
4192,1,376930,2
4193,1,21050,1
4194,1,843650,2
4195,1,714050,1
4196,1,540000,2
4197,1,136580,2
4198,1,147580,1
4199,1,261840,1
4200,1,68290,1
4201,1,60160,2
4202,1,33490,2
4203,1,180560,2
4204,1,55410,2
4205,1,42640,1
4206,1,386620,2
4207,1,27090,1
4208,1,32370,1
4209,1,140030,1
4210,1,509970,1
4211,1,22430,1
4212,1,317900,1
4213,1,69260,2
4214,1,31840,1
4215,1,20070,1
4216,1,32650,2
4217,1,22590,1
4218,1,141940,1
4219,1,67930,1
4220,1,640210,1
4221,1,782840,2
4222,1,217040,1
4223,1,24390,1
4224,1,172840,2
4225,1,21640,1
4226,1,118090,1
4227,1,628910,2
4228,1,637070,1
4229,1,706760,1
4230,1,57510,1
4231,1,32310,2
4232,1,47180,2
4233,1,41000,2
4234,1,131210,1
4235,1,514930,2
4236,1,500730,2
4237,1,42910,1
4238,1,43700,1
4239,1,55950,2
4240,1,570740,2
4241,1,729860,2
4242,1,28360,1
4243,1,957400,1
4244,1,993460,2
4245,1,828600,2
4246,1,68610,1
4247,1,33520,1
4248,1,398570,2
4249,1,409720,2
4250,1,27190,2
4251,1,678110,1
4252,1,25700,2
4253,1,281160,2
4254,1,22900,1
4255,1,364010,1
4256,1,30620,2
4257,1,280150,1
4258,1,217030,2
4259,1,288490,1
4260,1,42880,1
4261,1,110830,1
4262,1,20290,1
4263,1,30860,1
4264,1,216630,2
4265,1,53460,1
4266,1,22000,2
4267,1,577620,1
4268,1,50410,1
4269,1,38190,1
4270,1,155620,2
4271,1,246820,1
4272,1,53270,2
4273,1,31940,1
4274,1,100680,2
4275,1,44720,2
4276,1,27350,2
4277,1,28340,2
4278,1,35870,2
4279,1,31240,1
4280,1,32860,2
4281,1,103380,1
4282,1,23560,1
4283,1,39660,1
4284,1,103990,2
4285,1,20620,1
4286,1,797560,2
4287,1,26010,1
4288,1,91360,1
4289,1,39210,1
4290,1,66350,2
4291,1,353280,2
4292,1,131410,1
4293,1,34980,1
4294,1,451960,2
4295,1,50860,1
4296,1,34970,1
4297,1,248680,1
4298,1,114210,1
4299,1,23340,1
4300,1,345240,1
4301,1,54940,1
4302,1,73860,1
4303,1,370630,1
4304,1,37830,2
4305,1,627860,2
4306,1,830900,2
4307,1,109850,1
4308,1,311380,2
4309,1,334710,1
4310,1,21520,1
4311,1,84310,2
4312,1,22910,1
4313,1,43360,1
4314,1,830220,1
4315,1,206390,1
4316,1,117940,2
4317,1,451980,2
4318,1,146800,1
4319,1,20760,1
4320,1,272940,2
4321,1,20970,2
4322,1,29560,2
4323,1,37610,2
4324,1,35920,2
4325,1,218750,2
4326,1,22690,1
4327,1,163010,2
4328,1,22180,2
4329,1,54370,1
4330,1,479210,2
4331,1,21860,1
4332,1,93910,1
4333,1,43950,2
4334,1,166050,2
4335,1,25950,1
4336,1,58730,1
4337,1,184460,1
4338,1,25030,1
4339,1,50340,1
4340,1,113230,2
4341,1,97910,2
4342,1,261530,2
4343,1,139430,1
4344,1,87200,1
4345,1,48600,2
4346,1,335120,1
4347,1,138190,1
4348,1,542660,1
4349,1,38610,1
4350,1,732030,1
4351,1,22220,1
4352,1,43810,1
4353,1,215910,1
4354,1,68940,2
4355,1,193360,2
4356,1,40530,1
4357,1,455030,1
4358,1,179160,2
4359,1,55940,2
4360,1,39060,2
4361,1,431980,2
4362,1,648650,1
4363,1,175090,1
4364,1,26940,2
4365,1,33540,1
4366,1,40900,2
4367,1,81750,2
4368,1,63850,1
4369,1,52220,2
4370,1,23960,1
4371,1,208650,1
4372,1,45870,1
4373,1,165090,1
4374,1,68260,1
4375,1,383420,2
4376,1,52130,2
4377,1,214460,1
4378,1,41100,1
4379,1,24000,1
4380,1,493160,1
4381,1,195010,1
4382,1,31890,1
4383,1,443380,2
4384,1,25800,1
4385,1,767880,1
4386,1,608950,2
4387,1,156200,2
4388,1,525740,1
4389,1,28140,1
4390,1,538500,2
4391,1,63230,1
4392,1,20650,2
4393,1,986570,2
4394,1,50020,2
4395,1,205180,1
4396,1,104230,2
4397,1,62280,2
4398,1,24240,1
4399,1,668280,2
4400,1,20250,1
4401,1,679280,2
4402,1,138910,1
4403,1,33230,1
4404,1,925510,1
4405,1,36550,1
4406,1,29040,2
4407,1,62750,1
4408,1,155710,2
4409,1,98510,1
4410,1,36060,1
4411,1,332350,2
4412,1,54530,1
4413,1,25570,2
4414,1,456540,2
4415,1,139210,1
4416,1,363530,2
4417,1,100240,1
4418,1,90470,2
4419,1,63370,1
4420,1,41530,1
4421,1,40000,1
4422,1,196980,2
4423,1,840700,2
4424,1,58150,1
4425,1,21460,2
4426,1,625980,2
4427,1,859090,2
4428,1,944500,1
4429,1,43180,2
4430,1,28970,2
4431,1,531510,1
4432,1,114390,2
4433,1,46700,2
4434,1,98180,2
4435,1,24990,1
4436,1,40640,1
4437,1,198050,2
4438,1,136100,2
4439,1,21390,1
4440,1,512120,1
4441,1,47720,2
4442,1,29930,1
4443,1,303490,2
4444,1,209190,2
4445,1,551400,2
4446,1,577750,2
4447,1,97100,2
4448,1,100230,1
4449,1,660500,2
4450,1,114560,1
4451,1,57150,1
4452,1,285500,2
4453,1,156550,2
4454,1,913790,1
4455,1,48570,2
4456,1,26940,1
4457,1,28620,2
4458,1,226270,2
4459,1,25570,2
4460,1,88030,2
4461,1,146970,2
4462,1,258370,2
4463,1,357540,1
4464,1,433040,1
4465,1,510870,2
4466,1,861540,2
4467,1,561870,1
4468,1,74070,1
4469,1,417140,2
4470,1,52600,2
4471,1,32870,1
4472,1,261210,1
4473,1,78900,2
4474,1,688380,2
4475,1,122740,1
4476,1,154580,2
4477,1,579650,1
4478,1,61120,2
4479,1,23020,1
4480,1,90430,2
4481,1,365710,2
4482,1,23090,2
4483,1,393260,1
4484,1,57310,1
4485,1,34530,1
4486,1,32920,1
4487,1,950280,1
4488,1,322930,2
4489,1,22230,1
4490,1,29950,1
4491,1,83830,1
4492,1,412050,2
4493,1,66670,2
4494,1,800070,2
4495,1,47680,2
4496,1,74650,1
4497,1,89060,1
4498,1,32840,2
4499,1,24390,1
4500,1,546160,2
4501,1,54510,1
4502,1,120170,1
4503,1,232240,2
4504,1,127480,2
4505,1,23040,1
4506,1,113140,2
4507,1,313910,2
4508,1,69800,1
4509,1,30490,1
4510,1,151280,1
4511,1,75180,1
4512,1,765440,2
4513,1,112220,1
4514,1,271550,1
4515,1,107630,1
4516,1,247170,2
4517,1,255800,1
4518,1,128830,1
4519,1,45900,1
4520,1,312250,2
4521,1,579250,2
4522,1,896310,2
4523,1,68270,2
4524,1,529500,2
4525,1,42580,1
4526,1,345130,1
4527,1,59470,1
4528,1,339080,1
4529,1,21590,1
4530,1,56190,1
4531,1,40160,2
4532,1,467590,2
4533,1,44360,2
4534,1,20590,1
4535,1,347580,2
4536,1,513860,1
4537,1,496500,2
4538,1,27920,1
4539,1,50770,2
4540,1,50670,1
4541,1,905950,1
4542,1,58860,2
4543,1,30400,2
4544,1,135600,2
4545,1,69370,1
4546,1,124120,1
4547,1,21400,2
4548,1,117470,1
4549,1,382220,2
4550,1,484930,2
4551,1,248580,2
4552,1,32590,2
4553,1,196800,1
4554,1,38300,1
4555,1,64450,1
4556,1,69500,2
4557,1,504850,1
4558,1,53810,1
4559,1,23880,2
4560,1,559940,2
4561,1,43060,2
4562,1,34790,1
4563,1,308890,1
4564,1,71600,1
4565,1,366980,2
4566,1,25150,2
4567,1,130160,2
4568,1,42040,2
4569,1,364230,1
4570,1,111450,1
4571,1,579210,1
4572,1,106930,2
4573,1,70840,1
4574,1,20800,1
4575,1,988400,2
4576,1,35850,2
4577,1,50660,2
4578,1,228050,1
4579,1,337400,2
4580,1,663800,1
4581,1,309620,2
4582,1,445620,2
4583,1,160140,1
4584,1,46910,2
4585,1,537700,1
4586,1,747490,2
4587,1,223920,1
4588,1,41030,1
4589,1,52230,1
4590,1,245500,1
4591,1,951270,2
4592,1,38490,1
4593,1,301280,2
4594,1,367110,2
4595,1,83250,2
4596,1,193470,2
4597,1,35380,2
4598,1,33490,1
4599,1,20700,1
4600,1,212910,1
4601,1,96620,1
4602,1,23800,1
4603,1,279630,1
4604,1,885720,1
4605,1,149730,1
4606,1,153960,2
4607,1,71390,1
4608,1,298780,1
4609,1,908450,2
4610,1,673980,1
4611,1,54600,1
4612,1,27340,2
4613,1,65410,2
4614,1,46830,1
4615,1,774130,2
4616,1,452800,1
4617,1,532910,1
4618,1,951530,2
4619,1,204230,1
4620,1,61650,1
4621,1,32430,1
4622,1,38500,1
4623,1,27130,1
4624,1,422290,1
4625,1,25000,1
4626,1,51180,2
4627,1,356230,2
4628,1,32080,1
4629,1,64560,1
4630,1,31790,1
4631,1,170180,2
4632,1,244130,2
4633,1,30850,1
4634,1,38950,2
4635,1,67900,1
4636,1,46360,1
4637,1,40030,2
4638,1,112080,2
4639,1,21020,1
4640,1,36280,2
4641,1,308430,2
4642,1,413690,1
4643,1,31050,2
4644,1,79560,1
4645,1,377580,1
4646,1,26570,1
4647,1,38350,1
4648,1,292620,2
4649,1,139890,1
4650,1,721380,1
4651,1,27060,1
4652,1,828310,2
4653,1,175950,1
4654,1,417910,1
4655,1,39240,1
4656,1,40130,1
4657,1,122090,2
4658,1,46570,2
4659,1,51400,1
4660,1,137460,1
4661,1,61740,1
4662,1,64850,1
4663,1,135540,1
4664,1,479140,2
4665,1,20470,1
4666,1,42820,2
4667,1,21190,2
4668,1,75220,1
4669,1,29760,1
4670,1,63880,2
4671,1,20110,1
4672,1,21380,1
4673,1,80240,1
4674,1,346830,2
4675,1,438020,1
4676,1,447990,1
4677,1,483290,2
4678,1,233590,2
4679,1,189780,2
4680,1,369840,1
4681,1,48720,1
4682,1,71420,1
4683,1,30390,1
4684,1,33330,1
4685,1,92660,1
4686,1,41220,2
4687,1,25240,1
4688,1,473050,2
4689,1,157910,2
4690,1,70500,2
4691,1,31840,1
4692,1,205880,2
4693,1,50590,2
4694,1,209420,1
4695,1,71170,2
4696,1,72050,2
4697,1,48410,1
4698,1,273200,2
4699,1,142090,1
4700,1,442740,1
4701,1,440340,2
4702,1,135900,2
4703,1,134230,1
4704,1,212060,1
4705,1,313410,1
4706,1,106810,1
4707,1,108220,2
4708,1,36640,2
4709,1,53080,1
4710,1,142430,1
4711,1,55750,2
4712,1,60310,1
4713,1,212940,1
4714,1,61030,1
4715,1,28270,1
4716,1,134470,1
4717,1,27060,1
4718,1,145600,1
4719,1,409880,2
4720,1,265610,1
4721,1,107200,2
4722,1,43300,2
4723,1,45250,1
4724,1,82300,2
4725,1,29960,1
4726,1,110270,2
4727,1,57200,1
4728,1,37940,2
4729,1,29430,1
4730,1,259300,1
4731,1,20070,1
4732,1,52490,1
4733,1,52430,1
4734,1,28860,1
4735,1,40880,2
4736,1,64200,1
4737,1,20480,1
4738,1,212340,1
4739,1,310790,1
4740,1,34480,1
4741,1,173160,2
4742,1,366540,2
4743,1,29150,2
4744,1,61150,1
4745,1,243800,1
4746,1,92780,1
4747,1,81610,1
4748,1,127660,2
4749,1,42670,1
4750,1,406060,1
4751,1,108510,1
4752,1,71760,1
4753,1,39130,2
4754,1,379280,1
4755,1,193070,1
4756,1,74310,1
4757,1,77780,2
4758,1,354930,1
4759,1,183900,1
4760,1,388800,1
4761,1,22930,1
4762,1,451760,2
4763,1,42190,1
4764,1,139030,1
4765,1,474850,2
4766,1,56030,1
4767,1,63440,1
4768,1,42660,1
4769,1,45780,2
4770,1,28690,1
4771,1,417530,2
4772,1,150650,1
4773,1,39790,1
4774,1,21880,2
4775,1,404910,2
4776,1,59050,1
4777,1,24110,2
4778,1,55310,1
4779,1,108880,1
4780,1,88450,2
4781,1,215380,1
4782,1,29480,1
4783,1,267370,2
4784,1,44560,1
4785,1,23030,1
4786,1,305820,1
4787,1,29450,2
4788,1,52260,2
4789,1,23340,1
4790,1,20930,1
4791,1,22920,2
4792,1,207730,2
4793,1,163760,2
4794,1,71840,1
4795,1,333490,2
4796,1,159310,1
4797,1,336320,1
4798,1,41050,1
4799,1,26740,2
4800,1,25240,1
4801,1,67860,2
4802,1,318920,1
4803,1,23680,1
4804,1,458370,1
4805,1,411610,2
4806,1,56890,2
4807,1,43230,1
4808,1,48700,2
4809,1,118920,1
4810,1,168340,2
4811,1,78290,1
4812,1,196120,2
4813,1,423070,2
4814,1,76440,2
4815,1,99240,1
4816,1,134190,2
4817,1,272790,1
4818,1,216720,2
4819,1,26980,1
4820,1,24610,1
4821,1,441640,1
4822,1,41480,1
4823,1,63400,1
4824,1,257710,2
4825,1,93070,2
4826,1,41250,2
4827,1,317280,1
4828,1,33340,1
4829,1,131270,2
4830,1,77850,2
4831,1,56050,1
4832,1,73560,2
4833,1,83360,1
4834,1,25310,1
4835,1,236270,1
4836,1,21520,1
4837,1,219700,2
4838,1,173640,1
4839,1,102290,1
4840,1,43960,2
4841,1,38910,2
4842,1,48360,1
4843,1,91200,2
4844,1,32880,1
4845,1,125470,1
4846,1,51510,1
4847,1,330540,2
4848,1,230390,1
4849,1,93410,1
4850,1,53150,1
4851,1,22920,1
4852,1,289710,2
4853,1,111950,1
4854,1,24530,1
4855,1,54540,2
4856,1,68980,1
4857,1,460090,1
4858,1,21230,1
4859,1,321070,1
4860,1,41210,1
4861,1,218730,1
4862,1,81120,1
4863,1,38490,2
4864,1,128340,2
4865,1,350110,2
4866,1,310010,1
4867,1,21410,1
4868,1,89480,2
4869,1,345000,1
4870,1,21360,1
4871,1,82890,2
4872,1,73570,2
4873,1,305750,1
4874,1,102600,1
4875,1,53980,1
4876,1,79480,1
4877,1,70810,2
4878,1,91170,2
4879,1,180700,2
4880,1,132270,1
4881,1,48880,1
4882,1,273510,2
4883,1,42230,1
4884,1,380840,1
4885,1,202790,2
4886,1,372010,1
4887,1,334460,1
4888,1,20970,1
4889,1,182270,2
4890,1,126680,1
4891,1,21240,1
4892,1,54780,1
4893,1,85280,1
4894,1,64610,2
4895,1,185530,2
4896,1,170690,2
4897,1,253890,1
4898,1,44500,1
4899,1,46310,2
4900,1,51670,2
4901,1,24980,1
4902,1,123570,2
4903,1,105370,1
4904,1,254860,1
4905,1,38190,1
4906,1,39010,1
4907,1,49770,2
4908,1,50650,1
4909,1,35760,2
4910,1,323350,2
4911,1,30980,2
4912,1,153890,2
4913,1,47140,1
4914,1,204520,1
4915,1,47200,2
4916,1,351390,1
4917,1,29350,2
4918,1,71160,1
4919,1,485280,1
4920,1,192630,2
4921,1,88800,1
4922,1,44210,2
4923,1,282570,2
4924,1,43880,1
4925,1,237260,2
4926,1,28220,1
4927,1,102070,1
4928,1,30380,1
4929,1,90700,1
4930,1,61390,2
4931,1,87390,2
4932,1,289520,1
4933,1,311150,1
4934,1,69460,2
4935,1,36960,2
4936,1,78630,1
4937,1,51280,2
4938,1,411470,2
4939,1,150590,2
4940,1,68550,1
4941,1,476820,1
4942,1,49100,1
4943,1,51510,1
4944,1,358060,2
4945,1,34080,1
4946,1,447090,1
4947,1,322160,2
4948,1,56560,1
4949,1,21810,2
4950,1,71180,2
4951,1,32160,1
4952,1,134310,1
4953,1,23480,1
4954,1,127340,1
4955,1,32460,1
4956,1,80420,1
4957,1,50340,1
4958,1,30540,1
4959,1,67470,1
4960,1,189220,1
4961,1,46270,2
4962,1,21260,1
4963,1,28580,1
4964,1,22910,2
4965,1,43570,2
4966,1,74660,1
4967,1,29980,2
4968,1,21040,1
4969,1,43610,2
4970,1,25710,1
4971,1,66740,1
4972,1,105040,1
4973,1,23410,1
4974,1,38110,1
4975,1,34410,1
4976,1,56450,1
4977,1,51690,1
4978,1,42030,1
4979,1,68590,2
4980,1,23990,1
4981,1,48940,2
4982,1,20140,1
4983,1,134260,1
4984,1,50980,2
4985,1,46280,1
4986,1,172520,2
4987,1,168650,2
4988,1,37580,1
4989,1,20820,1
4990,1,94890,1
4991,1,84960,2
4992,1,21470,1
4993,1,22210,1
4994,1,75160,1
4995,1,41890,2
4996,1,63310,1
4997,1,20150,1
4998,1,20040,1
4999,1,32510,1
5000,1,30950,1
5001,1,24960,1
5002,1,33610,2
5003,1,30360,1
5004,1,39120,2
5005,1,959550,2
5006,1,1000000,2
5007,1,1000000,2
5008,1,724600,2
5009,1,1000000,0
5010,1,149730,1
5011,1,65280,2
5012,1,270450,2
5013,1,25190,1
5014,1,1000000,1
5015,1,1000000,0
5016,1,31690,2
5017,1,37030,1
5018,1,946590,2
5019,1,30630,2
5020,1,967300,1
5021,1,49640,1
5022,1,22750,1
5023,1,20770,1
5024,1,179630,1
5025,1,20370,1
5026,1,178370,1
5027,1,150300,2
5028,1,172330,2
5029,1,110450,2
5030,1,147100,2
5031,1,250740,2
5032,1,179770,2
5033,1,52800,1
5034,1,30350,1
5035,1,36190,1
5036,1,216700,1
5037,1,185840,1
5038,1,23200,2
5039,1,126600,2
5040,1,66270,1
5041,1,828700,2
5042,1,191320,1
5043,1,653380,2
5044,1,51480,2
5045,1,101580,2
5046,1,377800,1
5047,1,56640,1
5048,1,233570,2
5049,1,311360,2
5050,1,24330,1
5051,1,44910,2
5052,1,707970,2
5053,1,36220,1
5054,1,931800,2
5055,1,29550,2
5056,1,217220,1
5057,1,436890,2
5058,1,126870,1
5059,1,85890,2
5060,1,21450,2
5061,1,114320,1
5062,1,195060,1
5063,1,66990,1
5064,1,135790,1
5065,1,183280,2
5066,1,23140,1
5067,1,417880,1
5068,1,152350,1
5069,1,278220,2
5070,1,31410,1
5071,1,28010,1
5072,1,79150,1
5073,1,49440,1
5074,1,21580,1
5075,1,21370,1
5076,1,617260,2
5077,1,544470,2
5078,1,262700,1
5079,1,215060,1
5080,1,66040,1
5081,1,615240,1
5082,1,614780,2
5083,1,74110,1
5084,1,108390,1
5085,1,383620,2
5086,1,29170,1
5087,1,23470,1
5088,1,242980,2
5089,1,724490,2
5090,1,135790,2
5091,1,91120,2
5092,1,276920,1
5093,1,126160,1
5094,1,20550,1
5095,1,36550,1
5096,1,29770,1
5097,1,55100,2
5098,1,803150,1
5099,1,34150,2
5100,1,776570,1
5101,1,26690,1
5102,1,529780,1
5103,1,36240,1
5104,1,55100,2
5105,1,198720,2
5106,1,105440,1
5107,1,26620,1
5108,1,924880,1
5109,1,463250,2
5110,1,791750,1
5111,1,50230,2
5112,1,125890,2
5113,1,33630,1
5114,1,44000,1
5115,1,21910,1
5116,1,81470,1
5117,1,648950,2
5118,1,59930,2
5119,1,399350,1
5120,1,169020,2
5121,1,43760,1
5122,1,991520,1
5123,1,534630,1
5124,1,493860,1
5125,1,197470,1
5126,1,945220,2
5127,1,486810,2
5128,1,81000,1
5129,1,55410,2
5130,1,567190,1
5131,1,536380,2
5132,1,317320,2
5133,1,62120,2
5134,1,509050,2
5135,1,79590,1
5136,1,852150,2
5137,1,902070,1
5138,1,104960,2
5139,1,108100,2
5140,1,35780,1
5141,1,210390,1
5142,1,103990,1
5143,1,20560,1
5144,1,84310,1
5145,1,24860,1
5146,1,230570,2
5147,1,71790,1
5148,1,350780,1
5149,1,22790,2
5150,1,155570,2
5151,1,63280,1
5152,1,41310,1
5153,1,47800,2
5154,1,508510,1
5155,1,124580,2
5156,1,88570,1
5157,1,35630,1
5158,1,103020,2
5159,1,256880,1
5160,1,390700,1
5161,1,114090,1
5162,1,363860,2
5163,1,56170,1
5164,1,32790,1
5165,1,754020,2
5166,1,75600,1
5167,1,568800,2
5168,1,628030,2
5169,1,21650,1
5170,1,22610,2
5171,1,405150,2
5172,1,216060,1
5173,1,103060,1
5174,1,113840,1
5175,1,57320,1
5176,1,32490,1
5177,1,42730,1
5178,1,306000,2
5179,1,60340,1
5180,1,415730,1
5181,1,547790,2
5182,1,182170,1
5183,1,407700,1
5184,1,35260,1
5185,1,249130,1
5186,1,45340,1
5187,1,83690,1
5188,1,24210,1
5189,1,28030,1
5190,1,49370,2
5191,1,196930,1
5192,1,22420,1
5193,1,570120,2
5194,1,35970,1
5195,1,33570,1
5196,1,221020,2
5197,1,88270,2
5198,1,84850,2
5199,1,682480,2
5200,1,983620,2
5201,1,46220,1
5202,1,22520,1
5203,1,32310,2
5204,1,22800,1
5205,1,110200,1
5206,1,956870,2
5207,1,320110,1
5208,1,528110,2
5209,1,20950,2
5210,1,59700,2
5211,1,238540,1
5212,1,399550,1
5213,1,41700,2
5214,1,809160,2
5215,1,442040,1
5216,1,46350,1
5217,1,86170,2
5218,1,25990,2
5219,1,193750,1
5220,1,36050,1
5221,1,34970,1
5222,1,34630,2
5223,1,102040,2
5224,1,48570,1
5225,1,30500,1
5226,1,54210,1
5227,1,130910,2
5228,1,76240,1
5229,1,54500,1
5230,1,27230,1
5231,1,871570,1
5232,1,28880,2
5233,1,22230,2
5234,1,68970,2
5235,1,21560,1
5236,1,189780,1
5237,1,53700,2
5238,1,27160,2
5239,1,43410,1
5240,1,68500,2
5241,1,36170,2
5242,1,88390,1
5243,1,238310,1
5244,1,20890,2
5245,1,533010,1
5246,1,21220,1
5247,1,888960,1
5248,1,310190,1
5249,1,89320,2
5250,1,930050,1
5251,1,44860,1
5252,1,49480,2
5253,1,370650,1
5254,1,918990,2
5255,1,431170,1
5256,1,984700,2
5257,1,367610,2
5258,1,87070,1
5259,1,23940,1
5260,1,975360,2
5261,1,95690,2
5262,1,315290,2
5263,1,22760,1
5264,1,78930,2
5265,1,47070,1
5266,1,55080,1
5267,1,130880,1
5268,1,916490,2
5269,1,694440,2
5270,1,22230,1
5271,1,294350,1
5272,1,315730,2
5273,1,701140,1
5274,1,22150,1
5275,1,20080,1
5276,1,65820,2
5277,1,166210,1
5278,1,82730,2
5279,1,311690,2
5280,1,480030,2
5281,1,311750,1
5282,1,918740,2
5283,1,903690,2
5284,1,262130,1
5285,1,42460,1
5286,1,25360,2
5287,1,27330,1
5288,1,126250,1
5289,1,22830,1
5290,1,145380,1
5291,1,264010,1
5292,1,236420,1
5293,1,173290,2
5294,1,799250,2
5295,1,77280,1
5296,1,32590,1
5297,1,325380,1
5298,1,110680,1
5299,1,42670,2
5300,1,25080,1
5301,1,47860,1
5302,1,453950,2
5303,1,29730,1
5304,1,374240,2
5305,1,52630,1
5306,1,36630,1
5307,1,88320,1
5308,1,314090,1
5309,1,904100,2
5310,1,30610,2
5311,1,231720,1
5312,1,423830,2
5313,1,291650,1
5314,1,158210,1
5315,1,26100,1
5316,1,162660,2
5317,1,272830,2
5318,1,240440,2
5319,1,106270,2
5320,1,525060,1
5321,1,595930,2
5322,1,865130,2
5323,1,223630,1
5324,1,58630,1
5325,1,778540,1
5326,1,37010,2
5327,1,20590,2
5328,1,211060,1
5329,1,49060,1
5330,1,178070,1
5331,1,32710,1
5332,1,31300,1
5333,1,47930,1
5334,1,528520,1
5335,1,463140,2
5336,1,713650,2
5337,1,455730,1
5338,1,31650,1
5339,1,193910,2
5340,1,60470,1
5341,1,40510,1
5342,1,106390,1
5343,1,52450,1
5344,1,34810,1
5345,1,79000,1
5346,1,65420,2
5347,1,393300,1
5348,1,875400,2
5349,1,54640,2
5350,1,20000,1
5351,1,161090,2
5352,1,548000,1
5353,1,293530,1
5354,1,328760,2
5355,1,751920,2
5356,1,50180,1
5357,1,381980,1
5358,1,151180,2
5359,1,45300,1
5360,1,53180,1
5361,1,32890,1
5362,1,162770,2
5363,1,101040,2
5364,1,300170,1
5365,1,22230,1
5366,1,25010,1
5367,1,227160,2
5368,1,133810,1
5369,1,96690,1
5370,1,600720,1
5371,1,211730,2
5372,1,22940,2
5373,1,439540,2
5374,1,546050,2
5375,1,53730,1
5376,1,75790,2
5377,1,101410,2
5378,1,435950,2
5379,1,945390,2
5380,1,447840,1
5381,1,140500,2
5382,1,25490,1
5383,1,180720,1
5384,1,32170,1
5385,1,731600,2
5386,1,59500,1
5387,1,299480,1
5388,1,33000,2
5389,1,29510,1
5390,1,28590,1
5391,1,26820,1
5392,1,618570,1
5393,1,35070,2
5394,1,48570,1
5395,1,113080,1
5396,1,149450,1
5397,1,164450,1
5398,1,30180,2
5399,1,81500,1
5400,1,125120,1
5401,1,335650,2
5402,1,490500,2
5403,1,28680,1
5404,1,807930,2
5405,1,89540,2
5406,1,531590,2
5407,1,44830,1
5408,1,50950,1
5409,1,548580,1
5410,1,159820,1
5411,1,485120,2
5412,1,36500,1
5413,1,43870,1
5414,1,149960,2
5415,1,835170,2
5416,1,66820,1
5417,1,20040,1
5418,1,25720,1
5419,1,290500,2
5420,1,409400,2
5421,1,962020,2
5422,1,137810,2
5423,1,793450,1
5424,1,206380,2
5425,1,83880,1
5426,1,43030,1
5427,1,286540,2
5428,1,237470,1
5429,1,36730,1
5430,1,115330,1
5431,1,36770,1
5432,1,64300,1
5433,1,38460,1
5434,1,144060,2
5435,1,24010,2
5436,1,531920,2
5437,1,20670,1
5438,1,98200,2
5439,1,107040,1
5440,1,21830,1
5441,1,136690,1
5442,1,242200,1
5443,1,44520,1
5444,1,185890,1
5445,1,358970,1
5446,1,151930,1
5447,1,959900,2
5448,1,211990,1
5449,1,268510,1
5450,1,404640,2
5451,1,625090,1
5452,1,227070,2
5453,1,102020,2
5454,1,27890,2
5455,1,36430,1
5456,1,46800,2
5457,1,455000,2
5458,1,76400,1
5459,1,40820,2
5460,1,86570,1
5461,1,590040,1
5462,1,130740,1
5463,1,661170,2
5464,1,25720,1
5465,1,37840,2
5466,1,20110,1
5467,1,177410,1
5468,1,430970,2
5469,1,33210,1
5470,1,21300,1
5471,1,534260,1
5472,1,50890,1
5473,1,144160,2
5474,1,98490,1
5475,1,21800,1
5476,1,26230,1
5477,1,25430,1
5478,1,20010,1
5479,1,44040,1
5480,1,634810,1
5481,1,239780,2
5482,1,22460,1
5483,1,776850,1
5484,1,67880,2
5485,1,67670,2
5486,1,497470,2
5487,1,62770,1
5488,1,49130,2
5489,1,62420,1
5490,1,468770,1
5491,1,612070,1
5492,1,20040,1
5493,1,36890,1
5494,1,20390,2
5495,1,48460,2
5496,1,44580,1
5497,1,276880,2
5498,1,34290,1
5499,1,217450,1
5500,1,22680,1
5501,1,45750,1
5502,1,670290,2
5503,1,84720,2
5504,1,644270,2
5505,1,581950,2
5506,1,98630,1
5507,1,171980,1
5508,1,27440,2
5509,1,240410,1
5510,1,837850,2
5511,1,614570,2
5512,1,26260,1
5513,1,924620,2
5514,1,35330,1
5515,1,58800,1
5516,1,158940,2
5517,1,58920,1
5518,1,66070,1
5519,1,629500,2
5520,1,69300,2
5521,1,281800,2
5522,1,27150,1
5523,1,32040,1
5524,1,200970,2
5525,1,22730,1
5526,1,556440,2
5527,1,688400,2
5528,1,997230,2
5529,1,54770,1
5530,1,133020,2
5531,1,45070,1
5532,1,40940,1
5533,1,117440,1
5534,1,140800,2
5535,1,589400,1
5536,1,92700,1
5537,1,26090,1
5538,1,45580,1
5539,1,110070,1
5540,1,203710,1
5541,1,173890,1
5542,1,95930,1
5543,1,29280,2
5544,1,296300,1
5545,1,749050,2
5546,1,68610,1
5547,1,373620,1
5548,1,22040,1
5549,1,85660,2
5550,1,99720,1
5551,1,38410,1
5552,1,303680,2
5553,1,560050,2
5554,1,32110,1
5555,1,33630,2
5556,1,322580,2
5557,1,43720,1
5558,1,31040,1
5559,1,81970,1
5560,1,73130,1
5561,1,748360,1
5562,1,133240,2
5563,1,271390,1
5564,1,445360,1
5565,1,79780,2
5566,1,46610,2
5567,1,40830,2
5568,1,108810,2
5569,1,406060,1
5570,1,33170,1
5571,1,49500,1
5572,1,25080,1
5573,1,499070,1
5574,1,86430,2
5575,1,28350,2
5576,1,98200,2
5577,1,26090,2
5578,1,245820,1
5579,1,35310,1
5580,1,599590,2
5581,1,503790,1
5582,1,708090,1
5583,1,297140,1
5584,1,359590,2
5585,1,222790,2
5586,1,105690,1
5587,1,772320,2
5588,1,54010,1
5589,1,22770,1
5590,1,163550,2
5591,1,32650,2
5592,1,855680,2
5593,1,265780,1
5594,1,61790,2
5595,1,108600,2
5596,1,122560,2
5597,1,32190,1
5598,1,116760,1
5599,1,60860,1
5600,1,195390,2
5601,1,419060,2
5602,1,79390,1
5603,1,51120,1
5604,1,338530,2
5605,1,126280,2
5606,1,53970,1
5607,1,85370,1
5608,1,66320,1
5609,1,76020,2
5610,1,35170,2
5611,1,93480,1
5612,1,70720,1
5613,1,76070,2
5614,1,152900,1
5615,1,143230,2
5616,1,20190,1
5617,1,55090,2
5618,1,387860,2
5619,1,152880,2
5620,1,65300,2
5621,1,117310,2
5622,1,28010,2
5623,1,62710,2
5624,1,197820,2
5625,1,44190,2
5626,1,36580,1
5627,1,41150,1
5628,1,22320,1
5629,1,459110,2
5630,1,214910,1
5631,1,38580,1
5632,1,410090,2
5633,1,28090,1
5634,1,247680,2
5635,1,229590,1
5636,1,23890,1
5637,1,42280,2
5638,1,240290,2
5639,1,257780,2
5640,1,77390,1
5641,1,64130,1
5642,1,34280,1
5643,1,260600,1
5644,1,25050,1
5645,1,117270,1
5646,1,183560,2
5647,1,22500,1
5648,1,27280,1
5649,1,28150,2
5650,1,390910,2
5651,1,77450,1
5652,1,167510,1
5653,1,96600,1
5654,1,44940,2
5655,1,125420,1
5656,1,78770,2
5657,1,129930,2
5658,1,182610,2
5659,1,292170,2
5660,1,212080,1
5661,1,73810,1
5662,1,281470,2
5663,1,22490,1
5664,1,44900,1
5665,1,127730,1
5666,1,156580,1
5667,1,31370,1
5668,1,53700,2
5669,1,177600,1
5670,1,183160,1
5671,1,474940,2
5672,1,44740,1
5673,1,25530,1
5674,1,24690,1
5675,1,411470,1
5676,1,39440,2
5677,1,30300,2
5678,1,42440,2
5679,1,20220,2
5680,1,46440,2
5681,1,469750,2
5682,1,92460,1
5683,1,50090,1
5684,1,90490,2
5685,1,313090,1
5686,1,94920,2
5687,1,50840,1
5688,1,220220,2
5689,1,42700,1
5690,1,145130,1
5691,1,153250,1
5692,1,40780,1
5693,1,47910,1
5694,1,137300,1
5695,1,113120,2
5696,1,227850,2
5697,1,467830,1
5698,1,69240,1
5699,1,117490,2
5700,1,30230,2
5701,1,21430,1
5702,1,43840,1
5703,1,23520,1
5704,1,205280,1
5705,1,42000,1
5706,1,61700,2
5707,1,29490,1
5708,1,34110,2
5709,1,20520,1
5710,1,21580,2
5711,1,23020,2
5712,1,145750,1
5713,1,24450,2
5714,1,32460,1
5715,1,23380,1
5716,1,26840,1
5717,1,36040,1
5718,1,99200,2
5719,1,336880,2
5720,1,380510,1
5721,1,108800,1
5722,1,43950,2
5723,1,486330,1
5724,1,127200,1
5725,1,392400,2
5726,1,197840,1
5727,1,75130,1
5728,1,25330,1
5729,1,92180,1
5730,1,58630,1
5731,1,280740,1
5732,1,20670,1
5733,1,255030,1
5734,1,26930,2
5735,1,61050,1
5736,1,197950,1
5737,1,261320,1
5738,1,188200,1
5739,1,52460,1
5740,1,116850,1
5741,1,51340,2
5742,1,95990,2
5743,1,121000,1
5744,1,23270,2
5745,1,24750,1
5746,1,26400,1
5747,1,99990,2
5748,1,306120,1
5749,1,25710,1
5750,1,421440,1
5751,1,111010,2
5752,1,49640,1
5753,1,75740,2
5754,1,27280,1
5755,1,23020,2
5756,1,49810,1
5757,1,361750,1
5758,1,21740,1
5759,1,27430,1
5760,1,57910,2
5761,1,48480,2
5762,1,334140,2
5763,1,86670,2
5764,1,105350,1
5765,1,85930,2
5766,1,77580,2
5767,1,93580,1
5768,1,30340,2
5769,1,50630,2
5770,1,462660,2
5771,1,410990,2
5772,1,37300,2
5773,1,191250,2
5774,1,38840,1
5775,1,221820,2
5776,1,26890,2
5777,1,25520,1
5778,1,274730,1
5779,1,29420,1
5780,1,64910,2
5781,1,167230,1
5782,1,21870,2
5783,1,101580,1
5784,1,133270,1
5785,1,94130,1
5786,1,151050,1
5787,1,81700,2
5788,1,21160,1
5789,1,30060,1
5790,1,138540,2
5791,1,95600,1
5792,1,25850,1
5793,1,30110,2
5794,1,25670,1
5795,1,21220,2
5796,1,244290,1
5797,1,41340,1
5798,1,141650,2
5799,1,246130,1
5800,1,23590,1
5801,1,63170,1
5802,1,261350,1
5803,1,35150,1
5804,1,28550,1
5805,1,23940,2
5806,1,273550,2
5807,1,21250,2
5808,1,28040,1
5809,1,72530,1
5810,1,64260,1
5811,1,26200,2
5812,1,73440,2
5813,1,286880,1
5814,1,24550,2
5815,1,120500,1
5816,1,288540,1
5817,1,153820,1
5818,1,37090,1
5819,1,147260,2
5820,1,264070,2
5821,1,60840,1
5822,1,42760,2
5823,1,42170,1
5824,1,43640,1
5825,1,88500,1
5826,1,124230,2
5827,1,37320,2
5828,1,121820,2
5829,1,181940,2
5830,1,276890,2
5831,1,63760,2
5832,1,166840,1
5833,1,137260,2
5834,1,88820,1
5835,1,33160,1
5836,1,24110,1
5837,1,33660,1
5838,1,50830,2
5839,1,189150,1
5840,1,408200,1
5841,1,158920,1
5842,1,27800,1
5843,1,32330,1
5844,1,134880,1
5845,1,104020,1
5846,1,226020,1
5847,1,102560,1
5848,1,185650,1
5849,1,57010,1
5850,1,79000,2
5851,1,110110,1
5852,1,414260,1
5853,1,22330,2
5854,1,38580,2
5855,1,271750,2
5856,1,21060,2
5857,1,167070,1
5858,1,42120,2
5859,1,79510,1
5860,1,330050,2
5861,1,79210,2
5862,1,89870,1
5863,1,162170,1
5864,1,477340,1
5865,1,42730,2
5866,1,126200,2
5867,1,54560,1
5868,1,83810,2
5869,1,412180,1
5870,1,195210,2
5871,1,21620,1
5872,1,63170,2
5873,1,20080,1
5874,1,37960,1
5875,1,340910,1
5876,1,63880,1
5877,1,64300,1
5878,1,22660,1
5879,1,67400,1
5880,1,28790,2
5881,1,400500,2
5882,1,32660,1
5883,1,64060,2
5884,1,334330,1
5885,1,214620,2
5886,1,277970,1
5887,1,35900,1
5888,1,65440,1
5889,1,44200,1
5890,1,58960,1
5891,1,95720,1
5892,1,71470,2
5893,1,41190,2
5894,1,25650,1
5895,1,47620,2
5896,1,26870,1
5897,1,484300,2
5898,1,168270,1
5899,1,164030,2
5900,1,377500,1
5901,1,88520,2
5902,1,226420,2
5903,1,163710,2
5904,1,108090,1
5905,1,42190,1
5906,1,134470,2
5907,1,137710,1
5908,1,88120,2
5909,1,78810,1
5910,1,54360,1
5911,1,50070,1
5912,1,51230,1
5913,1,22260,2
5914,1,332740,1
5915,1,87600,1
5916,1,129760,2
5917,1,355780,2
5918,1,67820,1
5919,1,128880,1
5920,1,87880,2
5921,1,135940,1
5922,1,190540,1
5923,1,36810,2
5924,1,233970,1
5925,1,57880,1
5926,1,36280,1
5927,1,20370,1
5928,1,176470,1
5929,1,24310,2
5930,1,214200,1
5931,1,34700,2
5932,1,104100,1
5933,1,67050,2
5934,1,80240,1
5935,1,238570,2
5936,1,381670,2
5937,1,155430,2
5938,1,28770,1
5939,1,66640,1
5940,1,46940,1
5941,1,20120,1
5942,1,71440,1
5943,1,64860,1
5944,1,321210,2
5945,1,134900,1
5946,1,130210,1
5947,1,52500,2
5948,1,119520,1
5949,1,46690,1
5950,1,23450,1
5951,1,368680,2
5952,1,36420,1
5953,1,36000,1
5954,1,35480,2
5955,1,388630,2
5956,1,144700,2
5957,1,60480,2
5958,1,165090,1
5959,1,74810,1
5960,1,41710,1
5961,1,29130,1
5962,1,59060,1
5963,1,68780,1
5964,1,44950,2
5965,1,140220,1
5966,1,129310,2
5967,1,67540,1
5968,1,20040,1
5969,1,300990,2
5970,1,61070,2
5971,1,65510,1
5972,1,64110,1
5973,1,40490,1
5974,1,32240,2
5975,1,38730,2
5976,1,22250,2
5977,1,71080,2
5978,1,393010,2
5979,1,472040,2
5980,1,22450,2
5981,1,34150,2
5982,1,47660,2
5983,1,32030,1
5984,1,33540,1
5985,1,24420,1
5986,1,114400,1
5987,1,142230,1
5988,1,26880,2
5989,1,196180,2
5990,1,87950,2
5991,1,302190,2
5992,1,84880,2
5993,1,74780,1
5994,1,164750,1
5995,1,80880,1
5996,1,98300,2
5997,1,233610,1
5998,1,25260,1
5999,1,71730,1
6000,1,73170,1
6001,1,1000000,0
6002,1,228250,2
6003,1,1000000,0
6004,1,38170,1
6005,1,513890,2
6006,1,1000000,0
6007,1,748600,1
6008,1,284030,1
6009,1,31310,2
6010,1,1000000,0
6011,1,258190,2
6012,1,96460,1
6013,1,604980,1
6014,1,382900,2
6015,1,1000000,2
6016,1,485680,1
6017,1,50840,2
6018,1,127710,1
6019,1,175460,1
6020,1,48550,1
6021,1,54860,1
6022,1,96060,2
6023,1,58570,1
6024,1,96840,1
6025,1,23010,1
6026,1,97320,1
6027,1,419540,2
6028,1,260030,1
6029,1,46370,2
6030,1,25630,2
6031,1,46110,1
6032,1,34190,1
6033,1,281040,2
6034,1,565150,1
6035,1,417160,2
6036,1,755300,2
6037,1,32740,1
6038,1,25180,1
6039,1,61870,2
6040,1,774540,2
6041,1,778210,2
6042,1,28130,1
6043,1,590180,1
6044,1,77430,1
6045,1,656120,2
6046,1,154800,2
6047,1,20190,1
6048,1,217260,2
6049,1,69990,2
6050,1,43580,1
6051,1,116210,2
6052,1,34430,2
6053,1,344200,1
6054,1,200970,1
6055,1,367530,2
6056,1,25670,2
6057,1,519950,2
6058,1,59450,2
6059,1,32040,2
6060,1,54800,2
6061,1,676320,2
6062,1,24750,1
6063,1,270460,1
6064,1,75080,2
6065,1,166480,2
6066,1,21600,1
6067,1,153510,2
6068,1,426930,2
6069,1,383480,2
6070,1,47210,2
6071,1,34620,2
6072,1,30680,2
6073,1,63940,1
6074,1,371480,2
6075,1,842350,2
6076,1,53420,1
6077,1,783060,1
6078,1,33120,2
6079,1,25970,1
6080,1,367210,1
6081,1,469700,1
6082,1,355740,2
6083,1,49130,1
6084,1,410990,2
6085,1,948130,2
6086,1,614990,2
6087,1,991470,2
6088,1,449910,1
6089,1,21210,1
6090,1,601830,2
6091,1,145910,1
6092,1,952920,2
6093,1,53920,1
6094,1,136310,1
6095,1,709070,2
6096,1,109690,2
6097,1,63490,1
6098,1,99520,2
6099,1,28240,1
6100,1,363980,1
6101,1,197110,1
6102,1,42410,1
6103,1,88300,2
6104,1,23510,1
6105,1,41420,1
6106,1,322330,2
6107,1,40000,1
6108,1,41400,1
6109,1,318380,1
6110,1,27610,1
6111,1,900520,1
6112,1,343640,1
6113,1,505740,1
6114,1,668710,1
6115,1,45150,1
6116,1,131730,1
6117,1,783610,2
6118,1,63410,2
6119,1,25620,1
6120,1,24440,2
6121,1,348030,2
6122,1,394910,2
6123,1,31050,1
6124,1,42230,2
6125,1,88150,1
6126,1,34970,2
6127,1,63840,1
6128,1,67780,1
6129,1,45320,2
6130,1,31550,2
6131,1,558050,2
6132,1,88030,1
6133,1,106610,2
6134,1,202820,1
6135,1,401350,1
6136,1,29710,1
6137,1,623690,2
6138,1,42460,1
6139,1,47510,2
6140,1,428040,1
6141,1,30410,1
6142,1,39440,1
6143,1,70150,2
6144,1,110140,1
6145,1,60580,1
6146,1,64200,1
6147,1,42850,1
6148,1,252040,2
6149,1,30000,1
6150,1,287570,2
6151,1,392400,2
6152,1,78800,1
6153,1,95000,2
6154,1,218000,2
6155,1,267270,1
6156,1,69400,1
6157,1,35540,1
6158,1,780090,2
6159,1,216750,1
6160,1,70020,1
6161,1,63080,1
6162,1,61920,2
6163,1,85330,2
6164,1,412310,2
6165,1,187130,1
6166,1,58350,1
6167,1,101670,2
6168,1,29520,1
6169,1,65750,2
6170,1,34690,2
6171,1,409720,2
6172,1,36710,2
6173,1,912710,1
6174,1,76270,1
6175,1,646190,2
6176,1,57750,1
6177,1,57750,2
6178,1,92920,2
6179,1,107380,2
6180,1,188100,2
6181,1,624400,2
6182,1,59010,1
6183,1,80880,1
6184,1,98280,2
6185,1,30130,1
6186,1,120460,2
6187,1,689530,1
6188,1,20590,2
6189,1,23500,2
6190,1,119270,1
6191,1,20270,1
6192,1,167160,2
6193,1,872020,1
6194,1,27810,1
6195,1,51240,2
6196,1,36540,1
6197,1,77620,1
6198,1,510800,2
6199,1,51180,1
6200,1,46140,1
6201,1,141190,1
6202,1,286160,1
6203,1,38330,2
6204,1,25210,1
6205,1,38150,1
6206,1,807190,2
6207,1,99810,2
6208,1,963340,2
6209,1,80250,2
6210,1,33430,1
6211,1,72950,1
6212,1,26920,1
6213,1,26200,1
6214,1,237820,2
6215,1,196630,1
6216,1,468280,1
6217,1,510870,1
6218,1,24830,2
6219,1,121480,1
6220,1,24150,1
6221,1,600760,2
6222,1,544630,1
6223,1,196660,2
6224,1,22080,2
6225,1,20700,1
6226,1,67660,1
6227,1,27460,1
6228,1,40520,2
6229,1,96210,1
6230,1,64460,2
6231,1,44720,1
6232,1,256340,1
6233,1,51970,1
6234,1,70390,2
6235,1,594320,1
6236,1,84960,2
6237,1,156270,2
6238,1,46310,2
6239,1,22420,1
6240,1,907480,2
6241,1,23380,1
6242,1,249570,2
6243,1,309450,2
6244,1,111090,1
6245,1,22420,2
6246,1,206850,1
6247,1,88160,1
6248,1,25080,1
6249,1,222920,1
6250,1,151960,2
6251,1,146140,2
6252,1,74760,1
6253,1,748230,2
6254,1,46680,2
6255,1,264090,1
6256,1,21880,1
6257,1,25420,1
6258,1,877920,2
6259,1,46340,1
6260,1,376140,1
6261,1,583030,1
6262,1,142090,2
6263,1,28100,2
6264,1,30140,1
6265,1,34200,1
6266,1,255270,1
6267,1,441460,2
6268,1,86090,1
6269,1,51080,1
6270,1,84000,2
6271,1,181670,2
6272,1,569200,1
6273,1,55250,1
6274,1,385760,1
6275,1,583830,1
6276,1,704340,1
6277,1,111010,1
6278,1,175600,2
6279,1,80220,1
6280,1,46060,1
6281,1,54500,2
6282,1,253090,2
6283,1,327650,2
6284,1,37840,1
6285,1,38900,1
6286,1,73390,1
6287,1,107750,1
6288,1,39720,2
6289,1,168620,1
6290,1,365710,1
6291,1,688140,2
6292,1,108700,1
6293,1,165670,1
6294,1,537600,1
6295,1,78160,1
6296,1,418130,2
6297,1,159730,2
6298,1,62830,1
6299,1,942570,2
6300,1,490990,2
6301,1,74360,1
6302,1,50800,1
6303,1,548930,2
6304,1,28090,1
6305,1,57120,1
6306,1,24870,1
6307,1,267370,2
6308,1,193460,2
6309,1,89300,1
6310,1,52360,1
6311,1,99290,2
6312,1,78140,1
6313,1,170880,2
6314,1,20560,2
6315,1,49460,1
6316,1,27530,1
6317,1,125420,2
6318,1,97000,1
6319,1,32540,1
6320,1,100950,1
6321,1,704290,2
6322,1,61980,1
6323,1,50810,2
6324,1,33910,1
6325,1,989100,1
6326,1,57720,2
6327,1,41120,1
6328,1,37100,2
6329,1,24020,1
6330,1,126280,2
6331,1,294800,2
6332,1,423050,1
6333,1,34330,2
6334,1,54620,2
6335,1,54330,1
6336,1,676310,2
6337,1,47780,1
6338,1,144290,2
6339,1,77340,1
6340,1,61450,2
6341,1,77950,1
6342,1,927760,1
6343,1,42000,1
6344,1,46570,1
6345,1,30500,1
6346,1,130580,2
6347,1,443500,2
6348,1,670770,1
6349,1,80150,1
6350,1,403870,1
6351,1,250510,1
6352,1,733360,2
6353,1,765600,2
6354,1,23530,1
6355,1,195890,2
6356,1,936320,1
6357,1,83190,1
6358,1,168700,1
6359,1,950190,1
6360,1,153330,2
6361,1,121760,1
6362,1,61250,1
6363,1,130440,1
6364,1,839020,2
6365,1,134400,1
6366,1,30580,1
6367,1,895870,1
6368,1,23550,2
6369,1,45790,1
6370,1,175090,2
6371,1,35360,2
6372,1,220810,2
6373,1,81810,1
6374,1,120160,1
6375,1,730610,1
6376,1,31610,1
6377,1,26050,1
6378,1,54180,2
6379,1,40880,1
6380,1,28670,2
6381,1,316660,2
6382,1,829000,1
6383,1,39030,1
6384,1,35320,1
6385,1,223230,1
6386,1,38130,1
6387,1,637100,2
6388,1,827280,2
6389,1,401550,2
6390,1,802650,2
6391,1,625590,2
6392,1,140490,2
6393,1,838580,2
6394,1,205540,1
6395,1,79740,1
6396,1,33990,2
6397,1,231050,2
6398,1,149120,1
6399,1,194660,1
6400,1,212320,1
6401,1,242010,2
6402,1,609140,2
6403,1,149140,1
6404,1,23760,1
6405,1,21840,1
6406,1,105890,1
6407,1,55000,1
6408,1,513290,2
6409,1,81490,1
6410,1,196640,1
6411,1,813260,1
6412,1,30210,1
6413,1,558260,2
6414,1,69090,1
6415,1,101270,1
6416,1,81690,2
6417,1,102640,2
6418,1,101780,1
6419,1,74370,1
6420,1,204810,2
6421,1,91720,1
6422,1,156300,2
6423,1,71050,1
6424,1,73470,1
6425,1,63920,1
6426,1,80450,1
6427,1,309900,1
6428,1,369040,2
6429,1,32120,1
6430,1,65660,2
6431,1,489710,2
6432,1,192420,1
6433,1,22490,1
6434,1,268780,2
6435,1,131990,1
6436,1,44480,1
6437,1,853100,1
6438,1,29140,1
6439,1,35370,1
6440,1,668780,2
6441,1,136050,2
6442,1,28430,1
6443,1,26180,2
6444,1,42160,2
6445,1,785800,2
6446,1,210720,1
6447,1,691800,2
6448,1,57980,1
6449,1,20920,1
6450,1,64230,2
6451,1,21990,1
6452,1,235950,2
6453,1,927840,1
6454,1,113360,1
6455,1,211650,1
6456,1,222700,1
6457,1,179700,1
6458,1,26620,2
6459,1,528160,1
6460,1,251510,1
6461,1,570100,2
6462,1,110930,1
6463,1,368110,1
6464,1,267310,1
6465,1,179260,1
6466,1,442840,2
6467,1,292860,1
6468,1,93570,2
6469,1,708570,1
6470,1,186000,2
6471,1,23030,1
6472,1,603740,1
6473,1,25950,1
6474,1,241100,1
6475,1,30140,1
6476,1,36790,2
6477,1,196310,2
6478,1,62730,2
6479,1,153850,1
6480,1,34520,2
6481,1,88810,1
6482,1,20480,1
6483,1,20130,1
6484,1,284300,1
6485,1,78650,1
6486,1,104040,1
6487,1,46020,1
6488,1,126520,1
6489,1,518760,2
6490,1,380810,2
6491,1,74130,1
6492,1,184120,1
6493,1,366510,2
6494,1,68960,1
6495,1,30970,1
6496,1,89070,2
6497,1,962550,2
6498,1,41720,1
6499,1,557400,2
6500,1,110770,2
6501,1,91390,2
6502,1,792940,2
6503,1,93470,1
6504,1,54920,2
6505,1,307940,1
6506,1,220790,2
6507,1,246170,2
6508,1,27830,1
6509,1,99900,1
6510,1,222520,1
6511,1,52070,1
6512,1,169270,1
6513,1,67270,1
6514,1,356440,2
6515,1,130200,2
6516,1,26850,2
6517,1,25000,2
6518,1,27310,1
6519,1,24650,1
6520,1,40790,1
6521,1,664380,2
6522,1,151710,2
6523,1,67010,1
6524,1,75570,1
6525,1,21270,2
6526,1,59920,1
6527,1,31930,2
6528,1,59300,2
6529,1,722370,2
6530,1,22330,2
6531,1,58720,2
6532,1,40410,2
6533,1,200270,1
6534,1,99500,2
6535,1,127800,2
6536,1,22920,1
6537,1,23100,1
6538,1,21580,1
6539,1,45310,2
6540,1,33990,1
6541,1,67170,1
6542,1,28720,1
6543,1,253260,1
6544,1,815280,2
6545,1,58600,1
6546,1,36530,1
6547,1,29650,1
6548,1,92880,2
6549,1,43800,1
6550,1,184840,2
6551,1,521260,2
6552,1,34900,2
6553,1,822430,2
6554,1,469640,2
6555,1,84330,1
6556,1,721070,2
6557,1,23760,1
6558,1,741110,2
6559,1,26530,1
6560,1,55010,1
6561,1,112320,1
6562,1,963910,1
6563,1,22120,1
6564,1,22800,2
6565,1,291410,2
6566,1,31930,2
6567,1,23530,2
6568,1,92470,2
6569,1,90000,2
6570,1,20720,1
6571,1,65710,1
6572,1,60650,1
6573,1,40510,1
6574,1,48080,1
6575,1,30190,2
6576,1,226600,1
6577,1,60280,1
6578,1,31480,2
6579,1,126990,1
6580,1,96460,1
6581,1,613250,2
6582,1,177560,2
6583,1,99430,1
6584,1,66080,1
6585,1,669390,2
6586,1,958520,2
6587,1,146370,2
6588,1,73910,2
6589,1,157980,2
6590,1,254610,2
6591,1,333380,2
6592,1,85230,2
6593,1,48350,2
6594,1,89430,1
6595,1,118100,2
6596,1,906440,1
6597,1,52020,2
6598,1,540920,2
6599,1,50810,1
6600,1,750320,2
6601,1,958070,1
6602,1,269570,2
6603,1,75240,2
6604,1,864780,1
6605,1,23240,2
6606,1,132760,1
6607,1,23280,1
6608,1,199070,1
6609,1,104660,2
6610,1,155700,1
6611,1,37080,2
6612,1,110620,1
6613,1,26710,1
6614,1,20010,2
6615,1,70230,2
6616,1,104750,1
6617,1,64260,1
6618,1,81660,1
6619,1,250300,2
6620,1,274170,1
6621,1,31060,1
6622,1,23700,1
6623,1,20910,2
6624,1,262200,1
6625,1,40530,2
6626,1,59600,1
6627,1,28010,1
6628,1,20530,1
6629,1,363230,2
6630,1,472830,1
6631,1,426540,2
6632,1,429920,2
6633,1,124040,2
6634,1,407010,2
6635,1,320060,1
6636,1,66890,1
6637,1,25220,1
6638,1,81280,2
6639,1,54910,1
6640,1,95120,1
6641,1,282210,1
6642,1,44580,1
6643,1,172100,1
6644,1,288120,1
6645,1,133950,2
6646,1,73840,1
6647,1,75680,1
6648,1,217630,2
6649,1,37150,1
6650,1,33710,1
6651,1,53880,1
6652,1,151320,1
6653,1,44040,1
6654,1,298220,1
6655,1,153840,1
6656,1,109340,1
6657,1,311560,2
6658,1,91460,1
6659,1,211080,2
6660,1,151860,2
6661,1,310020,1
6662,1,24660,2
6663,1,45090,1
6664,1,449720,1
6665,1,86730,2
6666,1,80390,1
6667,1,128950,1
6668,1,29410,1
6669,1,25690,2
6670,1,102910,1
6671,1,177320,1
6672,1,171180,1
6673,1,120080,2
6674,1,33140,1
6675,1,463820,1
6676,1,454610,1
6677,1,62190,1
6678,1,79270,2
6679,1,30060,2
6680,1,312400,2
6681,1,137910,1
6682,1,179600,1
6683,1,22740,2
6684,1,191540,2
6685,1,134960,2
6686,1,29450,1
6687,1,130400,2
6688,1,37100,1
6689,1,25180,1
6690,1,378670,2
6691,1,377470,2
6692,1,201400,2
6693,1,201720,2
6694,1,26420,1
6695,1,264840,1
6696,1,21620,2
6697,1,23850,2
6698,1,39140,1
6699,1,215350,1
6700,1,20080,1
6701,1,85930,1
6702,1,41220,1
6703,1,46510,1
6704,1,33470,1
6705,1,105180,2
6706,1,53580,2
6707,1,80640,2
6708,1,160730,1
6709,1,28270,1
6710,1,254890,1
6711,1,33020,1
6712,1,241650,1
6713,1,44380,1
6714,1,68770,1
6715,1,273510,1
6716,1,283590,2
6717,1,186650,1
6718,1,39070,1
6719,1,481420,2
6720,1,32570,1
6721,1,43680,1
6722,1,25120,1
6723,1,112390,1
6724,1,262410,2
6725,1,95110,2
6726,1,24150,1
6727,1,146990,1
6728,1,107180,1
6729,1,71790,1
6730,1,86130,2
6731,1,261710,2
6732,1,86360,2
6733,1,77250,2
6734,1,39090,2
6735,1,40130,2
6736,1,57710,1
6737,1,474600,2
6738,1,20360,1
6739,1,168410,1
6740,1,36780,1
6741,1,303090,2
6742,1,59950,2
6743,1,35480,2
6744,1,256300,1
6745,1,42290,2
6746,1,48850,1
6747,1,28120,2
6748,1,152580,2
6749,1,104340,2
6750,1,80770,2
6751,1,404420,2
6752,1,62800,2
6753,1,84510,1
6754,1,229110,1
6755,1,54010,2
6756,1,182860,2
6757,1,52560,1
6758,1,42570,2
6759,1,280100,1
6760,1,62550,1
6761,1,34600,2
6762,1,223800,2
6763,1,215540,2
6764,1,73160,1
6765,1,81210,2
6766,1,53150,1
6767,1,231080,1
6768,1,33190,1
6769,1,202540,2
6770,1,300040,2
6771,1,56450,2
6772,1,80590,2
6773,1,382510,2
6774,1,79480,1
6775,1,58030,2
6776,1,23700,1
6777,1,103100,1
6778,1,93670,1
6779,1,209390,1
6780,1,238370,2
6781,1,36630,1
6782,1,20630,1
6783,1,330680,1
6784,1,32520,2
6785,1,66720,2
6786,1,171210,1
6787,1,496600,2
6788,1,255520,2
6789,1,48750,1
6790,1,23200,1
6791,1,68190,2
6792,1,22580,2
6793,1,149700,1
6794,1,90320,1
6795,1,241210,2
6796,1,42850,2
6797,1,85780,1
6798,1,40350,1
6799,1,41850,1
6800,1,46230,1
6801,1,65420,2
6802,1,56240,1
6803,1,57170,2
6804,1,26530,1
6805,1,473500,1
6806,1,195720,2
6807,1,25680,1
6808,1,329570,2
6809,1,57350,2
6810,1,47320,2
6811,1,143860,1
6812,1,399580,2
6813,1,96210,2
6814,1,22240,1
6815,1,33890,2
6816,1,429710,1
6817,1,96850,2
6818,1,81080,1
6819,1,327290,2
6820,1,49760,2
6821,1,89080,1
6822,1,290070,2
6823,1,60380,2
6824,1,272700,1
6825,1,44010,1
6826,1,218520,1
6827,1,124160,1
6828,1,203840,1
6829,1,104800,1
6830,1,45150,1
6831,1,150290,1
6832,1,63820,1
6833,1,58220,1
6834,1,31390,1
6835,1,380690,1
6836,1,107720,2
6837,1,325660,2
6838,1,84260,1
6839,1,113480,1
6840,1,21440,2
6841,1,34960,2
6842,1,62940,1
6843,1,82360,1
6844,1,25060,2
6845,1,35750,2
6846,1,59260,1
6847,1,286260,1
6848,1,44670,1
6849,1,43950,2
6850,1,20670,1
6851,1,447960,1
6852,1,89960,2
6853,1,257600,2
6854,1,469790,2
6855,1,121920,1
6856,1,55030,2
6857,1,65640,2
6858,1,349390,2
6859,1,91530,1
6860,1,303240,1
6861,1,289800,1
6862,1,27000,1
6863,1,197970,2
6864,1,23020,1
6865,1,228880,1
6866,1,159670,2
6867,1,223330,1
6868,1,26770,1
6869,1,280410,2
6870,1,187930,2
6871,1,140140,2
6872,1,185990,1
6873,1,21480,2
6874,1,133640,2
6875,1,314990,2
6876,1,324680,1
6877,1,393600,1
6878,1,55150,2
6879,1,117640,1
6880,1,296580,2
6881,1,47780,1
6882,1,27220,1
6883,1,142060,2
6884,1,35350,1
6885,1,363150,1
6886,1,283160,2
6887,1,39130,1
6888,1,20160,2
6889,1,324180,1
6890,1,402070,1
6891,1,55910,1
6892,1,22250,2
6893,1,432020,1
6894,1,31950,2
6895,1,178360,2
6896,1,66860,2
6897,1,186030,1
6898,1,32040,2
6899,1,475450,1
6900,1,81350,2
6901,1,498050,2
6902,1,136700,1
6903,1,122870,1
6904,1,32850,1
6905,1,161320,2
6906,1,389620,1
6907,1,60010,2
6908,1,300100,2
6909,1,35260,2
6910,1,417340,1
6911,1,69750,2
6912,1,28210,1
6913,1,57770,2
6914,1,31370,2
6915,1,80130,2
6916,1,26740,1
6917,1,54140,2
6918,1,53400,1
6919,1,52990,1
6920,1,495540,2
6921,1,32490,2
6922,1,28290,1
6923,1,134210,1
6924,1,21050,1
6925,1,50240,1
6926,1,67080,1
6927,1,275630,2
6928,1,22750,1
6929,1,109500,1
6930,1,107650,2
6931,1,30110,1
6932,1,45240,2
6933,1,326560,1
6934,1,81050,1
6935,1,318680,1
6936,1,39590,1
6937,1,40350,2
6938,1,331830,1
6939,1,197610,2
6940,1,36890,2
6941,1,200490,2
6942,1,82410,2
6943,1,177360,1
6944,1,95850,2
6945,1,282070,2
6946,1,329080,1
6947,1,85790,1
6948,1,32430,2
6949,1,30210,1
6950,1,466080,1
6951,1,36270,1
6952,1,86890,1
6953,1,27800,1
6954,1,27920,2
6955,1,344640,1
6956,1,294350,1
6957,1,398770,2
6958,1,39540,2
6959,1,24220,2
6960,1,23040,1
6961,1,63780,2
6962,1,51470,2
6963,1,180270,1
6964,1,24260,2
6965,1,36710,1
6966,1,32980,2
6967,1,147050,1
6968,1,68820,2
6969,1,84130,1
6970,1,117180,2
6971,1,30330,2
6972,1,33500,1
6973,1,76280,2
6974,1,128550,1
6975,1,56620,1
6976,1,34270,1
6977,1,144610,1
6978,1,161680,2
6979,1,125260,2
6980,1,80640,1
6981,1,28100,2
6982,1,22220,2
6983,1,156120,2
6984,1,79020,1
6985,1,72200,2
6986,1,74120,1
6987,1,23730,2
6988,1,46860,2
6989,1,34730,2
6990,1,29970,1
6991,1,40170,2
6992,1,154750,1
6993,1,159540,1
6994,1,133170,1
6995,1,149700,1
6996,1,41700,1
6997,1,73310,2
6998,1,60250,2
6999,1,48390,2
7000,1,132590,1
7001,1,170970,1
7002,1,47650,1
7003,1,66670,2
7004,1,1000000,0
7005,1,192060,2
7006,1,109890,2
7007,1,1000000,2
7008,1,232480,1
7009,1,66590,1
7010,1,45010,1
7011,1,1000000,1
7012,1,1000000,2
7013,1,30280,2
7014,1,1000000,2
7015,1,29880,1
7016,1,106230,1
7017,1,61640,2
7018,1,154020,1
7019,1,247950,2
7020,1,215430,1
7021,1,94630,1
7022,1,85610,1
7023,1,48510,1
7024,1,624410,2
7025,1,781960,2
7026,1,185310,2
7027,1,673040,2
7028,1,118130,2
7029,1,59850,2
7030,1,96610,2
7031,1,478800,2
7032,1,609090,2
7033,1,125450,2
7034,1,45500,2
7035,1,341560,2
7036,1,93290,1
7037,1,30460,1
7038,1,20000,1
7039,1,38910,1
7040,1,70550,2
7041,1,535490,2
7042,1,53000,1
7043,1,716290,2
7044,1,25110,1
7045,1,42150,2
7046,1,537510,2
7047,1,665400,2
7048,1,141130,1
7049,1,389510,2
7050,1,40670,2
7051,1,63630,2
7052,1,725950,2
7053,1,36280,1
7054,1,166830,1
7055,1,20110,2
7056,1,107140,2
7057,1,601710,2
7058,1,206270,2
7059,1,27700,1
7060,1,407970,2
7061,1,159450,1
7062,1,66090,2
7063,1,334530,1
7064,1,183600,1
7065,1,51730,2
7066,1,167220,2
7067,1,817040,1
7068,1,880630,2
7069,1,28690,2
7070,1,47320,1
7071,1,48530,1
7072,1,829190,2
7073,1,24040,1
7074,1,54370,2
7075,1,148490,2
7076,1,24860,1
7077,1,38470,1
7078,1,27090,1
7079,1,75970,1
7080,1,30280,2
7081,1,139720,1
7082,1,725770,2
7083,1,888010,2
7084,1,185710,2
7085,1,43270,1
7086,1,60600,1
7087,1,134670,2
7088,1,25920,1
7089,1,242030,2
7090,1,835500,1
7091,1,59200,1
7092,1,50510,1
7093,1,190480,2
7094,1,46050,2
7095,1,320010,1
7096,1,454620,2
7097,1,124070,2
7098,1,131680,2
7099,1,53450,1
7100,1,141820,2
7101,1,117170,1
7102,1,264870,2
7103,1,54130,2
7104,1,99620,2
7105,1,62660,1
7106,1,86320,2
7107,1,20330,1
7108,1,90990,1
7109,1,91010,1
7110,1,30230,1
7111,1,927660,2
7112,1,92420,1
7113,1,991800,2
7114,1,112230,2
7115,1,42660,1
7116,1,850950,2
7117,1,31260,2
7118,1,514490,2
7119,1,123700,2
7120,1,25780,1
7121,1,25120,2
7122,1,187330,2
7123,1,79980,2
7124,1,86760,1
7125,1,129000,1
7126,1,32370,1
7127,1,22720,2
7128,1,188470,2
7129,1,54550,2
7130,1,844140,2
7131,1,800800,2
7132,1,37280,1
7133,1,31970,1
7134,1,229400,1
7135,1,20570,1
7136,1,117640,2
7137,1,34000,1
7138,1,265820,2
7139,1,794460,2
7140,1,49410,2
7141,1,73300,1
7142,1,216670,2
7143,1,250870,2
7144,1,261160,2
7145,1,471210,1
7146,1,663750,2
7147,1,134490,1
7148,1,987140,2
7149,1,25600,2
7150,1,384770,1
7151,1,192190,2
7152,1,35840,1
7153,1,26010,1
7154,1,218570,2
7155,1,332880,1
7156,1,32340,1
7157,1,331900,2
7158,1,40440,1
7159,1,97710,1
7160,1,59880,1
7161,1,799560,1
7162,1,107880,2
7163,1,516460,1
7164,1,860690,2
7165,1,51570,2
7166,1,83800,1
7167,1,27120,1
7168,1,607380,2
7169,1,95930,1
7170,1,433730,2
7171,1,22050,1
7172,1,60530,2
7173,1,579980,1
7174,1,35210,1
7175,1,22060,2
7176,1,121310,1
7177,1,144620,1
7178,1,26560,1
7179,1,24220,1
7180,1,49700,1
7181,1,85690,2
7182,1,356010,2
7183,1,22330,1
7184,1,915040,2
7185,1,243330,2
7186,1,48090,2
7187,1,924340,2
7188,1,497760,2
7189,1,232070,1
7190,1,51190,1
7191,1,59710,2
7192,1,60190,1
7193,1,58860,1
7194,1,37640,1
7195,1,191730,2
7196,1,403230,2
7197,1,151770,1
7198,1,189010,2
7199,1,162210,1
7200,1,160000,2
7201,1,80040,1
7202,1,194900,1
7203,1,50890,2
7204,1,882730,1
7205,1,203370,1
7206,1,321010,1
7207,1,92900,1
7208,1,114400,1
7209,1,116020,1
7210,1,618970,2
7211,1,151130,1
7212,1,21070,1
7213,1,130760,1
7214,1,54810,2
7215,1,59070,2
7216,1,672560,2
7217,1,77660,2
7218,1,259200,2
7219,1,77250,2
7220,1,64010,2
7221,1,540930,1
7222,1,804190,1
7223,1,33280,1
7224,1,66660,2
7225,1,78900,1
7226,1,141290,1
7227,1,428630,1
7228,1,41180,1
7229,1,37150,1
7230,1,85700,2
7231,1,127140,1
7232,1,547400,2
7233,1,980700,2
7234,1,49820,2
7235,1,20380,1
7236,1,25110,1
7237,1,75580,1
7238,1,88030,2
7239,1,560530,1
7240,1,22250,1
7241,1,545900,1
7242,1,36640,1
7243,1,52560,1
7244,1,164800,1
7245,1,121880,2
7246,1,197430,2
7247,1,85610,1
7248,1,129190,2
7249,1,27410,2
7250,1,101910,2
7251,1,451740,1
7252,1,576390,1
7253,1,252140,2
7254,1,150090,1
7255,1,132050,1
7256,1,215920,1
7257,1,25360,1
7258,1,148790,2
7259,1,104030,1
7260,1,66110,1
7261,1,44660,2
7262,1,51530,2
7263,1,571940,2
7264,1,167700,1
7265,1,346050,2
7266,1,20690,1
7267,1,743630,2
7268,1,480490,2
7269,1,156760,2
7270,1,114830,1
7271,1,389480,2
7272,1,69690,1
7273,1,645950,1
7274,1,64950,2
7275,1,232110,2
7276,1,79080,2
7277,1,162540,2
7278,1,56490,1
7279,1,820340,2
7280,1,40900,2
7281,1,81770,2
7282,1,114300,2
7283,1,979520,1
7284,1,39450,1
7285,1,20620,1
7286,1,147990,2
7287,1,21700,1
7288,1,41340,1
7289,1,39080,1
7290,1,152320,1
7291,1,85080,2
7292,1,33910,1
7293,1,49150,1
7294,1,520240,1
7295,1,248660,2
7296,1,247120,1
7297,1,109070,1
7298,1,242420,2
7299,1,267900,2
7300,1,514660,1
7301,1,234770,1
7302,1,203710,1
7303,1,95030,2
7304,1,731950,1
7305,1,593280,2
7306,1,115910,2
7307,1,43060,1
7308,1,946750,2
7309,1,27390,1
7310,1,123220,2
7311,1,24820,1
7312,1,26640,1
7313,1,130430,1
7314,1,292410,2
7315,1,290750,2
7316,1,280840,2
7317,1,50520,2
7318,1,383790,1
7319,1,478110,1
7320,1,387330,1
7321,1,371570,1
7322,1,34560,2
7323,1,157040,2
7324,1,34940,1
7325,1,42340,1
7326,1,30580,1
7327,1,51520,1
7328,1,26040,2
7329,1,28450,1
7330,1,421050,2
7331,1,40950,1
7332,1,678100,1
7333,1,404320,2
7334,1,305950,2
7335,1,41270,2
7336,1,31490,2
7337,1,20450,1
7338,1,32010,2
7339,1,287990,1
7340,1,43590,1
7341,1,195840,1
7342,1,536080,2
7343,1,34580,1
7344,1,25930,1
7345,1,30220,2
7346,1,231690,1
7347,1,61890,1
7348,1,188500,2
7349,1,182210,2
7350,1,21390,2
7351,1,102630,1
7352,1,720740,1
7353,1,32900,1
7354,1,76990,1
7355,1,361740,2
7356,1,784440,1
7357,1,679860,1
7358,1,74390,1
7359,1,26800,2
7360,1,36360,2
7361,1,46240,1
7362,1,142000,1
7363,1,805980,1
7364,1,445910,2
7365,1,607330,1
7366,1,201250,2
7367,1,482870,2
7368,1,47370,2
7369,1,48320,2
7370,1,25160,1
7371,1,20360,2
7372,1,452880,2
7373,1,37690,1
7374,1,57680,2
7375,1,34840,1
7376,1,58750,2
7377,1,43970,1
7378,1,470690,2
7379,1,209300,1
7380,1,368340,1
7381,1,39190,1
7382,1,537950,2
7383,1,44370,2
7384,1,20370,1
7385,1,51960,1
7386,1,23300,1
7387,1,517520,2
7388,1,461410,2
7389,1,20940,2
7390,1,236510,2
7391,1,192100,1
7392,1,57440,2
7393,1,679380,2
7394,1,51610,1
7395,1,502370,2
7396,1,57650,1
7397,1,304520,2
7398,1,58190,1
7399,1,965710,2
7400,1,29480,1
7401,1,77850,1
7402,1,240290,2
7403,1,190850,1
7404,1,38130,2
7405,1,83220,1
7406,1,45200,2
7407,1,244310,2
7408,1,189720,1
7409,1,33050,1
7410,1,106470,2
7411,1,113940,1
7412,1,635900,2
7413,1,82250,1
7414,1,458090,2
7415,1,30570,1
7416,1,170240,2
7417,1,27340,1
7418,1,71990,2
7419,1,30620,1
7420,1,234290,2
7421,1,386500,1
7422,1,108830,2
7423,1,316480,2
7424,1,436730,1
7425,1,38930,1
7426,1,21660,1
7427,1,21630,1
7428,1,30460,2
7429,1,167270,2
7430,1,191910,2
7431,1,53220,1
7432,1,286410,2
7433,1,36960,1
7434,1,28130,2
7435,1,38490,2
7436,1,32870,1
7437,1,531700,1
7438,1,25520,1
7439,1,392920,2
7440,1,65770,1
7441,1,21620,1
7442,1,340250,2
7443,1,884640,2
7444,1,362630,1
7445,1,125880,1
7446,1,78870,2
7447,1,26630,1
7448,1,90750,2
7449,1,772740,1
7450,1,39780,2
7451,1,118910,2
7452,1,114710,1
7453,1,584990,2
7454,1,794180,2
7455,1,204820,1
7456,1,54690,1
7457,1,333110,2
7458,1,77090,1
7459,1,745670,2
7460,1,46520,1
7461,1,900060,1
7462,1,867020,1
7463,1,261730,2
7464,1,39630,1
7465,1,21920,2
7466,1,586170,2
7467,1,54210,1
7468,1,50490,2
7469,1,81990,1
7470,1,923270,1
7471,1,107120,2
7472,1,332420,2
7473,1,103350,2
7474,1,211420,1
7475,1,649500,1
7476,1,554480,1
7477,1,424880,2
7478,1,20140,1
7479,1,139220,1
7480,1,283930,1
7481,1,268590,2
7482,1,130440,2
7483,1,44570,1
7484,1,129210,2
7485,1,24490,2
7486,1,45290,2
7487,1,31150,2
7488,1,61280,2
7489,1,153980,2
7490,1,22220,1
7491,1,929490,2
7492,1,47040,2
7493,1,56440,1
7494,1,295480,2
7495,1,176350,1
7496,1,40550,2
7497,1,43360,1
7498,1,22530,2
7499,1,96550,2
7500,1,96540,2
7501,1,93230,2
7502,1,70890,2
7503,1,318220,1
7504,1,175060,2
7505,1,59340,1
7506,1,580570,1
7507,1,164680,1
7508,1,477300,2
7509,1,151450,1
7510,1,737630,2
7511,1,38460,1
7512,1,105360,2
7513,1,34040,2
7514,1,54090,1
7515,1,191310,2
7516,1,52220,1
7517,1,323700,2
7518,1,135330,1
7519,1,564480,2
7520,1,70220,2
7521,1,173310,1
7522,1,166440,1
7523,1,700790,2
7524,1,461680,2
7525,1,59800,1
7526,1,24810,2
7527,1,68220,1
7528,1,41960,1
7529,1,20020,2
7530,1,170070,1
7531,1,52950,2
7532,1,28920,1
7533,1,59780,1
7534,1,38390,1
7535,1,45740,2
7536,1,558590,2
7537,1,31490,1
7538,1,86120,2
7539,1,22360,1
7540,1,60920,1
7541,1,274170,1
7542,1,96290,2
7543,1,25030,2
7544,1,43270,1
7545,1,37810,1
7546,1,477530,2
7547,1,23930,1
7548,1,22360,1
7549,1,48130,1
7550,1,37940,1
7551,1,214940,2
7552,1,953460,1
7553,1,816470,1
7554,1,70350,2
7555,1,41330,2
7556,1,988140,1
7557,1,356230,2
7558,1,147260,1
7559,1,23200,1
7560,1,991880,2
7561,1,43170,1
7562,1,216650,2
7563,1,373120,1
7564,1,497630,1
7565,1,330510,2
7566,1,768740,2
7567,1,199690,2
7568,1,463730,1
7569,1,104430,2
7570,1,20490,1
7571,1,59940,1
7572,1,347830,2
7573,1,48750,2
7574,1,94170,1
7575,1,33760,1
7576,1,29830,2
7577,1,31650,1
7578,1,883270,1
7579,1,943820,2
7580,1,237780,2
7581,1,143270,1
7582,1,83300,1
7583,1,186790,2
7584,1,111580,2
7585,1,180630,1
7586,1,57440,1
7587,1,36970,1
7588,1,182840,2
7589,1,779630,1
7590,1,187180,1
7591,1,769780,2
7592,1,488700,2
7593,1,280680,1
7594,1,39580,1
7595,1,655810,2
7596,1,108200,1
7597,1,86070,1
7598,1,80220,1
7599,1,713380,2
7600,1,77440,2
7601,1,36710,1
7602,1,523050,2
7603,1,81590,1
7604,1,52820,1
7605,1,21620,1
7606,1,23010,1
7607,1,30770,2
7608,1,701570,2
7609,1,50490,2
7610,1,40850,2
7611,1,264900,2
7612,1,258000,2
7613,1,40370,1
7614,1,21140,1
7615,1,27150,1
7616,1,31640,2
7617,1,171860,1
7618,1,174750,1
7619,1,617090,2
7620,1,38560,1
7621,1,154970,1
7622,1,40290,2
7623,1,21120,1
7624,1,53420,1
7625,1,69720,2
7626,1,434380,1
7627,1,66190,1
7628,1,30310,1
7629,1,999960,1
7630,1,41380,1
7631,1,921600,1
7632,1,84740,1
7633,1,487630,1
7634,1,338120,2
7635,1,291540,2
7636,1,23320,1
7637,1,201850,2
7638,1,309820,2
7639,1,412230,2
7640,1,358680,2
7641,1,33060,1
7642,1,303030,1
7643,1,59590,2
7644,1,54460,2
7645,1,418060,2
7646,1,42860,1
7647,1,26620,2
7648,1,334740,1
7649,1,609720,2
7650,1,67640,1
7651,1,129100,1
7652,1,36070,1
7653,1,78610,1
7654,1,95800,1
7655,1,235430,2
7656,1,77910,2
7657,1,88550,1
7658,1,113900,2
7659,1,58490,1
7660,1,486300,2
7661,1,26390,1
7662,1,378830,2
7663,1,69260,1
7664,1,47250,1
7665,1,29440,2
7666,1,147110,2
7667,1,20940,1
7668,1,52530,2
7669,1,40930,1
7670,1,21470,1
7671,1,245320,1
7672,1,178960,1
7673,1,26480,1
7674,1,302220,2
7675,1,471210,2
7676,1,134210,2
7677,1,311720,1
7678,1,128280,2
7679,1,301590,2
7680,1,224300,1
7681,1,145440,1
7682,1,197640,1
7683,1,48460,1
7684,1,52310,1
7685,1,34450,1
7686,1,260390,1
7687,1,114280,2
7688,1,186390,2
7689,1,100420,1
7690,1,29940,2
7691,1,267000,1
7692,1,41000,2
7693,1,37000,2
7694,1,37950,2
7695,1,32180,2
7696,1,21160,1
7697,1,129910,2
7698,1,216420,2
7699,1,125550,1
7700,1,28440,1
7701,1,37250,1
7702,1,73410,1
7703,1,21930,2
7704,1,25690,2
7705,1,40300,2
7706,1,46540,1
7707,1,49640,1
7708,1,246450,1
7709,1,93490,1
7710,1,58460,2
7711,1,132290,2
7712,1,58390,2
7713,1,464450,1
7714,1,70570,1
7715,1,70970,1
7716,1,52750,1
7717,1,332800,1
7718,1,341960,1
7719,1,25270,1
7720,1,38190,1
7721,1,43730,2
7722,1,33030,1
7723,1,173420,1
7724,1,59490,1
7725,1,168680,2
7726,1,25230,1
7727,1,218040,2
7728,1,146220,2
7729,1,210940,2
7730,1,415740,2
7731,1,72320,1
7732,1,72820,1
7733,1,25810,1
7734,1,61000,2
7735,1,39350,1
7736,1,58250,1
7737,1,36330,2
7738,1,459950,1
7739,1,126660,2
7740,1,215140,1
7741,1,137910,1
7742,1,88410,1
7743,1,35060,2
7744,1,53970,1
7745,1,49860,1
7746,1,269260,1
7747,1,298530,1
7748,1,122500,1
7749,1,22590,2
7750,1,60090,1
7751,1,44280,1
7752,1,114980,1
7753,1,192720,2
7754,1,104820,1
7755,1,155060,2
7756,1,148080,2
7757,1,29430,2
7758,1,119950,1
7759,1,33830,1
7760,1,35050,1
7761,1,35200,1
7762,1,43540,1
7763,1,47490,1
7764,1,35700,1
7765,1,71490,2
7766,1,124390,2
7767,1,20930,1
7768,1,42230,1
7769,1,46040,2
7770,1,24250,1
7771,1,28850,1
7772,1,68720,1
7773,1,26000,1
7774,1,252560,2
7775,1,56690,1
7776,1,98930,1
7777,1,56560,2
7778,1,22730,1
7779,1,22320,1
7780,1,114070,1
7781,1,23200,1
7782,1,137210,1
7783,1,119190,1
7784,1,37470,2
7785,1,21790,2
7786,1,77370,1
7787,1,55310,1
7788,1,377690,1
7789,1,24580,2
7790,1,55630,1
7791,1,51290,1
7792,1,148940,1
7793,1,61180,1
7794,1,282120,2
7795,1,437030,1
7796,1,92860,1
7797,1,54820,1
7798,1,70470,2
7799,1,28170,1
7800,1,29070,1
7801,1,30820,1
7802,1,21820,1
7803,1,69040,2
7804,1,77280,1
7805,1,23700,1
7806,1,281730,2
7807,1,153830,1
7808,1,30580,2
7809,1,342110,2
7810,1,155130,1
7811,1,29830,2
7812,1,231300,1
7813,1,23850,2
7814,1,21070,2
7815,1,24490,1
7816,1,94220,1
7817,1,174680,2
7818,1,448340,1
7819,1,37130,1
7820,1,163710,2
7821,1,316530,2
7822,1,108570,1
7823,1,33380,1
7824,1,59780,2
7825,1,141380,1
7826,1,161320,2
7827,1,25850,1
7828,1,388790,2
7829,1,39050,1
7830,1,20480,1
7831,1,209250,1
7832,1,386830,1
7833,1,315890,2
7834,1,194830,1
7835,1,50630,2
7836,1,48370,2
7837,1,21050,1
7838,1,243020,2
7839,1,84040,1
7840,1,127290,2
7841,1,232690,1
7842,1,77390,2
7843,1,28210,2
7844,1,462040,2
7845,1,212950,2
7846,1,281980,2
7847,1,71020,1
7848,1,20650,1
7849,1,74210,1
7850,1,20970,2
7851,1,20650,1
7852,1,286600,1
7853,1,79980,2
7854,1,195640,1
7855,1,86300,1
7856,1,24440,2
7857,1,41210,1
7858,1,465300,2
7859,1,52570,1
7860,1,42070,1
7861,1,93180,1
7862,1,94190,2
7863,1,180980,1
7864,1,490860,2
7865,1,147560,1
7866,1,59740,1
7867,1,32160,2
7868,1,499920,2
7869,1,131370,2
7870,1,332920,2
7871,1,77410,2
7872,1,229710,1
7873,1,38990,2
7874,1,33210,1
7875,1,39440,1
7876,1,37140,1
7877,1,32420,2
7878,1,37500,2
7879,1,290140,2
7880,1,322460,2
7881,1,262460,1
7882,1,21080,1
7883,1,43340,1
7884,1,163240,2
7885,1,28520,1
7886,1,180310,1
7887,1,281660,1
7888,1,27810,1
7889,1,258920,1
7890,1,25800,1
7891,1,118080,1
7892,1,68950,1
7893,1,91060,1
7894,1,469690,1
7895,1,29920,1
7896,1,26430,2
7897,1,74850,2
7898,1,259920,2
7899,1,20620,1
7900,1,249840,1
7901,1,175560,2
7902,1,24700,2
7903,1,36740,1
7904,1,347920,1
7905,1,23780,1
7906,1,38260,1
7907,1,148280,2
7908,1,32530,1
7909,1,330630,1
7910,1,29810,1
7911,1,75760,2
7912,1,202580,1
7913,1,109170,2
7914,1,60000,2
7915,1,454730,2
7916,1,294110,1
7917,1,48780,2
7918,1,24110,1
7919,1,238670,2
7920,1,58870,2
7921,1,24360,1
7922,1,23090,2
7923,1,352840,1
7924,1,481260,1
7925,1,37190,2
7926,1,61310,2
7927,1,132700,1
7928,1,112850,1
7929,1,88450,2
7930,1,45330,1
7931,1,153420,2
7932,1,94610,1
7933,1,23840,1
7934,1,53410,2
7935,1,35300,1
7936,1,364860,1
7937,1,137540,1
7938,1,323360,1
7939,1,118080,2
7940,1,75710,2
7941,1,179970,1
7942,1,327870,2
7943,1,288490,1
7944,1,488250,1
7945,1,21240,2
7946,1,43820,2
7947,1,472140,2
7948,1,40700,1
7949,1,28860,1
7950,1,169720,1
7951,1,72850,2
7952,1,312910,1
7953,1,34320,2
7954,1,54250,1
7955,1,44150,1
7956,1,256900,1
7957,1,20200,1
7958,1,306760,1
7959,1,86040,1
7960,1,65030,1
7961,1,65950,1
7962,1,395710,1
7963,1,29500,2
7964,1,83090,1
7965,1,28050,1
7966,1,96520,2
7967,1,168260,1
7968,1,109360,1
7969,1,356030,1
7970,1,38230,2
7971,1,302560,2
7972,1,250000,1
7973,1,51200,2
7974,1,289800,1
7975,1,230710,2
7976,1,103790,1
7977,1,39810,1
7978,1,99310,1
7979,1,20660,1
7980,1,36550,2
7981,1,27570,1
7982,1,130560,2
7983,1,369590,1
7984,1,86040,2
7985,1,94540,1
7986,1,24100,1
7987,1,28400,1
7988,1,76470,2
7989,1,475820,2
7990,1,107870,2
7991,1,29550,1
7992,1,169890,2
7993,1,20790,1
7994,1,90120,1
7995,1,64460,2
7996,1,22650,1
7997,1,54220,2
7998,1,39310,1
7999,1,55660,1
8000,1,24320,1
8001,1,23350,1
8002,1,1000000,0
8003,1,1000000,2
8004,1,1000000,0
8005,1,1000000,1
8006,1,1000000,0
8007,1,348510,1
8008,1,89070,1
8009,1,638290,2
8010,1,105330,1
8011,1,341450,2
8012,1,309880,2
8013,1,178220,2
8014,1,606220,2
8015,1,651620,2
8016,1,981930,2
8017,1,24370,1
8018,1,624820,2
8019,1,26810,1
8020,1,991590,1
8021,1,91450,2
8022,1,435960,2
8023,1,128800,1
8024,1,103780,2
8025,1,90960,2
8026,1,56390,1
8027,1,62590,1
8028,1,46000,2
8029,1,240340,1
8030,1,46460,2
8031,1,26590,1
8032,1,232560,1
8033,1,27140,1
8034,1,872910,1
8035,1,118750,1
8036,1,108950,2
8037,1,272090,1
8038,1,254980,2
8039,1,30980,2
8040,1,114810,2
8041,1,714810,2
8042,1,246410,1
8043,1,964040,1
8044,1,41280,1
8045,1,62910,2
8046,1,22230,1
8047,1,867100,2
8048,1,33060,2
8049,1,144790,1
8050,1,84060,2
8051,1,907300,2
8052,1,947730,2
8053,1,21440,2
8054,1,47540,1
8055,1,23690,1
8056,1,174570,1
8057,1,682450,1
8058,1,233370,1
8059,1,20060,1
8060,1,675060,1
8061,1,28670,1
8062,1,73890,2
8063,1,33740,1
8064,1,199020,1
8065,1,714410,1
8066,1,527170,1
8067,1,244870,1
8068,1,791100,2
8069,1,868950,2
8070,1,251000,2
8071,1,488840,1
8072,1,38760,1
8073,1,28340,2
8074,1,187230,1
8075,1,45540,1
8076,1,61200,1
8077,1,103740,2
8078,1,45180,2
8079,1,44700,2
8080,1,367500,1
8081,1,100340,1
8082,1,174940,1
8083,1,73640,1
8084,1,89860,1
8085,1,380950,1
8086,1,30940,1
8087,1,202680,1
8088,1,262880,2
8089,1,728120,1
8090,1,55510,2
8091,1,31600,2
8092,1,228140,1
8093,1,78310,2
8094,1,819950,2
8095,1,138650,1
8096,1,426440,1
8097,1,23660,2
8098,1,79720,1
8099,1,604190,2
8100,1,57750,1
8101,1,453050,2
8102,1,81300,1
8103,1,20140,2
8104,1,83390,1
8105,1,20830,1
8106,1,553600,1
8107,1,23200,1
8108,1,354450,2
8109,1,468110,2
8110,1,361510,2
8111,1,273310,1
8112,1,30450,1
8113,1,142400,1
8114,1,23820,1
8115,1,914150,2
8116,1,837770,2
8117,1,213200,1
8118,1,283060,2
8119,1,67780,1
8120,1,822370,1
8121,1,385250,2
8122,1,41210,1
8123,1,351490,2
8124,1,382830,2
8125,1,290420,1
8126,1,82620,2
8127,1,21010,1
8128,1,29300,2
8129,1,329130,1
8130,1,77940,1
8131,1,694010,1
8132,1,72030,2
8133,1,34860,1
8134,1,41670,2
8135,1,20710,1
8136,1,482680,1
8137,1,55510,1
8138,1,38390,2
8139,1,21560,1
8140,1,62530,1
8141,1,46960,1
8142,1,141930,2
8143,1,100560,2
8144,1,648280,2
8145,1,99650,1
8146,1,407410,1
8147,1,433750,1
8148,1,26810,1
8149,1,90710,1
8150,1,25630,2
8151,1,261360,2
8152,1,249380,2
8153,1,466750,1
8154,1,99580,2
8155,1,182300,1
8156,1,20660,2
8157,1,23440,2
8158,1,533660,1
8159,1,50450,1
8160,1,83130,1
8161,1,115590,1
8162,1,168670,2
8163,1,382100,2
8164,1,178140,1
8165,1,151070,1
8166,1,40570,1
8167,1,81750,1
8168,1,163610,2
8169,1,54980,1
8170,1,388630,2
8171,1,20650,1
8172,1,145370,1
8173,1,779370,1
8174,1,676530,1
8175,1,52860,1
8176,1,175800,2
8177,1,127710,2
8178,1,115450,1
8179,1,450440,2
8180,1,139580,2
8181,1,27030,1
8182,1,197970,1
8183,1,94380,1
8184,1,59180,1
8185,1,88140,1
8186,1,361740,1
8187,1,237460,1
8188,1,139590,1
8189,1,104800,2
8190,1,42250,2
8191,1,36480,1
8192,1,366280,1
8193,1,39540,1
8194,1,950280,2
8195,1,36210,1
8196,1,64750,1
8197,1,152930,2
8198,1,114230,2
8199,1,32770,2
8200,1,63470,2
8201,1,28670,2
8202,1,310650,1
8203,1,230070,2
8204,1,29330,1
8205,1,466610,1
8206,1,35830,2
8207,1,77840,1
8208,1,103970,2
8209,1,41280,1
8210,1,155010,1
8211,1,381410,2
8212,1,92890,1
8213,1,89650,2
8214,1,33100,1
8215,1,29610,1
8216,1,54820,1
8217,1,91190,1
8218,1,33130,1
8219,1,60830,1
8220,1,169930,1
8221,1,258010,2
8222,1,41300,2
8223,1,226380,1
8224,1,31860,1
8225,1,45770,2
8226,1,107200,2
8227,1,100770,1
8228,1,24210,2
8229,1,907880,2
8230,1,34710,2
8231,1,64790,1
8232,1,35810,2
8233,1,925470,2
8234,1,53830,1
8235,1,899700,2
8236,1,22910,2
8237,1,50290,2
8238,1,38500,1
8239,1,54180,2
8240,1,41260,2
8241,1,200850,1
8242,1,187210,2
8243,1,223760,1
8244,1,194460,2
8245,1,405190,1
8246,1,45930,1
8247,1,675340,2
8248,1,28140,1
8249,1,101660,2
8250,1,809230,2
8251,1,56670,1
8252,1,33750,1
8253,1,119370,1
8254,1,67540,1
8255,1,500870,1
8256,1,22150,1
8257,1,257400,2
8258,1,33520,1
8259,1,20950,2
8260,1,55410,2
8261,1,430600,1
8262,1,923210,2
8263,1,76580,1
8264,1,37130,1
8265,1,25120,1
8266,1,164320,2
8267,1,27980,1
8268,1,56570,1
8269,1,45390,1
8270,1,91000,2
8271,1,121530,2
8272,1,305120,2
8273,1,28700,1
8274,1,353190,1
8275,1,37700,1
8276,1,37930,2
8277,1,383590,1
8278,1,944570,2
8279,1,92120,1
8280,1,21580,1
8281,1,285470,2
8282,1,22690,1
8283,1,441000,1
8284,1,219280,2
8285,1,140460,2
8286,1,30130,2
8287,1,608560,2
8288,1,118870,2
8289,1,67650,1
8290,1,181630,1
8291,1,63560,1
8292,1,38330,2
8293,1,806450,1
8294,1,62780,1
8295,1,195290,2
8296,1,21270,1
8297,1,819240,2
8298,1,99900,1
8299,1,112290,2
8300,1,53020,1
8301,1,225580,1
8302,1,76730,1
8303,1,27530,2
8304,1,467470,1
8305,1,30040,1
8306,1,811570,2
8307,1,234140,1
8308,1,48830,2
8309,1,26620,1
8310,1,202460,2
8311,1,64400,1
8312,1,23960,1
8313,1,77290,2
8314,1,65400,1
8315,1,94970,1
8316,1,74860,1
8317,1,195460,2
8318,1,73580,1
8319,1,386230,1
8320,1,275420,1
8321,1,29500,1
8322,1,23420,1
8323,1,176030,2
8324,1,89470,2
8325,1,52910,1
8326,1,164660,2
8327,1,675950,1
8328,1,35830,1
8329,1,181980,1
8330,1,31210,2
8331,1,63310,2
8332,1,277370,1
8333,1,809890,2
8334,1,87980,1
8335,1,20880,2
8336,1,49310,1
8337,1,489070,2
8338,1,48390,2
8339,1,963700,1
8340,1,56030,2
8341,1,104430,1
8342,1,596940,2
8343,1,35520,2
8344,1,23960,1
8345,1,147370,2
8346,1,79920,2
8347,1,30780,1
8348,1,20970,1
8349,1,37060,1
8350,1,99140,2
8351,1,23340,1
8352,1,31350,2
8353,1,905060,2
8354,1,35180,2
8355,1,53430,1
8356,1,56330,1
8357,1,30490,1
8358,1,32110,1
8359,1,330480,1
8360,1,101090,1
8361,1,33560,1
8362,1,75110,1
8363,1,399030,1
8364,1,776490,1
8365,1,37780,1
8366,1,28580,1
8367,1,166740,2
8368,1,47810,1
8369,1,386670,2
8370,1,73140,1
8371,1,25160,1
8372,1,689830,2
8373,1,203660,2
8374,1,906160,2
8375,1,232210,2
8376,1,36670,2
8377,1,361560,2
8378,1,152260,1
8379,1,110090,1
8380,1,732360,2
8381,1,21660,1
8382,1,55210,1
8383,1,124900,2
8384,1,102570,2
8385,1,35060,1
8386,1,48970,2
8387,1,876780,2
8388,1,807130,2
8389,1,180950,2
8390,1,246580,2
8391,1,53170,1
8392,1,113840,1
8393,1,481250,2
8394,1,32950,2
8395,1,40530,2
8396,1,444880,1
8397,1,100460,1
8398,1,246410,1
8399,1,139310,1
8400,1,873850,2
8401,1,54960,1
8402,1,46410,1
8403,1,40300,2
8404,1,169690,1
8405,1,65400,1
8406,1,21390,1
8407,1,161320,1
8408,1,21320,2
8409,1,258090,2
8410,1,229100,2
8411,1,645400,2
8412,1,63000,1
8413,1,66550,2
8414,1,232780,2
8415,1,44450,2
8416,1,91750,1
8417,1,409240,2
8418,1,794450,1
8419,1,37650,2
8420,1,142230,1
8421,1,58300,2
8422,1,25890,1
8423,1,541670,1
8424,1,28340,2
8425,1,340150,2
8426,1,41830,1
8427,1,31140,2
8428,1,160580,2
8429,1,679830,1
8430,1,129130,2
8431,1,43930,1
8432,1,40810,1
8433,1,709420,2
8434,1,53300,2
8435,1,868660,2
8436,1,27590,1
8437,1,44020,1
8438,1,267850,1
8439,1,24460,1
8440,1,213060,2
8441,1,50230,1
8442,1,28280,1
8443,1,95320,1
8444,1,104400,1
8445,1,335850,2
8446,1,76420,2
8447,1,27450,1
8448,1,525430,1
8449,1,854060,1
8450,1,220720,1
8451,1,62780,2
8452,1,43830,1
8453,1,78440,2
8454,1,840070,2
8455,1,663300,2
8456,1,22150,2
8457,1,384880,1
8458,1,318440,2
8459,1,101690,1
8460,1,71830,1
8461,1,586170,2
8462,1,360220,2
8463,1,176200,1
8464,1,20870,2
8465,1,26180,1
8466,1,41010,2
8467,1,47860,1
8468,1,21720,2
8469,1,60280,1
8470,1,412370,1
8471,1,50660,2
8472,1,447840,2
8473,1,37360,1
8474,1,89040,1
8475,1,33760,2
8476,1,155830,2
8477,1,60530,1
8478,1,20660,1
8479,1,444860,1
8480,1,44600,2
8481,1,107780,1
8482,1,285410,2
8483,1,90030,1
8484,1,325370,2
8485,1,511980,2
8486,1,882910,2
8487,1,102860,1
8488,1,303840,1
8489,1,103110,1
8490,1,993390,2
8491,1,194090,2
8492,1,91260,1
8493,1,118310,1
8494,1,22180,2
8495,1,934130,2
8496,1,835490,1
8497,1,541380,2
8498,1,134770,1
8499,1,286820,1
8500,1,194750,1
8501,1,102810,2
8502,1,20130,2
8503,1,779260,2
8504,1,20930,2
8505,1,27160,1
8506,1,502180,1
8507,1,316980,1
8508,1,50440,1
8509,1,375510,1
8510,1,653920,1
8511,1,49350,1
8512,1,49930,2
8513,1,151830,2
8514,1,432080,2
8515,1,903990,1
8516,1,848780,2
8517,1,380300,1
8518,1,31530,2
8519,1,123710,2
8520,1,127160,1
8521,1,59790,1
8522,1,361450,1
8523,1,117180,2
8524,1,360020,2
8525,1,68570,1
8526,1,544110,2
8527,1,73330,2
8528,1,361000,1
8529,1,46530,1
8530,1,453880,1
8531,1,276560,2
8532,1,33230,1
8533,1,881710,1
8534,1,40720,1
8535,1,27120,2
8536,1,74650,1
8537,1,267420,2
8538,1,221740,2
8539,1,32800,1
8540,1,31570,1
8541,1,535690,2
8542,1,857600,2
8543,1,150320,2
8544,1,28940,1
8545,1,60860,2
8546,1,26100,2
8547,1,288080,2
8548,1,375850,2
8549,1,122210,2
8550,1,43340,1
8551,1,59000,2
8552,1,68120,1
8553,1,89870,1
8554,1,233870,2
8555,1,70910,1
8556,1,29980,1
8557,1,93940,2
8558,1,240890,1
8559,1,306990,2
8560,1,696910,1
8561,1,61880,1
8562,1,155450,1
8563,1,105180,1
8564,1,391670,1
8565,1,35570,2
8566,1,94330,1
8567,1,93860,2
8568,1,23420,2
8569,1,71740,2
8570,1,59340,1
8571,1,29530,1
8572,1,299820,1
8573,1,30060,2
8574,1,21710,1
8575,1,20200,1
8576,1,26450,1
8577,1,831360,2
8578,1,902590,2
8579,1,178410,2
8580,1,611660,2
8581,1,250140,2
8582,1,29820,2
8583,1,166550,2
8584,1,292850,1
8585,1,34400,2
8586,1,137500,1
8587,1,174200,1
8588,1,181590,1
8589,1,294210,2
8590,1,208920,1
8591,1,168940,2
8592,1,223800,1
8593,1,149340,2
8594,1,108250,1
8595,1,69590,1
8596,1,32150,1
8597,1,252160,2
8598,1,21110,1
8599,1,846210,1
8600,1,159630,2
8601,1,168770,1
8602,1,319510,2
8603,1,59370,1
8604,1,153510,2
8605,1,808030,2
8606,1,33450,2
8607,1,997180,2
8608,1,211740,1
8609,1,63130,2
8610,1,30750,2
8611,1,66490,2
8612,1,131610,2
8613,1,144640,2
8614,1,36450,1
8615,1,668870,1
8616,1,36500,1
8617,1,307140,2
8618,1,972650,1
8619,1,147900,1
8620,1,240570,1
8621,1,990760,2
8622,1,689990,2
8623,1,73080,1
8624,1,956220,1
8625,1,64720,1
8626,1,632190,2
8627,1,108990,2
8628,1,576700,1
8629,1,357440,2
8630,1,143930,2
8631,1,497960,1
8632,1,31180,1
8633,1,56750,2
8634,1,654900,1
8635,1,234690,2
8636,1,113880,1
8637,1,996070,2
8638,1,183410,1
8639,1,44120,1
8640,1,51520,1
8641,1,283270,2
8642,1,43600,1
8643,1,82640,1
8644,1,289940,1
8645,1,342790,1
8646,1,30160,2
8647,1,49600,1
8648,1,38010,1
8649,1,450380,1
8650,1,33420,1
8651,1,58330,1
8652,1,32990,1
8653,1,919890,1
8654,1,48040,2
8655,1,66140,1
8656,1,156990,2
8657,1,637420,2
8658,1,27630,1
8659,1,390940,2
8660,1,281440,2
8661,1,277240,2
8662,1,67630,1
8663,1,471750,2
8664,1,32830,1
8665,1,26340,1
8666,1,84990,2
8667,1,70480,1
8668,1,131020,2
8669,1,33680,1
8670,1,84620,1
8671,1,43030,1
8672,1,87540,2
8673,1,995480,2
8674,1,39500,2
8675,1,414250,2
8676,1,33280,1
8677,1,24850,1
8678,1,93490,1
8679,1,20690,2
8680,1,68400,1
8681,1,34250,2
8682,1,133300,1
8683,1,61310,1
8684,1,28200,1
8685,1,100970,1
8686,1,22450,1
8687,1,34600,2
8688,1,40050,1
8689,1,94220,2
8690,1,46600,1
8691,1,34470,1
8692,1,32920,1
8693,1,71690,2
8694,1,51360,1
8695,1,480090,2
8696,1,401050,2
8697,1,407060,2
8698,1,58380,2
8699,1,65430,1
8700,1,60960,1
8701,1,25940,1
8702,1,79160,2
8703,1,23280,1
8704,1,30350,2
8705,1,24140,1
8706,1,23620,2
8707,1,74750,1
8708,1,91430,1
8709,1,27310,2
8710,1,88000,2
8711,1,33570,1
8712,1,50940,1
8713,1,254000,1
8714,1,133330,1
8715,1,106910,1
8716,1,73710,1
8717,1,27550,1
8718,1,21600,2
8719,1,44390,1
8720,1,62830,1
8721,1,416350,1
8722,1,408390,1
8723,1,26320,2
8724,1,239440,1
8725,1,202380,2
8726,1,52920,1
8727,1,49690,1
8728,1,23030,1
8729,1,101230,1
8730,1,33120,2
8731,1,46490,2
8732,1,42650,2
8733,1,448330,2
8734,1,23720,1
8735,1,38780,1
8736,1,25940,1
8737,1,23250,1
8738,1,34290,1
8739,1,33540,2
8740,1,20220,1
8741,1,27580,1
8742,1,22650,1
8743,1,78790,2
8744,1,36500,1
8745,1,92340,1
8746,1,27680,1
8747,1,31180,2
8748,1,24630,1
8749,1,20970,2
8750,1,432070,1
8751,1,208870,1
8752,1,406140,2
8753,1,90530,1
8754,1,322940,2
8755,1,278230,2
8756,1,258960,1
8757,1,31040,1
8758,1,119110,1
8759,1,43840,2
8760,1,115580,1
8761,1,171230,2
8762,1,256910,1
8763,1,87180,1
8764,1,409830,2
8765,1,55020,2
8766,1,44590,1
8767,1,47460,1
8768,1,335100,2
8769,1,237990,2
8770,1,27350,1
8771,1,321870,2
8772,1,405010,2
8773,1,106510,2
8774,1,22970,1
8775,1,43500,2
8776,1,31800,1
8777,1,25040,1
8778,1,43750,2
8779,1,25050,1
8780,1,275000,2
8781,1,428850,1
8782,1,137560,1
8783,1,120960,2
8784,1,70170,2
8785,1,26650,1
8786,1,144280,1
8787,1,366210,2
8788,1,21640,1
8789,1,27840,2
8790,1,123400,2
8791,1,95730,1
8792,1,99340,2
8793,1,25170,1
8794,1,87950,1
8795,1,210040,1
8796,1,63290,2
8797,1,28150,1
8798,1,33130,1
8799,1,40420,2
8800,1,76750,2
8801,1,129240,2
8802,1,20370,1
8803,1,103970,2
8804,1,48720,2
8805,1,323750,1
8806,1,113610,1
8807,1,139270,2
8808,1,379440,1
8809,1,75680,2
8810,1,120100,1
8811,1,240550,1
8812,1,31710,1
8813,1,51160,1
8814,1,112220,2
8815,1,27440,2
8816,1,84070,2
8817,1,94290,1
8818,1,220190,1
8819,1,339670,2
8820,1,63320,1
8821,1,93490,1
8822,1,87930,1
8823,1,39450,1
8824,1,136370,1
8825,1,72860,1
8826,1,118600,1
8827,1,57560,1
8828,1,20390,2
8829,1,248790,2
8830,1,124250,1
8831,1,333620,1
8832,1,27890,1
8833,1,140920,1
8834,1,22640,1
8835,1,22880,1
8836,1,123550,2
8837,1,70030,2
8838,1,39770,2
8839,1,53790,1
8840,1,172880,1
8841,1,426220,2
8842,1,24090,1
8843,1,65090,2
8844,1,20290,2
8845,1,265630,1
8846,1,51070,1
8847,1,121040,2
8848,1,72990,1
8849,1,254820,2
8850,1,68910,1
8851,1,50770,2
8852,1,245820,2
8853,1,158400,1
8854,1,99970,1
8855,1,103920,1
8856,1,26720,2
8857,1,259310,2
8858,1,441320,2
8859,1,389820,2
8860,1,24720,1
8861,1,33670,2
8862,1,34500,1
8863,1,32170,2
8864,1,35640,2
8865,1,24270,1
8866,1,76970,2
8867,1,28420,1
8868,1,30640,2
8869,1,489460,2
8870,1,393150,2
8871,1,22400,1
8872,1,144330,1
8873,1,31720,2
8874,1,20800,2
8875,1,189330,2
8876,1,236990,2
8877,1,39980,1
8878,1,29390,2
8879,1,140400,1
8880,1,68140,1
8881,1,402960,2
8882,1,59830,1
8883,1,365030,2
8884,1,187710,1
8885,1,84970,2
8886,1,50940,1
8887,1,28320,1
8888,1,98530,2
8889,1,50730,2
8890,1,318500,1
8891,1,61140,2
8892,1,170470,1
8893,1,401410,2
8894,1,85280,2
8895,1,94090,2
8896,1,232460,2
8897,1,28380,1
8898,1,75100,2
8899,1,56340,1
8900,1,21730,1
8901,1,20140,1
8902,1,228390,1
8903,1,98950,1
8904,1,432810,1
8905,1,195020,2
8906,1,40540,1
8907,1,54450,1
8908,1,125260,1
8909,1,102830,2
8910,1,43690,1
8911,1,395480,1
8912,1,38150,1
8913,1,198950,2
8914,1,338240,2
8915,1,63660,2
8916,1,199360,2
8917,1,318690,1
8918,1,176750,2
8919,1,135830,2
8920,1,40950,1
8921,1,46630,2
8922,1,36980,2
8923,1,23430,2
8924,1,40890,2
8925,1,40680,1
8926,1,30290,2
8927,1,63880,1
8928,1,22710,1
8929,1,221360,2
8930,1,375700,2
8931,1,83840,1
8932,1,172300,1
8933,1,218680,1
8934,1,40960,1
8935,1,390910,2
8936,1,354690,2
8937,1,73790,1
8938,1,235610,1
8939,1,84140,1
8940,1,411940,1
8941,1,365830,2
8942,1,275980,1
8943,1,27520,1
8944,1,200500,2
8945,1,51480,1
8946,1,203160,1
8947,1,31410,1
8948,1,69420,2
8949,1,73950,2
8950,1,113820,2
8951,1,106020,2
8952,1,37580,1
8953,1,45350,2
8954,1,68800,1
8955,1,93700,2
8956,1,45790,1
8957,1,43510,1
8958,1,172630,2
8959,1,197680,1
8960,1,73750,2
8961,1,65940,2
8962,1,24450,2
8963,1,111100,1
8964,1,91930,2
8965,1,34070,2
8966,1,142010,1
8967,1,122830,1
8968,1,37110,1
8969,1,24620,2
8970,1,33820,1
8971,1,25270,1
8972,1,115750,2
8973,1,42000,2
8974,1,119770,1
8975,1,187020,2
8976,1,76600,2
8977,1,137020,2
8978,1,71190,1
8979,1,77540,1
8980,1,88440,1
8981,1,46120,1
8982,1,31710,2
8983,1,73350,2
8984,1,109490,1
8985,1,53670,2
8986,1,39170,1
8987,1,40030,1
8988,1,39170,2
8989,1,48150,1
8990,1,30020,1
8991,1,32080,1
8992,1,26740,1
8993,1,24600,2
8994,1,27630,2
8995,1,160390,1
8996,1,111070,1
8997,1,34430,1
8998,1,84420,1
8999,1,21640,1
9000,1,79570,2
9001,1,55220,2
9002,1,916440,1
9003,1,819280,2
9004,1,82950,2
9005,1,157530,1
9006,1,232190,1
9007,1,36740,2
9008,1,34450,1
9009,1,545950,2
9010,1,1000000,0
9011,1,652020,2
9012,1,50730,1
9013,1,21100,2
9014,1,44190,2
9015,1,30800,2
9016,1,1000000,2
9017,1,243000,1
9018,1,69760,1
9019,1,497900,2
9020,1,1000000,2
9021,1,29570,1
9022,1,26650,2
9023,1,594210,2
9024,1,1000000,0
9025,1,747800,1
9026,1,22490,1
9027,1,114680,2
9028,1,29300,1
9029,1,871680,2
9030,1,355440,1
9031,1,46350,1
9032,1,139690,1
9033,1,457110,2
9034,1,89370,2
9035,1,1000000,2
9036,1,41000,1
9037,1,466490,2
9038,1,35970,1
9039,1,184060,1
9040,1,55260,1
9041,1,176950,1
9042,1,957750,2
9043,1,56990,1
9044,1,20450,1
9045,1,73330,2
9046,1,39310,2
9047,1,932810,1
9048,1,316530,2
9049,1,246880,1
9050,1,667990,2
9051,1,167520,1
9052,1,32300,1
9053,1,105170,1
9054,1,119340,1
9055,1,22120,2
9056,1,34820,2
9057,1,116170,2
9058,1,629360,2
9059,1,637150,1
9060,1,148600,1
9061,1,89930,1
9062,1,72400,2
9063,1,33300,1
9064,1,116210,1
9065,1,48790,2
9066,1,33770,2
9067,1,23690,2
9068,1,513240,2
9069,1,671470,1
9070,1,135850,1
9071,1,828530,1
9072,1,170950,1
9073,1,743560,1
9074,1,178260,1
9075,1,337520,2
9076,1,35340,2
9077,1,418660,2
9078,1,20680,1
9079,1,455190,2
9080,1,38420,1
9081,1,39570,1
9082,1,81900,1
9083,1,84580,2
9084,1,31890,1
9085,1,713640,1
9086,1,167040,1
9087,1,816670,1
9088,1,349170,1
9089,1,125520,2
9090,1,628350,2
9091,1,84220,1
9092,1,218030,1
9093,1,20680,2
9094,1,25320,1
9095,1,59050,1
9096,1,28660,2
9097,1,301580,1
9098,1,20240,2
9099,1,28410,1
9100,1,22460,1
9101,1,141530,1
9102,1,32120,1
9103,1,29210,2
9104,1,71600,1
9105,1,26110,1
9106,1,22300,2
9107,1,27270,1
9108,1,49030,1
9109,1,93890,2
9110,1,72070,1
9111,1,156460,1
9112,1,126820,2
9113,1,45590,1
9114,1,82600,2
9115,1,142760,2
9116,1,312340,2
9117,1,60430,1
9118,1,67780,1
9119,1,35680,1
9120,1,63740,1
9121,1,30060,1
9122,1,221380,2
9123,1,79790,1
9124,1,29290,1
9125,1,35640,2
9126,1,122760,2
9127,1,22540,2
9128,1,318950,2
9129,1,106360,1
9130,1,43500,1
9131,1,23570,1
9132,1,25990,1
9133,1,748250,2
9134,1,55100,1
9135,1,24660,2
9136,1,32150,2
9137,1,52370,1
9138,1,272730,2
9139,1,746790,1
9140,1,93270,2
9141,1,26930,1
9142,1,957510,2
9143,1,101640,1
9144,1,83460,2
9145,1,188430,1
9146,1,836090,2
9147,1,111910,1
9148,1,245310,1
9149,1,554470,2
9150,1,39390,1
9151,1,198370,1
9152,1,248060,2
9153,1,34370,2
9154,1,21300,1
9155,1,226940,2
9156,1,27810,1
9157,1,47710,1
9158,1,55020,2
9159,1,44610,1
9160,1,225750,1
9161,1,113440,2
9162,1,157580,1
9163,1,70960,1
9164,1,87150,2
9165,1,23120,1
9166,1,20680,2
9167,1,62010,1
9168,1,173630,2
9169,1,115960,1
9170,1,428800,2
9171,1,43840,2
9172,1,188380,2
9173,1,20820,1
9174,1,166660,1
9175,1,484980,1
9176,1,24730,1
9177,1,238510,2
9178,1,26760,1
9179,1,539760,2
9180,1,522520,1
9181,1,205980,1
9182,1,41720,2
9183,1,49960,1
9184,1,527580,1
9185,1,32010,1
9186,1,33710,1
9187,1,93300,1
9188,1,379670,1
9189,1,32300,1
9190,1,101810,2
9191,1,81680,1
9192,1,638720,1
9193,1,78900,1
9194,1,67050,1
9195,1,276230,1
9196,1,357380,1
9197,1,30430,1
9198,1,879830,2
9199,1,116820,2
9200,1,448990,2
9201,1,102680,1
9202,1,469450,2
9203,1,51970,2
9204,1,310090,1
9205,1,21220,1
9206,1,261690,1
9207,1,46260,1
9208,1,134980,1
9209,1,32910,1
9210,1,774200,2
9211,1,589220,2
9212,1,73090,2
9213,1,376760,2
9214,1,63560,1
9215,1,286710,2
9216,1,149790,1
9217,1,722640,1
9218,1,384170,1
9219,1,20620,1
9220,1,99490,1
9221,1,85980,2
9222,1,21410,2
9223,1,314520,1
9224,1,79470,1
9225,1,43750,1
9226,1,195720,2
9227,1,23120,1
9228,1,562700,2
9229,1,217950,2
9230,1,128870,1
9231,1,87590,1
9232,1,22310,1
9233,1,33290,1
9234,1,287740,2
9235,1,119350,1
9236,1,332210,1
9237,1,128640,2
9238,1,31690,2
9239,1,155980,2
9240,1,239460,2
9241,1,56260,2
9242,1,43010,1
9243,1,55830,2
9244,1,106070,2
9245,1,46030,1
9246,1,24270,1
9247,1,203790,2
9248,1,278380,2
9249,1,60900,1
9250,1,351560,2
9251,1,20950,1
9252,1,75200,2
9253,1,44300,2
9254,1,147780,1
9255,1,51150,1
9256,1,59030,1
9257,1,78140,1
9258,1,34520,1
9259,1,185600,1
9260,1,235870,1
9261,1,121760,1
9262,1,59330,2
9263,1,36460,2
9264,1,88750,1
9265,1,117600,2
9266,1,34410,2
9267,1,172110,1
9268,1,709720,2
9269,1,406800,1
9270,1,153010,1
9271,1,94610,1
9272,1,177540,1
9273,1,173360,1
9274,1,55220,1
9275,1,69230,1
9276,1,43440,1
9277,1,34430,1
9278,1,21740,1
9279,1,39040,2
9280,1,136610,1
9281,1,396660,2
9282,1,25460,1
9283,1,59840,2
9284,1,387560,2
9285,1,48000,1
9286,1,230540,2
9287,1,304030,2
9288,1,45850,2
9289,1,142180,1
9290,1,99570,1
9291,1,23240,1
9292,1,127380,1
9293,1,39230,1
9294,1,46440,1
9295,1,77550,1
9296,1,149060,2
9297,1,31910,1
9298,1,24190,1
9299,1,111620,1
9300,1,904920,2
9301,1,70500,2
9302,1,78350,2
9303,1,60530,1
9304,1,738580,1
9305,1,36740,1
9306,1,127010,2
9307,1,50810,1
9308,1,233070,1
9309,1,45250,1
9310,1,66560,2
9311,1,400260,1
9312,1,38120,1
9313,1,91350,1
9314,1,226820,1
9315,1,38770,1
9316,1,209460,2
9317,1,579450,1
9318,1,184080,1
9319,1,23200,1
9320,1,685150,2
9321,1,323760,1
9322,1,26800,1
9323,1,100130,1
9324,1,20790,1
9325,1,152160,1
9326,1,24940,1
9327,1,24960,1
9328,1,36730,2
9329,1,39940,2
9330,1,50290,1
9331,1,997290,2
9332,1,53980,1
9333,1,784450,1
9334,1,38570,1
9335,1,874980,1
9336,1,264880,1
9337,1,906360,2
9338,1,218610,2
9339,1,23530,2
9340,1,43280,2
9341,1,44820,2
9342,1,50530,2
9343,1,460140,2
9344,1,172370,1
9345,1,24830,1
9346,1,750210,1
9347,1,68720,1
9348,1,53330,1
9349,1,270800,1
9350,1,194430,1
9351,1,201800,2
9352,1,376890,1
9353,1,558350,1
9354,1,53080,2
9355,1,588260,1
9356,1,95880,1
9357,1,65920,2
9358,1,407360,1
9359,1,579590,1
9360,1,115070,1
9361,1,595200,2
9362,1,148430,1
9363,1,122820,2
9364,1,41300,1
9365,1,115600,2
9366,1,112180,2
9367,1,774260,2
9368,1,481760,1
9369,1,617030,2
9370,1,297630,1
9371,1,45080,1
9372,1,52140,1
9373,1,205370,1
9374,1,868020,2
9375,1,33620,1
9376,1,494870,1
9377,1,476270,2
9378,1,22660,1
9379,1,21990,2
9380,1,55580,1
9381,1,140750,1
9382,1,129720,1
9383,1,89330,1
9384,1,434620,2
9385,1,30600,1
9386,1,411270,2
9387,1,549950,1
9388,1,171250,1
9389,1,99620,1
9390,1,99810,2
9391,1,50450,1
9392,1,438020,1
9393,1,68450,1
9394,1,564430,2
9395,1,410630,2
9396,1,97850,1
9397,1,59970,2
9398,1,151070,1
9399,1,35210,1
9400,1,20790,1
9401,1,26750,1
9402,1,202040,1
9403,1,495200,2
9404,1,77830,1
9405,1,153050,1
9406,1,150800,2
9407,1,30870,1
9408,1,37180,2
9409,1,27350,1
9410,1,42690,1
9411,1,70030,2
9412,1,670290,2
9413,1,315260,1
9414,1,22160,1
9415,1,106780,2
9416,1,63260,1
9417,1,123660,1
9418,1,195300,1
9419,1,30570,2
9420,1,110210,1
9421,1,307420,1
9422,1,24730,1
9423,1,361140,2
9424,1,324670,1
9425,1,810670,2
9426,1,368110,2
9427,1,686670,2
9428,1,789070,2
9429,1,236670,1
9430,1,32420,2
9431,1,36450,1
9432,1,42930,1
9433,1,20230,2
9434,1,85090,2
9435,1,371460,1
9436,1,733480,2
9437,1,192290,2
9438,1,38760,2
9439,1,767010,2
9440,1,317870,1
9441,1,564030,2
9442,1,34210,1
9443,1,99750,1
9444,1,48410,1
9445,1,20120,2
9446,1,587710,2
9447,1,32210,1
9448,1,179380,2
9449,1,39030,1
9450,1,129590,1
9451,1,908540,1
9452,1,20990,1
9453,1,149230,2
9454,1,32350,1
9455,1,216670,2
9456,1,101490,1
9457,1,159580,2
9458,1,87180,2
9459,1,21210,1
9460,1,267640,1
9461,1,57480,1
9462,1,20910,1
9463,1,26230,1
9464,1,651740,2
9465,1,77340,2
9466,1,137190,2
9467,1,31090,2
9468,1,868580,1
9469,1,113580,1
9470,1,46320,2
9471,1,42020,1
9472,1,57750,1
9473,1,165250,1
9474,1,435190,1
9475,1,40740,1
9476,1,60900,1
9477,1,293560,2
9478,1,65700,1
9479,1,418640,2
9480,1,70760,1
9481,1,97250,1
9482,1,40470,1
9483,1,934450,2
9484,1,510360,2
9485,1,40570,1
9486,1,340370,1
9487,1,300610,2
9488,1,305320,2
9489,1,69650,1
9490,1,37120,1
9491,1,308830,2
9492,1,37250,1
9493,1,913950,1
9494,1,285170,1
9495,1,26080,2
9496,1,779860,1
9497,1,94860,2
9498,1,547300,2
9499,1,30570,1
9500,1,686090,2
9501,1,72930,1
9502,1,498420,2
9503,1,227110,2
9504,1,231070,2
9505,1,42300,1
9506,1,432580,2
9507,1,614250,1
9508,1,121470,2
9509,1,52490,2
9510,1,500840,1
9511,1,454690,2
9512,1,789090,2
9513,1,396220,2
9514,1,32260,2
9515,1,61280,1
9516,1,460000,2
9517,1,34360,1
9518,1,36140,2
9519,1,863670,1
9520,1,531770,1
9521,1,171610,2
9522,1,133860,2
9523,1,113910,1
9524,1,636740,2
9525,1,418410,2
9526,1,431160,2
9527,1,82000,1
9528,1,78520,1
9529,1,51740,1
9530,1,78880,1
9531,1,207100,1
9532,1,20520,1
9533,1,30300,2
9534,1,312820,1
9535,1,421900,2
9536,1,251620,1
9537,1,114910,2
9538,1,23510,2
9539,1,257680,2
9540,1,37650,1
9541,1,94280,1
9542,1,338600,2
9543,1,454680,2
9544,1,107510,1
9545,1,30520,1
9546,1,589430,1
9547,1,229490,2
9548,1,39040,1
9549,1,29800,1
9550,1,28620,2
9551,1,330190,1
9552,1,56040,1
9553,1,53840,1
9554,1,58490,2
9555,1,135580,1
9556,1,61160,2
9557,1,27470,1
9558,1,163860,1
9559,1,901850,2
9560,1,455470,2
9561,1,464290,2
9562,1,445310,1
9563,1,169990,2
9564,1,351660,2
9565,1,53710,1
9566,1,103120,2
9567,1,677970,1
9568,1,204010,1
9569,1,36210,2
9570,1,194700,1
9571,1,937620,2
9572,1,542150,2
9573,1,46690,2
9574,1,74920,2
9575,1,42960,1
9576,1,976200,2
9577,1,20220,2
9578,1,101030,1
9579,1,100940,1
9580,1,23750,1
9581,1,359280,1
9582,1,132160,2
9583,1,58050,1
9584,1,46200,1
9585,1,74640,2
9586,1,123260,1
9587,1,812960,2
9588,1,385100,2
9589,1,769370,2
9590,1,57740,1
9591,1,157000,2
9592,1,95930,1
9593,1,25550,2
9594,1,45310,1
9595,1,33610,1
9596,1,30290,1
9597,1,24750,1
9598,1,71300,2
9599,1,39330,1
9600,1,292020,2
9601,1,29030,1
9602,1,580660,1
9603,1,212070,2
9604,1,43450,1
9605,1,45720,1
9606,1,169710,1
9607,1,192290,1
9608,1,28660,1
9609,1,229930,1
9610,1,52880,1
9611,1,37010,1
9612,1,86470,2
9613,1,291590,2
9614,1,24710,1
9615,1,48950,1
9616,1,31740,1
9617,1,180670,1
9618,1,486950,2
9619,1,289330,1
9620,1,416070,1
9621,1,520390,2
9622,1,58430,2
9623,1,137400,1
9624,1,86390,1
9625,1,560960,2
9626,1,91940,2
9627,1,86570,2
9628,1,55720,1
9629,1,84610,1
9630,1,51910,2
9631,1,596670,1
9632,1,428300,1
9633,1,178190,2
9634,1,839640,1
9635,1,464390,1
9636,1,117020,2
9637,1,20090,2
9638,1,666730,2
9639,1,59250,2
9640,1,69520,1
9641,1,67710,2
9642,1,32230,1
9643,1,713600,1
9644,1,27260,1
9645,1,23330,1
9646,1,60470,2
9647,1,863210,2
9648,1,211640,2
9649,1,74670,1
9650,1,23300,1
9651,1,285690,2
9652,1,298950,2
9653,1,22760,1
9654,1,52350,2
9655,1,39750,1
9656,1,33130,2
9657,1,486990,1
9658,1,287290,1
9659,1,237600,2
9660,1,462400,2
9661,1,127960,1
9662,1,968240,2
9663,1,58890,1
9664,1,394280,2
9665,1,146430,2
9666,1,464010,2
9667,1,184780,2
9668,1,46850,1
9669,1,959660,2
9670,1,360190,2
9671,1,221310,2
9672,1,199010,1
9673,1,22050,2
9674,1,45180,2
9675,1,80260,1
9676,1,147150,1
9677,1,734900,2
9678,1,548950,1
9679,1,71390,2
9680,1,710790,2
9681,1,34990,1
9682,1,23090,1
9683,1,20000,2
9684,1,46110,1
9685,1,508100,2
9686,1,24030,1
9687,1,507620,2
9688,1,30240,2
9689,1,343340,2
9690,1,54730,1
9691,1,50330,2
9692,1,157200,1
9693,1,24410,2
9694,1,34520,2
9695,1,79140,1
9696,1,975110,1
9697,1,111150,2
9698,1,28790,1
9699,1,131710,2
9700,1,20110,1
9701,1,140800,1
9702,1,44910,1
9703,1,761560,1
9704,1,104060,1
9705,1,33280,2
9706,1,218500,2
9707,1,101990,1
9708,1,27790,1
9709,1,26390,1
9710,1,485500,2
9711,1,30100,2
9712,1,28470,1
9713,1,95220,2
9714,1,470160,2
9715,1,32730,2
9716,1,108930,1
9717,1,117290,1
9718,1,154690,1
9719,1,58600,1
9720,1,34120,1
9721,1,75960,1
9722,1,137700,2
9723,1,290150,1
9724,1,422300,2
9725,1,35420,1
9726,1,141830,1
9727,1,332900,2
9728,1,58940,1
9729,1,163330,2
9730,1,452030,2
9731,1,25740,2
9732,1,41020,2
9733,1,225950,2
9734,1,129860,1
9735,1,38640,2
9736,1,114960,2
9737,1,21780,1
9738,1,31240,1
9739,1,313570,2
9740,1,41240,1
9741,1,53290,1
9742,1,38650,2
9743,1,134000,2
9744,1,42140,1
9745,1,421860,2
9746,1,48040,1
9747,1,393780,1
9748,1,30370,1
9749,1,31100,1
9750,1,27500,1
9751,1,152880,1
9752,1,65700,2
9753,1,488230,1
9754,1,68550,2
9755,1,54310,1
9756,1,312200,2
9757,1,160890,2
9758,1,129750,1
9759,1,27070,1
9760,1,40680,1
9761,1,100600,2
9762,1,466040,2
9763,1,93000,1
9764,1,174100,1
9765,1,238150,1
9766,1,44860,2
9767,1,42090,2
9768,1,173940,2
9769,1,78630,2
9770,1,97310,1
9771,1,186590,2
9772,1,60040,2
9773,1,85670,2
9774,1,25340,1
9775,1,121400,2
9776,1,49130,1
9777,1,21010,1
9778,1,64200,1
9779,1,95590,1
9780,1,48320,1
9781,1,62990,1
9782,1,438080,1
9783,1,25350,1
9784,1,32380,1
9785,1,30390,1
9786,1,31610,1
9787,1,191100,1
9788,1,33170,1
9789,1,206750,2
9790,1,66170,1
9791,1,315180,1
9792,1,262920,2
9793,1,37690,1
9794,1,312360,2
9795,1,100430,2
9796,1,143680,2
9797,1,307500,1
9798,1,112150,2
9799,1,89810,2
9800,1,50250,1
9801,1,23300,1
9802,1,24960,2
9803,1,70120,1
9804,1,76220,1
9805,1,139120,1
9806,1,330680,1
9807,1,25530,1
9808,1,23980,2
9809,1,33590,2
9810,1,245350,2
9811,1,68250,2
9812,1,47730,1
9813,1,44640,1
9814,1,279940,1
9815,1,258590,1
9816,1,30800,1
9817,1,21940,2
9818,1,277570,2
9819,1,62530,2
9820,1,75010,2
9821,1,186360,1
9822,1,70660,1
9823,1,20750,1
9824,1,25270,1
9825,1,178180,1
9826,1,72640,1
9827,1,26290,1
9828,1,39040,2
9829,1,270970,2
9830,1,23390,1
9831,1,56640,2
9832,1,26210,2
9833,1,227990,1
9834,1,145340,2
9835,1,67620,2
9836,1,72040,1
9837,1,54610,1
9838,1,29290,1
9839,1,73310,2
9840,1,62710,1
9841,1,28300,1
9842,1,61990,1
9843,1,121230,1
9844,1,216950,1
9845,1,212320,1
9846,1,151710,1
9847,1,50960,2
9848,1,66450,2
9849,1,25280,1
9850,1,323450,2
9851,1,40890,1
9852,1,218660,1
9853,1,103020,1
9854,1,136560,2
9855,1,255270,1
9856,1,21140,2
9857,1,68690,2
9858,1,86250,2
9859,1,200660,2
9860,1,404520,1
9861,1,253710,1
9862,1,37940,1
9863,1,254110,2
9864,1,247740,2
9865,1,105560,1
9866,1,97080,1
9867,1,50210,1
9868,1,222600,1
9869,1,58590,2
9870,1,21840,1
9871,1,411620,2
9872,1,37240,2
9873,1,107350,1
9874,1,320340,1
9875,1,50460,1
9876,1,23420,1
9877,1,41470,1
9878,1,208220,1
9879,1,54150,1
9880,1,71400,1
9881,1,200070,1
9882,1,48210,1
9883,1,37770,2
9884,1,386760,2
9885,1,304650,2
9886,1,108510,2
9887,1,42240,1
9888,1,68640,1
9889,1,219800,1
9890,1,223930,2
9891,1,68950,1
9892,1,37760,2
9893,1,42700,1
9894,1,23120,2
9895,1,23630,1
9896,1,83610,1
9897,1,37290,2
9898,1,96880,1
9899,1,25570,1
9900,1,53910,1
9901,1,21510,1
9902,1,150220,1
9903,1,402860,2
9904,1,20960,1
9905,1,73390,1
9906,1,180920,1
9907,1,23430,1
9908,1,447810,1
9909,1,26430,1
9910,1,186260,2
9911,1,78060,2
9912,1,24280,2
9913,1,64990,1
9914,1,22080,1
9915,1,24230,1
9916,1,45310,1
9917,1,235040,1
9918,1,51890,1
9919,1,320460,1
9920,1,320840,1
9921,1,35480,2
9922,1,53670,1
9923,1,180240,2
9924,1,70760,1
9925,1,70220,2
9926,1,120440,2
9927,1,289910,1
9928,1,59640,2
9929,1,44540,1
9930,1,498360,1
9931,1,245400,1
9932,1,164340,1
9933,1,43040,2
9934,1,27510,1
9935,1,466640,2
9936,1,272630,2
9937,1,46190,2
9938,1,31870,1
9939,1,288470,2
9940,1,62960,1
9941,1,171780,1
9942,1,66700,2
9943,1,107410,1
9944,1,99590,1
9945,1,57480,1
9946,1,51940,2
9947,1,72670,2
9948,1,149710,1
9949,1,220680,1
9950,1,125750,2
9951,1,364080,2
9952,1,422260,1
9953,1,41330,2
9954,1,21890,1
9955,1,25220,1
9956,1,26700,2
9957,1,108700,2
9958,1,21340,1
9959,1,489920,2
9960,1,45710,1
9961,1,36950,2
9962,1,99160,1
9963,1,30780,1
9964,1,145730,2
9965,1,469130,1
9966,1,43130,1
9967,1,25310,1
9968,1,22850,1
9969,1,179500,2
9970,1,29420,2
9971,1,22590,1
9972,1,43980,1
9973,1,175550,1
9974,1,76460,1
9975,1,31040,2
9976,1,94670,2
9977,1,142340,1
9978,1,82940,2
9979,1,26760,1
9980,1,76250,1
9981,1,35910,1
9982,1,133390,1
9983,1,25560,2
9984,1,44130,1
9985,1,68240,2
9986,1,57640,1
9987,1,25180,1
9988,1,168350,2
9989,1,192470,1
9990,1,21840,2
9991,1,46890,1
9992,1,23570,1
9993,1,49410,1
9994,1,27160,1
9995,1,41480,1
9996,1,63370,1
9997,1,164020,2
9998,1,71620,2
9999,1,21650,2
10000,1,90470,2
