1,basegame,0.0,3732.5
2,basegame,107.8,98.3
3,basegame,10000.0,0.0
4,basegame,215.3,51.2
5,basegame,8.6,854.4
6,basegame,10000.0,0.0
7,basegame,18.2,9219.6
8,basegame,765.9,20.3
9,basegame,2017.3,38.9
10,basegame,420.9,7457.2
11,basegame,153.4,7415.0
12,basegame,10000.0,0.0
13,basegame,20.2,2796.1
14,basegame,1904.1,32.6
15,basegame,289.2,12.9
16,basegame,10000.0,0.0
17,basegame,2417.1,57.6
18,basegame,8.5,10000.0
19,basegame,211.6,11.2
20,basegame,0.1,643.3
21,basegame,660.0,28.7
22,basegame,1278.4,5.3
23,basegame,222.5,20.8
24,basegame,5280.5,8.1
25,basegame,9414.6,31.3
26,basegame,15.3,6211.1
27,basegame,65.1,881.7
28,basegame,4.0,229.2
29,basegame,50.0,2952.9
30,basegame,0.0,3952.8
31,basegame,153.4,73.1
32,basegame,24.1,901.6
33,basegame,3320.3,17.2
34,basegame,81.3,944.5
35,basegame,436.7,48.5
36,basegame,1605.4,5021.1
37,basegame,23.8,3386.2
38,basegame,50.3,158.2
39,basegame,172.3,786.3
40,basegame,25.3,8290.8
41,basegame,593.9,6888.5
42,basegame,354.9,1556.4
43,basegame,89.0,553.2
44,basegame,196.8,53.7
45,basegame,3.6,383.2
46,basegame,43.1,327.2
47,basegame,716.9,135.5
48,basegame,0.7,256.9
49,basegame,275.6,24.4
50,basegame,620.3,131.9
51,basegame,1620.2,86.9
52,basegame,65.3,792.5
53,basegame,41.9,1334.3
54,basegame,8145.6,153.6
55,basegame,1373.6,2.2
56,basegame,3251.5,465.6
57,basegame,14.0,227.8
58,basegame,4813.1,263.9
59,basegame,6617.7,9.4
60,basegame,31.1,1126.0
61,basegame,50.5,244.2
62,basegame,121.8,3913.6
63,basegame,6.2,238.7
64,basegame,403.2,25.1
65,basegame,0.7,207.8
66,basegame,4157.2,26.2
67,basegame,202.9,29.8
68,basegame,262.1,1062.7
69,basegame,200.6,45.1
70,basegame,452.9,253.7
71,basegame,76.6,524.0
72,basegame,284.3,40.9
73,basegame,6.3,4593.4
74,basegame,5.4,736.5
75,basegame,2036.3,21.1
76,basegame,1058.0,51.6
77,basegame,3.6,942.9
78,basegame,1264.5,17.7
79,basegame,311.7,64.2
80,basegame,42.4,4066.3
81,basegame,8.5,4784.7
82,basegame,66.7,338.9
83,basegame,1.6,362.7
84,basegame,1137.4,55.7
85,basegame,5714.2,271.1
86,basegame,34.1,3481.2
87,basegame,387.8,102.0
88,basegame,35.4,285.4
89,basegame,7.0,9700.3
90,basegame,213.4,378.8
91,basegame,1890.1,28.5
92,basegame,1627.8,18.0
93,basegame,745.6,2.5
94,basegame,76.9,5685.9
95,basegame,586.3,45.7
96,basegame,23.4,3633.3
97,basegame,0.5,385.9
98,basegame,1086.9,1.4
99,basegame,72.4,513.5
100,basegame,20.4,511.0
101,basegame,657.4,761.4
102,basegame,58.0,321.1
103,basegame,594.4,22.6
104,basegame,255.1,288.3
105,basegame,2640.1,1401.3
106,basegame,64.5,244.6
107,basegame,185.6,44.0
108,basegame,257.1,19.0
109,basegame,236.7,9.9
110,basegame,19.5,9366.8
111,basegame,7.1,5519.9
112,basegame,0.2,467.3
113,basegame,225.0,6.4
114,basegame,3084.5,59.3
115,basegame,20.2,4619.1
116,basegame,14.1,508.1
117,basegame,1.4,238.4
118,basegame,51.0,705.4
119,basegame,67.8,8708.1
120,basegame,103.2,209.1
121,basegame,0.0,6732.6
122,basegame,159.8,5326.1
123,basegame,3.0,312.8
124,basegame,0.2,216.3
125,basegame,776.0,27.0
126,basegame,12.6,214.4
127,basegame,10.0,6960.4
128,basegame,250.0,1.3
129,basegame,7768.2,22.2
130,basegame,35.4,1548.7
131,basegame,221.1,10.3
132,basegame,36.0,5371.6
133,basegame,79.1,683.3
134,basegame,2.5,9031.6
135,basegame,2227.3,358.3
136,basegame,1749.5,6778.6
137,basegame,1258.4,185.6
138,basegame,58.9,314.4
139,basegame,190.0,119.4
140,basegame,160.3,48.9
141,basegame,19.8,207.2
142,basegame,5.8,2032.7
143,basegame,10.0,660.8
144,basegame,82.6,6320.1
145,basegame,14.3,302.8
146,basegame,342.7,1958.4
147,basegame,49.6,1980.7
148,basegame,0.0,653.1
149,basegame,118.9,158.7
150,basegame,278.1,85.5
151,basegame,10.1,387.6
152,basegame,1060.7,2488.6
153,basegame,284.1,91.6
154,basegame,16.5,7828.8
155,basegame,279.6,54.0
156,basegame,8.6,908.3
157,basegame,7.5,228.5
158,basegame,130.1,2309.0
159,basegame,3673.6,515.4
160,basegame,780.3,14.0
161,basegame,10.6,1097.2
162,basegame,113.0,273.9
163,basegame,240.9,44.9
164,basegame,2.3,204.5
165,basegame,347.2,27.1
166,basegame,40.4,2450.8
167,basegame,4982.5,473.0
168,basegame,39.6,7508.1
169,basegame,202.0,15.9
170,basegame,12.4,4983.3
171,basegame,5587.2,74.5
172,basegame,133.8,1066.4
173,basegame,150.8,6635.2
174,basegame,1100.2,27.0
175,basegame,155.0,49.8
176,basegame,294.7,70.2
177,basegame,606.2,14.4
178,basegame,6287.0,19.1
179,basegame,1455.0,20.0
180,basegame,4894.3,12.5
181,basegame,3.7,1125.8
182,basegame,589.1,9.9
183,basegame,12.1,247.0
184,basegame,24.3,1584.7
185,basegame,0.2,3943.1
186,basegame,8892.9,0.2
187,basegame,63.0,1499.8
188,basegame,5.8,8490.2
189,basegame,647.7,128.4
190,basegame,186.6,37.4
191,basegame,17.0,1053.4
192,basegame,131.0,4097.8
193,basegame,6.2,2256.3
194,basegame,20.2,4511.0
195,basegame,213.2,487.8
196,basegame,7.0,694.4
197,basegame,177.7,38.8
198,basegame,0.0,687.8
199,basegame,93.2,840.7
200,basegame,38.2,806.0
201,basegame,200.4,30.0
202,basegame,822.9,12.6
203,basegame,6992.3,14.1
204,basegame,75.8,127.9
205,basegame,71.4,908.2
206,basegame,65.0,3177.2
207,basegame,1086.9,48.5
208,basegame,10.0,3405.2
209,basegame,568.5,1248.6
210,basegame,540.3,65.1
211,basegame,908.0,18.4
212,basegame,32.4,431.4
213,basegame,10.4,5261.2
214,basegame,1042.9,93.7
215,basegame,0.0,3116.9
216,basegame,1.0,2711.8
217,basegame,25.8,724.7
218,basegame,46.0,250.0
219,basegame,13.1,651.4
220,basegame,1.5,1149.4
221,basegame,181.4,57.3
222,basegame,3.4,1158.4
223,basegame,6.3,4776.0
224,basegame,1.8,2598.9
225,basegame,36.3,502.5
226,basegame,120.1,124.2
227,basegame,0.4,3795.1
228,basegame,4.1,360.1
229,basegame,4.0,497.9
230,basegame,14.0,605.2
231,basegame,30.5,2050.1
232,basegame,1.1,5989.0
233,basegame,8.1,871.8
234,basegame,184.2,1923.0
235,basegame,7.1,4480.0
236,basegame,1724.5,460.1
237,basegame,377.1,50.4
238,basegame,25.7,2371.3
239,basegame,410.8,12.9
240,basegame,1046.8,51.5
241,basegame,71.3,395.4
242,basegame,989.7,6029.6
243,basegame,785.0,496.6
244,basegame,3.0,267.1
245,basegame,335.1,175.1
246,basegame,8.6,274.0
247,basegame,37.1,363.0
248,basegame,0.2,2617.1
249,basegame,29.7,3879.1
250,basegame,14.4,314.4
251,basegame,5903.7,12.9
252,basegame,10.0,6487.2
253,basegame,16.4,3810.1
254,basegame,52.5,574.8
255,basegame,92.2,1306.1
256,basegame,0.3,1117.7
257,basegame,146.4,1191.2
258,basegame,1540.2,51.7
259,basegame,36.4,200.7
260,basegame,17.5,2522.1
261,basegame,1546.8,78.5
262,basegame,151.8,74.6
263,basegame,46.5,1642.1
264,basegame,21.7,409.5
265,basegame,87.8,3304.0
266,basegame,2839.9,57.6
267,basegame,1173.0,34.9
268,basegame,131.2,282.0
269,basegame,9124.5,65.2
270,basegame,9.0,463.7
271,basegame,0.6,9193.5
272,basegame,850.2,2890.8
273,basegame,34.1,1845.5
274,basegame,843.7,6572.1
275,basegame,170.0,4333.1
276,basegame,572.7,971.0
277,basegame,238.8,764.5
278,basegame,2.5,480.9
279,basegame,33.9,358.0
280,basegame,173.3,174.6
281,basegame,161.7,1538.8
282,basegame,225.4,111.3
283,basegame,3.1,5376.1
284,basegame,49.3,238.3
285,basegame,6264.6,35.7
286,basegame,5.9,651.6
287,basegame,8368.5,220.5
288,basegame,388.4,345.7
289,basegame,7288.8,177.5
290,basegame,0.3,8282.8
291,basegame,25.0,7163.8
292,basegame,6320.8,16.0
293,basegame,28.3,378.0
294,basegame,0.8,223.8
295,basegame,0.2,334.3
296,basegame,359.1,24.6
297,basegame,230.8,307.2
298,basegame,104.2,535.5
299,basegame,3816.2,52.1
300,basegame,878.3,79.4
301,basegame,9336.6,32.2
302,basegame,7944.5,8.3
303,basegame,700.1,5922.0
304,basegame,307.2,8.7
305,basegame,242.8,6.0
306,basegame,183.2,109.0
307,basegame,30.0,534.3
308,basegame,2462.7,1070.0
309,basegame,605.2,5.7
310,basegame,3024.2,32.9
311,basegame,0.0,493.4
312,basegame,111.2,230.8
313,basegame,17.9,3910.8
314,basegame,20.6,4696.1
315,basegame,925.2,9.8
316,basegame,8866.2,25.1
317,basegame,0.4,204.2
318,basegame,1140.4,16.0
319,basegame,63.6,261.5
320,basegame,327.5,376.3
321,basegame,236.5,2.3
322,basegame,335.5,18.8
323,basegame,424.4,513.0
324,basegame,12.4,824.2
325,basegame,4.3,460.5
326,basegame,1127.9,3.0
327,basegame,1256.8,46.5
328,basegame,1.3,570.6
329,basegame,21.0,969.3
330,basegame,229.1,4.5
331,basegame,1.5,557.1
332,basegame,21.0,5659.5
333,basegame,166.3,39.1
334,basegame,86.6,157.9
335,basegame,3050.4,1179.3
336,basegame,2103.7,36.2
337,basegame,0.0,8946.6
338,basegame,475.0,3.5
339,basegame,37.4,1416.0
340,basegame,3594.8,55.2
341,basegame,32.0,398.8
342,basegame,0.5,7761.9
343,basegame,8.4,8634.1
344,basegame,25.6,2913.9
345,basegame,325.8,7.8
346,basegame,189.4,1134.4
347,basegame,59.0,8098.2
348,basegame,195.3,11.9
349,basegame,506.4,9.5
350,basegame,10.8,259.3
351,basegame,13.6,849.5
352,basegame,1336.0,266.8
353,basegame,225.3,47.6
354,basegame,566.7,37.6
355,basegame,31.6,1031.1
356,basegame,18.5,3694.0
357,basegame,878.7,83.7
358,basegame,552.1,115.3
359,basegame,401.7,145.0
360,basegame,362.9,247.9
361,basegame,257.8,1614.7
362,basegame,8.3,2539.7
363,basegame,2.5,2882.7
364,basegame,381.9,12.7
365,basegame,59.8,1298.8
366,basegame,2202.4,16.6
367,basegame,415.4,21.6
368,basegame,1808.5,1245.4
369,basegame,429.4,215.6
370,basegame,7.3,738.1
371,basegame,18.1,757.0
372,basegame,0.3,404.9
373,basegame,0.3,3012.0
374,basegame,337.4,18.5
375,basegame,250.2,113.7
376,basegame,1632.8,1.5
377,basegame,298.1,9.3
378,basegame,22.0,9797.5
379,basegame,2006.0,58.6
380,basegame,33.2,218.6
381,basegame,8.7,411.7
382,basegame,191.4,257.8
383,basegame,40.4,1979.9
384,basegame,869.2,26.9
385,basegame,363.1,16.3
386,basegame,23.1,233.6
387,basegame,357.6,35.1
388,basegame,38.0,1077.3
389,basegame,35.5,167.5
390,basegame,350.1,4752.5
391,basegame,269.5,2238.9
392,basegame,40.5,428.6
393,basegame,0.0,1575.8
394,basegame,957.9,20.8
395,basegame,347.6,26.6
396,basegame,7.7,4661.0
397,basegame,0.0,291.6
398,basegame,0.3,4007.7
399,basegame,452.8,80.5
400,basegame,782.4,4904.1
401,basegame,1.8,1673.9
402,basegame,39.0,646.3
403,basegame,80.8,179.0
404,basegame,395.9,6.0
405,basegame,0.4,2792.8
406,basegame,738.3,18.4
407,basegame,1907.5,76.1
408,basegame,11.7,443.5
409,basegame,207.0,14.8
410,basegame,25.1,8239.3
411,basegame,333.4,23.4
412,basegame,1217.8,347.6
413,basegame,1681.0,191.5
414,basegame,4870.5,531.1
415,basegame,11.5,598.2
416,basegame,261.5,33.0
417,basegame,38.6,428.2
418,basegame,8823.4,24.2
419,basegame,1.2,5765.7
420,basegame,258.8,222.7
421,basegame,391.9,29.5
422,basegame,713.9,8.4
423,basegame,0.0,206.9
424,basegame,0.0,1506.2
425,basegame,433.2,7421.9
426,basegame,419.3,4149.7
427,basegame,5.2,7018.7
428,basegame,330.4,41.8
429,basegame,114.4,1315.3
430,basegame,200.8,119.7
431,basegame,2.0,6971.3
432,basegame,7749.0,31.8
433,basegame,31.3,984.5
434,basegame,91.5,909.5
435,basegame,927.7,25.6
436,basegame,2.2,4229.4
437,basegame,8820.8,1024.5
438,basegame,15.1,1350.3
439,basegame,28.2,8149.5
440,basegame,101.8,674.7
441,basegame,28.7,2528.2
442,basegame,7.8,2677.2
443,basegame,73.0,235.4
444,basegame,3729.1,42.7
445,basegame,764.8,77.0
446,basegame,3.2,270.0
447,basegame,316.4,6.9
448,basegame,66.8,144.2
449,basegame,57.0,633.5
450,basegame,2182.2,14.8
451,basegame,1378.6,9.6
452,basegame,5.0,357.5
453,basegame,273.2,91.5
454,basegame,267.4,24.2
455,basegame,4.5,1521.5
456,basegame,15.0,3985.6
457,basegame,51.8,948.5
458,basegame,43.9,763.5
459,basegame,70.2,5212.4
460,basegame,126.7,1014.6
461,basegame,812.2,14.7
462,basegame,347.1,120.4
463,basegame,190.1,37.1
464,basegame,220.0,157.8
465,basegame,357.4,14.1
466,basegame,2727.1,26.8
467,basegame,330.1,32.2
468,basegame,73.5,1474.7
469,basegame,50.4,6102.4
470,basegame,38.5,1503.1
471,basegame,5340.1,97.3
472,basegame,10.4,2107.6
473,basegame,18.5,6138.4
474,basegame,19.0,833.2
475,basegame,1393.0,66.6
476,basegame,2.4,409.8
477,basegame,36.3,268.8
478,basegame,485.0,157.5
479,basegame,231.1,20.1
480,basegame,1547.9,25.8
481,basegame,8.0,641.0
482,basegame,515.2,45.6
483,basegame,7289.8,38.1
484,basegame,69.3,3356.2
485,basegame,1.0,8100.7
486,basegame,48.7,1422.0
487,basegame,868.5,67.2
488,basegame,26.2,903.6
489,basegame,1229.9,251.7
490,basegame,6226.9,7.6
491,basegame,222.3,19.0
492,basegame,0.0,714.6
493,basegame,5377.6,1452.7
494,basegame,504.5,6539.0
495,basegame,0.0,7016.2
496,basegame,0.0,5309.7
497,basegame,61.7,263.4
498,basegame,3050.2,43.6
499,basegame,1.7,6299.9
500,basegame,15.0,2108.7
501,basegame,1537.1,75.5
502,basegame,477.7,12.4
503,basegame,1.5,518.0
504,basegame,299.0,1.6
505,basegame,7.3,238.6
506,basegame,239.5,10.0
507,basegame,190.3,228.0
508,basegame,355.1,0.1
509,basegame,612.3,71.2
510,basegame,586.2,87.2
511,basegame,3420.1,9.3
512,basegame,24.6,553.4
513,basegame,62.2,764.3
514,basegame,19.3,283.1
515,basegame,96.7,2618.4
516,basegame,1.2,337.3
517,basegame,2.4,1753.9
518,basegame,73.0,177.0
519,basegame,2.5,3679.0
520,basegame,82.4,994.4
521,basegame,2.2,351.4
522,basegame,419.6,72.1
523,basegame,481.2,62.5
524,basegame,2.6,420.1
525,basegame,712.3,10.4
526,basegame,124.1,3010.6
527,basegame,16.0,638.3
528,basegame,21.0,298.2
529,basegame,452.2,237.0
530,basegame,372.4,292.2
531,basegame,63.5,211.1
532,basegame,377.2,386.0
533,basegame,14.6,8899.6
534,basegame,36.4,346.7
535,basegame,2404.5,1.3
536,basegame,22.5,517.3
537,basegame,18.7,9235.8
538,basegame,222.0,10.1
539,basegame,43.9,1164.9
540,basegame,0.3,2711.7
541,basegame,67.3,1963.8
542,basegame,57.0,1248.0
543,basegame,12.6,314.4
544,basegame,0.0,1135.1
545,basegame,31.2,427.1
546,basegame,752.4,59.7
547,basegame,573.0,3027.7
548,basegame,828.0,16.7
549,basegame,17.7,954.8
550,basegame,50.3,975.9
551,basegame,11.2,804.0
552,basegame,117.0,6955.8
553,basegame,2.0,2271.8
554,basegame,7898.1,58.5
555,basegame,116.5,105.9
556,basegame,190.0,28.3
557,basegame,6418.9,52.6
558,basegame,528.0,25.4
559,basegame,9389.2,75.6
560,basegame,277.1,185.5
561,basegame,4811.2,3.5
562,basegame,13.3,211.6
563,basegame,103.5,2298.1
564,basegame,740.4,19.4
565,basegame,0.2,885.0
566,basegame,127.8,1798.2
567,basegame,294.7,10.7
568,basegame,9010.0,7.5
569,basegame,181.0,90.9
570,basegame,2.6,936.2
571,basegame,76.3,734.1
572,basegame,712.8,9.2
573,basegame,33.1,333.3
574,basegame,1561.4,505.0
575,basegame,0.3,7789.7
576,basegame,211.7,68.0
577,basegame,810.2,4.6
578,basegame,124.0,1150.6
579,basegame,20.1,673.6
580,basegame,14.3,1033.1
581,basegame,26.2,398.1
582,basegame,15.8,483.0
583,basegame,35.0,1938.4
584,basegame,42.4,2679.0
585,basegame,3321.3,52.4
586,basegame,1.2,3260.0
587,basegame,27.5,3499.5
588,basegame,3744.9,342.0
589,basegame,85.2,895.7
590,basegame,1047.2,21.9
591,basegame,1029.1,129.0
592,basegame,761.7,196.5
593,basegame,93.6,5160.8
594,basegame,6.1,4877.3
595,basegame,6573.7,140.7
596,basegame,72.4,3840.5
597,basegame,21.1,997.9
598,basegame,3604.5,418.4
599,basegame,40.1,455.2
600,basegame,10.0,2630.2
601,basegame,8408.1,773.8
602,basegame,485.6,21.2
603,basegame,6.6,328.3
604,basegame,1470.0,25.6
605,basegame,3.8,404.3
606,basegame,1.2,260.5
607,basegame,275.2,28.0
608,basegame,255.6,25.5
609,basegame,1897.6,2.6
610,basegame,31.3,1338.8
611,basegame,329.0,46.1
612,basegame,227.7,184.9
613,basegame,1979.2,54.7
614,basegame,388.2,18.2
615,basegame,15.4,217.5
616,basegame,4.5,5013.4
617,basegame,444.0,10.1
618,basegame,755.2,6439.4
619,basegame,1244.4,127.4
620,basegame,4.5,206.0
621,basegame,11.1,1484.4
622,basegame,308.2,72.5
623,basegame,6.0,5237.7
624,basegame,579.1,458.3
625,basegame,9.4,322.6
626,basegame,42.6,1751.0
627,basegame,33.7,2098.8
628,basegame,5.0,1200.7
629,basegame,22.4,9162.5
630,basegame,0.6,619.5
631,basegame,390.5,17.7
632,basegame,5894.1,31.2
633,basegame,72.0,3070.4
634,basegame,465.4,6.6
635,basegame,2.4,1010.5
636,basegame,11.2,443.8
637,basegame,27.9,666.5
638,basegame,33.5,1365.6
639,basegame,15.6,244.6
640,basegame,14.4,1671.3
641,basegame,193.2,301.8
642,basegame,19.8,253.3
643,basegame,104.3,323.5
644,basegame,4.4,598.4
645,basegame,111.2,800.1
646,basegame,21.3,3239.5
647,basegame,8.6,364.4
648,basegame,1155.5,434.9
649,basegame,31.6,238.7
650,basegame,1765.3,8.9
651,basegame,1447.4,42.8
652,basegame,278.1,101.3
653,basegame,148.5,120.7
654,basegame,186.9,55.0
655,basegame,319.9,94.4
656,basegame,5.4,767.8
657,basegame,959.9,3131.8
658,basegame,52.2,526.4
659,basegame,2313.8,2.9
660,basegame,114.3,596.3
661,basegame,471.3,33.9
662,basegame,0.0,257.3
663,basegame,3883.1,18.0
664,basegame,2143.4,23.1
665,basegame,449.0,288.3
666,basegame,774.5,20.5
667,basegame,122.3,432.8
668,basegame,824.7,60.5
669,basegame,652.5,10.8
670,basegame,5.6,2752.9
671,basegame,754.0,45.0
672,basegame,13.0,287.4
673,basegame,32.9,4446.5
674,basegame,1.3,342.3
675,basegame,2415.1,222.4
676,basegame,1.0,546.5
677,basegame,6.7,280.4
678,basegame,5.7,697.7
679,basegame,1.8,1046.7
680,basegame,0.0,399.6
681,basegame,15.3,1586.9
682,basegame,310.3,22.1
683,basegame,1192.0,469.9
684,basegame,297.2,121.9
685,basegame,322.0,342.8
686,basegame,299.5,1632.5
687,basegame,227.6,21.3
688,basegame,6.9,2104.8
689,basegame,98.6,2632.1
690,basegame,27.0,1187.2
691,basegame,46.7,2141.8
692,basegame,83.7,152.4
693,basegame,128.1,4569.6
694,basegame,1409.2,51.1
695,basegame,2914.1,79.5
696,basegame,68.5,297.2
697,basegame,10.6,991.5
698,basegame,631.6,9.3
699,basegame,376.4,186.3
700,basegame,465.7,45.6
701,basegame,107.2,317.0
702,basegame,1636.9,397.9
703,basegame,205.4,17.6
704,basegame,241.7,107.0
705,basegame,239.5,1391.3
706,basegame,1.5,371.6
707,basegame,620.0,29.1
708,basegame,2796.3,7.4
709,basegame,7.1,1657.8
710,basegame,0.0,2151.4
711,basegame,1261.2,33.1
712,basegame,55.3,247.9
713,basegame,2488.0,30.8
714,basegame,3.3,4240.1
715,basegame,37.7,212.5
716,basegame,0.0,841.8
717,basegame,27.1,4756.7
718,basegame,2661.7,87.0
719,basegame,2.6,480.9
720,basegame,258.1,14.5
721,basegame,588.2,225.4
722,basegame,4882.6,68.8
723,basegame,4.6,4065.8
724,basegame,38.2,3763.3
725,basegame,2711.0,38.6
726,basegame,162.3,100.0
727,basegame,352.3,7.0
728,basegame,17.3,374.6
729,basegame,703.7,158.4
730,basegame,185.0,2153.2
731,basegame,9.3,340.2
732,basegame,46.0,272.5
733,basegame,203.3,17.3
734,basegame,237.7,31.4
735,basegame,26.0,1608.6
736,basegame,0.0,2468.3
737,basegame,178.9,45.4
738,basegame,0.2,1809.9
739,basegame,308.7,1378.9
740,basegame,9.6,3388.7
741,basegame,10.6,2017.6
742,basegame,149.1,1010.6
743,basegame,0.1,1573.2
744,basegame,3.1,1296.2
745,basegame,232.9,19.4
746,basegame,24.0,470.8
747,basegame,1000.5,441.7
748,basegame,488.9,18.4
749,basegame,332.0,228.1
750,basegame,32.4,2441.8
751,basegame,15.3,521.6
752,basegame,14.8,269.8
753,basegame,6.0,2177.0
754,basegame,1342.0,11.9
755,basegame,1900.1,5.8
756,basegame,760.5,6.0
757,basegame,608.7,88.9
758,basegame,4.0,804.5
759,basegame,7.2,886.8
760,basegame,177.3,43.4
761,basegame,177.3,2138.3
762,basegame,50.6,1922.3
763,basegame,2.9,742.0
764,basegame,1237.2,387.8
765,basegame,149.0,82.8
766,basegame,10.6,1493.8
767,basegame,1.1,2701.9
768,basegame,52.2,221.1
769,basegame,162.7,969.2
770,basegame,475.5,6.4
771,basegame,12.5,395.2
772,basegame,4.0,412.9
773,basegame,61.0,183.7
774,basegame,0.0,2728.6
775,basegame,1663.0,33.2
776,basegame,8.2,457.1
777,basegame,2692.1,83.1
778,basegame,57.1,143.1
779,basegame,1154.0,754.1
780,basegame,105.0,114.1
781,basegame,142.7,1995.6
782,basegame,859.9,35.2
783,basegame,191.1,160.0
784,basegame,55.1,233.3
785,basegame,258.4,24.6
786,basegame,1262.3,1877.8
787,basegame,0.0,206.8
788,basegame,267.8,97.3
789,basegame,190.3,379.0
790,basegame,1046.1,4.8
791,basegame,1682.3,1.1
792,basegame,98.5,165.9
793,basegame,57.5,2117.5
794,basegame,416.7,28.5
795,basegame,884.2,920.4
796,basegame,2552.8,15.0
797,basegame,14.0,499.3
798,basegame,3.1,550.1
799,basegame,163.3,66.5
800,basegame,0.0,307.0
801,basegame,550.3,28.6
802,basegame,4719.3,30.2
803,basegame,470.0,31.4
804,basegame,150.0,82.1
805,basegame,3071.1,1.2
806,basegame,340.8,59.8
807,basegame,379.4,63.6
808,basegame,0.0,789.9
809,basegame,0.0,2253.6
810,basegame,4.5,292.6
811,basegame,5.0,386.0
812,basegame,335.1,7.0
813,basegame,953.0,7.6
814,basegame,1.0,244.0
815,basegame,346.4,1592.6
816,basegame,467.9,2265.9
817,basegame,441.5,32.6
818,basegame,9.2,756.7
819,basegame,240.0,287.6
820,basegame,8.3,667.6
821,basegame,0.0,827.4
822,basegame,572.6,25.0
823,basegame,18.3,341.3
824,basegame,1764.9,313.4
825,basegame,13.6,2372.2
826,basegame,25.8,1654.3
827,basegame,154.0,49.6
828,basegame,0.0,1560.7
829,basegame,1.2,647.4
830,basegame,39.3,637.0
831,basegame,222.2,17.1
832,basegame,100.0,2602.3
833,basegame,1244.1,15.8
834,basegame,3850.8,8.1
835,basegame,582.0,7.4
836,basegame,185.8,96.6
837,basegame,35.1,224.0
838,basegame,3356.5,12.7
839,basegame,153.4,1267.6
840,basegame,495.6,22.0
841,basegame,18.6,1028.5
842,basegame,111.6,1939.3
843,basegame,1.0,377.6
844,basegame,187.9,19.3
845,basegame,5.6,4396.8
846,basegame,443.9,145.4
847,basegame,248.3,16.0
848,basegame,195.5,36.2
849,basegame,29.6,355.2
850,basegame,45.0,698.9
851,basegame,1114.7,633.1
852,basegame,295.1,85.8
853,basegame,1933.3,46.9
854,basegame,262.0,33.1
855,basegame,212.5,1211.1
856,basegame,382.5,189.9
857,basegame,12.5,4245.0
858,basegame,30.2,178.1
859,basegame,40.1,241.7
860,basegame,100.0,2024.4
861,basegame,398.5,44.4
862,basegame,0.0,3053.9
863,basegame,19.3,420.5
864,basegame,2.2,340.6
865,basegame,0.4,3907.8
866,basegame,3.0,241.8
867,basegame,419.3,70.3
868,basegame,1245.5,25.3
869,basegame,26.2,614.6
870,basegame,190.6,23.5
871,basegame,328.3,328.1
872,basegame,197.1,33.9
873,basegame,121.0,756.7
874,basegame,42.6,855.3
875,basegame,20.3,1929.8
876,basegame,3717.9,6.8
877,basegame,381.2,99.8
878,basegame,1177.1,12.5
879,basegame,482.1,86.8
880,basegame,1466.5,34.4
881,basegame,195.7,19.4
882,basegame,704.0,20.6
883,basegame,64.0,316.0
884,basegame,616.1,14.5
885,basegame,310.5,44.6
886,basegame,153.9,1912.8
887,basegame,36.9,1201.4
888,basegame,795.3,29.8
889,basegame,924.9,1259.8
890,basegame,250.6,13.7
891,basegame,74.7,307.4
892,basegame,270.8,11.3
893,basegame,3415.0,7.4
894,basegame,0.0,499.5
895,basegame,280.1,53.6
896,basegame,15.7,1872.5
897,basegame,145.8,110.1
898,basegame,52.9,315.9
899,basegame,488.4,18.5
900,basegame,165.6,1096.4
901,basegame,2847.1,317.5
902,basegame,491.0,121.8
903,basegame,231.3,83.5
904,basegame,49.2,4193.6
905,basegame,2330.0,2591.6
906,basegame,10.6,3278.2
907,basegame,20.1,2878.6
908,basegame,1782.4,3.3
909,basegame,685.5,78.0
910,basegame,431.0,36.4
911,basegame,2167.2,856.0
912,basegame,68.9,765.7
913,basegame,10.5,2374.5
914,basegame,62.6,197.0
915,basegame,4.1,2438.5
916,basegame,398.0,135.5
917,basegame,328.6,2.4
918,basegame,453.3,33.9
919,basegame,31.3,578.0
920,basegame,332.4,69.5
921,basegame,40.2,3345.1
922,basegame,386.6,203.8
923,basegame,2.0,296.3
924,basegame,177.6,537.4
925,basegame,126.1,387.7
926,basegame,527.2,45.7
927,basegame,170.1,3839.5
928,basegame,2.0,262.7
929,basegame,30.0,392.9
930,basegame,858.6,13.8
931,basegame,2.2,1067.6
932,basegame,4023.9,0.3
933,basegame,10.5,505.8
934,basegame,2467.5,251.3
935,basegame,373.6,19.5
936,basegame,352.9,53.2
937,basegame,1485.4,272.4
938,basegame,24.7,3268.0
939,basegame,0.0,704.2
940,basegame,1317.0,161.9
941,basegame,5.4,227.9
942,basegame,245.1,3716.0
943,basegame,142.0,745.2
944,basegame,83.0,122.7
945,basegame,35.6,195.9
946,basegame,33.1,991.4
947,basegame,220.9,23.1
948,basegame,1657.2,684.0
949,basegame,898.9,98.4
950,basegame,27.8,178.8
951,basegame,17.2,2663.8
952,basegame,428.2,110.8
953,basegame,640.3,16.5
954,basegame,31.3,318.8
955,basegame,2.2,209.5
956,basegame,2177.0,30.9
957,basegame,1352.2,46.8
958,basegame,415.6,1106.6
959,basegame,1.5,310.1
960,basegame,10.3,276.7
961,basegame,58.8,1640.0
962,basegame,23.0,316.8
963,basegame,852.0,2521.4
964,basegame,0.0,2564.2
965,basegame,0.0,637.6
966,basegame,63.4,443.1
967,basegame,837.0,594.0
968,basegame,2625.7,35.8
969,basegame,680.4,15.0
970,basegame,42.4,398.5
971,basegame,24.7,227.1
972,basegame,65.4,144.9
973,basegame,47.5,3095.0
974,basegame,9.1,297.8
975,basegame,23.7,3888.4
976,basegame,13.7,1067.5
977,basegame,4385.2,393.2
978,basegame,472.1,340.2
979,basegame,0.0,269.4
980,basegame,836.2,34.2
981,basegame,19.1,413.3
982,basegame,370.1,417.6
983,basegame,14.7,933.0
984,basegame,28.6,1945.7
985,basegame,3.0,452.7
986,basegame,28.4,3992.0
987,basegame,492.9,5.5
988,basegame,230.9,15.1
989,basegame,1355.5,3630.4
990,basegame,272.9,11.3
991,basegame,3794.3,27.3
992,basegame,86.6,136.3
993,basegame,3454.6,330.9
994,basegame,60.0,2931.3
995,basegame,422.6,40.2
996,basegame,793.3,19.0
997,basegame,16.1,1881.4
998,basegame,90.9,1012.8
999,basegame,296.3,17.1
1000,basegame,29.2,1148.7
1001,basegame,10000.0,0.0
1002,basegame,14.8,517.8
1003,basegame,628.8,14.2
1004,basegame,132.1,10000.0
1005,basegame,1427.3,94.8
1006,basegame,10000.0,0.0
1007,basegame,10000.0,0.0
1008,basegame,376.7,22.6
1009,basegame,10000.0,0.0
1010,basegame,55.2,1380.7
1011,basegame,288.4,16.4
1012,basegame,10.6,717.0
1013,basegame,161.9,8822.6
1014,basegame,45.1,428.0
1015,basegame,24.6,2203.5
1016,basegame,905.1,60.7
1017,basegame,590.2,12.7
1018,basegame,119.2,235.9
1019,basegame,71.1,746.4
1020,basegame,274.1,49.5
1021,basegame,182.8,7365.5
1022,basegame,96.6,2809.5
1023,basegame,10.2,6099.7
1024,basegame,1230.7,24.4
1025,basegame,713.7,62.8
1026,basegame,368.6,2.5
1027,basegame,29.5,3276.6
1028,basegame,2584.6,13.4
1029,basegame,1137.9,4964.7
1030,basegame,16.5,420.1
1031,basegame,144.4,127.7
1032,basegame,10.7,9006.8
1033,basegame,0.0,2290.3
1034,basegame,35.8,300.5
1035,basegame,240.9,306.5
1036,basegame,17.1,6633.3
1037,basegame,481.2,636.2
1038,basegame,0.2,244.0
1039,basegame,0.0,202.8
1040,basegame,0.1,214.3
1041,basegame,330.3,12.1
1042,basegame,55.0,432.6
1043,basegame,481.0,1018.2
1044,basegame,5.7,326.9
1045,basegame,21.3,341.7
1046,basegame,96.3,291.0
1047,basegame,80.0,2603.5
1048,basegame,3997.1,105.0
1049,basegame,0.6,3211.0
1050,basegame,188.9,143.8
1051,basegame,120.8,118.8
1052,basegame,2.0,618.5
1053,basegame,374.2,17.0
1054,basegame,365.0,5.4
1055,basegame,12.9,1921.9
1056,basegame,534.2,18.8
1057,basegame,0.5,1441.4
1058,basegame,10.8,691.8
1059,basegame,20.3,404.8
1060,basegame,6490.0,12.6
1061,basegame,458.6,20.6
1062,basegame,117.1,145.9
1063,basegame,11.6,7167.7
1064,basegame,257.9,47.1
1065,basegame,746.5,1577.0
1066,basegame,4319.2,223.2
1067,basegame,287.7,215.0
1068,basegame,36.6,2550.3
1069,basegame,3.8,588.7
1070,basegame,7684.4,246.0
1071,basegame,5741.4,706.7
1072,basegame,55.0,5992.3
1073,basegame,3.0,1041.0
1074,basegame,417.8,5.9
1075,basegame,108.6,98.8
1076,basegame,181.2,56.9
1077,basegame,0.1,3552.2
1078,basegame,2.0,655.8
1079,basegame,3139.9,1850.3
1080,basegame,1.4,873.4
1081,basegame,114.6,641.4
1082,basegame,316.2,15.7
1083,basegame,8.0,740.8
1084,basegame,6.3,850.5
1085,basegame,30.2,603.3
1086,basegame,342.8,7.3
1087,basegame,0.2,1377.9
1088,basegame,1.0,262.4
1089,basegame,204.7,9.4
1090,basegame,5.2,8318.1
1091,basegame,16.5,1405.8
1092,basegame,24.2,222.5
1093,basegame,161.3,113.7
1094,basegame,8239.9,24.2
1095,basegame,0.6,6477.2
1096,basegame,5.0,1169.7
1097,basegame,10.3,1346.8
1098,basegame,338.5,689.9
1099,basegame,59.2,161.0
1100,basegame,299.2,95.1
1101,basegame,33.0,982.7
1102,basegame,10.4,8235.0
1103,basegame,13.2,6828.0
1104,basegame,10.6,611.4
1105,basegame,1269.0,42.1
1106,basegame,4795.1,10.5
1107,basegame,5.7,1147.1
1108,basegame,2.0,1651.8
1109,basegame,5269.7,71.0
1110,basegame,0.0,2689.0
1111,basegame,25.3,826.6
1112,basegame,5467.6,16.6
1113,basegame,7484.7,587.8
1114,basegame,3492.1,30.0
1115,basegame,773.6,1356.5
1116,basegame,10.5,4348.7
1117,basegame,11.6,300.7
1118,basegame,210.6,19.3
1119,basegame,1195.4,1786.6
1120,basegame,724.4,133.8
1121,basegame,183.9,8535.2
1122,basegame,6.9,200.6
1123,basegame,5.0,2104.5
1124,basegame,2760.6,112.3
1125,basegame,704.3,38.2
1126,basegame,314.7,8.5
1127,basegame,3.1,886.4
1128,basegame,170.0,243.1
1129,basegame,202.9,4.3
1130,basegame,2034.0,10.0
1131,basegame,5295.3,22.6
1132,basegame,14.0,1378.1
1133,basegame,1291.2,8663.6
1134,basegame,443.8,5.4
1135,basegame,14.4,2749.5
1136,basegame,141.2,330.6
1137,basegame,357.3,962.5
1138,basegame,6025.3,15.9
1139,basegame,598.5,29.7
1140,basegame,701.7,11.7
1141,basegame,51.3,298.3
1142,basegame,181.8,34.6
1143,basegame,3.5,1236.6
1144,basegame,97.0,241.4
1145,basegame,158.4,60.8
1146,basegame,0.1,527.2
1147,basegame,0.0,850.0
1148,basegame,13.1,1908.5
1149,basegame,311.8,4.2
1150,basegame,1272.7,2562.4
1151,basegame,0.0,456.1
1152,basegame,16.0,813.3
1153,basegame,1387.5,142.0
1154,basegame,1412.6,0.0
1155,basegame,37.0,2245.0
1156,basegame,31.5,5385.1
1157,basegame,134.7,77.8
1158,basegame,21.0,305.4
1159,basegame,693.9,6109.3
1160,basegame,291.8,32.9
1161,basegame,0.1,1098.7
1162,basegame,1132.9,123.9
1163,basegame,20.9,941.3
1164,basegame,9.1,8461.5
1165,basegame,1.5,205.7
1166,basegame,1103.5,17.3
1167,basegame,0.6,567.3
1168,basegame,197.8,20.7
1169,basegame,1102.7,43.4
1170,basegame,1646.4,34.8
1171,basegame,1457.2,265.0
1172,basegame,352.1,332.2
1173,basegame,521.2,2420.0
1174,basegame,273.8,21.5
1175,basegame,4.0,719.0
1176,basegame,5283.7,9.4
1177,basegame,983.4,33.6
1178,basegame,31.1,379.4
1179,basegame,486.7,46.3
1180,basegame,147.4,916.6
1181,basegame,8765.4,7.6
1182,basegame,1850.7,14.9
1183,basegame,1268.0,102.9
1184,basegame,14.0,1008.7
1185,basegame,4229.4,3.2
1186,basegame,794.1,792.7
1187,basegame,16.2,2446.0
1188,basegame,4.5,319.5
1189,basegame,1243.8,30.8
1190,basegame,382.2,19.9
1191,basegame,493.5,2928.3
1192,basegame,20.2,806.0
1193,basegame,1344.0,110.4
1194,basegame,2.8,9061.8
1195,basegame,32.2,812.5
1196,basegame,29.6,3150.7
1197,basegame,4.2,4789.9
1198,basegame,0.0,3404.1
1199,basegame,2928.6,4100.1
1200,basegame,1068.6,50.8
1201,basegame,0.0,9421.6
1202,basegame,395.7,2211.5
1203,basegame,748.0,32.3
1204,basegame,44.5,570.0
1205,basegame,6.0,792.1
1206,basegame,489.9,6066.6
1207,basegame,68.4,490.0
1208,basegame,995.5,2.0
1209,basegame,1.9,863.1
1210,basegame,1709.3,17.6
1211,basegame,14.0,329.0
1212,basegame,6.0,1246.9
1213,basegame,46.1,6406.2
1214,basegame,25.0,4817.7
1215,basegame,470.9,64.3
1216,basegame,0.9,372.0
1217,basegame,411.9,608.5
1218,basegame,7.2,4433.8
1219,basegame,727.2,3105.9
1220,basegame,49.5,2127.5
1221,basegame,16.1,2380.1
1222,basegame,46.0,6547.6
1223,basegame,1760.4,4.1
1224,basegame,420.1,1539.3
1225,basegame,392.7,5.9
1226,basegame,239.1,50.9
1227,basegame,30.1,1556.5
1228,basegame,18.1,340.1
1229,basegame,0.5,621.7
1230,basegame,0.0,739.4
1231,basegame,955.2,11.6
1232,basegame,3608.8,186.3
1233,basegame,5.4,295.5
1234,basegame,511.2,50.3
1235,basegame,0.0,3244.7
1236,basegame,0.0,1657.4
1237,basegame,67.0,580.6
1238,basegame,23.9,311.2
1239,basegame,1.1,5662.5
1240,basegame,15.0,9922.9
1241,basegame,3609.5,21.6
1242,basegame,31.2,632.1
1243,basegame,36.3,4882.5
1244,basegame,24.1,762.7
1245,basegame,117.9,1264.9
1246,basegame,7.5,1363.8
1247,basegame,506.2,219.8
1248,basegame,2802.4,31.0
1249,basegame,4090.9,33.5
1250,basegame,0.3,297.8
1251,basegame,2901.3,806.0
1252,basegame,135.0,239.3
1253,basegame,2267.8,5.5
1254,basegame,10.0,2634.3
1255,basegame,912.5,94.1
1256,basegame,25.4,1269.8
1257,basegame,1297.8,374.4
1258,basegame,13.1,586.8
1259,basegame,502.2,26.5
1260,basegame,3.4,573.6
1261,basegame,5.0,682.3
1262,basegame,1.0,703.8
1263,basegame,1.1,497.7
1264,basegame,3786.8,16.6
1265,basegame,1650.5,11.2
1266,basegame,239.9,10.1
1267,basegame,71.5,1175.2
1268,basegame,10.2,9075.0
1269,basegame,80.9,503.9
1270,basegame,358.7,61.1
1271,basegame,816.3,67.3
1272,basegame,15.0,2157.0
1273,basegame,2056.6,12.7
1274,basegame,273.5,16.3
1275,basegame,139.4,5373.1
1276,basegame,3.2,2066.3
1277,basegame,698.0,14.7
1278,basegame,630.4,37.1
1279,basegame,4199.5,368.0
1280,basegame,0.3,5895.2
1281,basegame,6.4,1710.2
1282,basegame,193.1,7.0
1283,basegame,128.6,71.7
1284,basegame,5.0,2531.4
1285,basegame,0.0,1119.0
1286,basegame,19.1,404.9
1287,basegame,219.2,98.8
1288,basegame,133.7,7163.2
1289,basegame,2576.8,6.9
1290,basegame,1.8,8877.5
1291,basegame,544.5,16.2
1292,basegame,63.4,3769.6
1293,basegame,1662.3,4005.7
1294,basegame,21.1,242.6
1295,basegame,20.0,3151.8
1296,basegame,943.6,14.8
1297,basegame,31.5,172.8
1298,basegame,424.1,60.0
1299,basegame,56.4,384.9
1300,basegame,817.2,19.3
1301,basegame,18.7,697.6
1302,basegame,15.0,2705.6
1303,basegame,0.0,5755.0
1304,basegame,249.2,64.6
1305,basegame,8.2,326.9
1306,basegame,1901.5,1787.8
1307,basegame,14.0,2120.9
1308,basegame,1140.4,167.3
1309,basegame,1024.3,46.0
1310,basegame,637.5,69.9
1311,basegame,4911.9,21.7
1312,basegame,97.5,507.1
1313,basegame,5.6,206.1
1314,basegame,12.5,546.2
1315,basegame,3.1,1498.7
1316,basegame,31.6,278.7
1317,basegame,329.1,41.5
1318,basegame,1.0,416.9
1319,basegame,17.3,3754.2
1320,basegame,11.6,4477.3
1321,basegame,0.2,1180.4
1322,basegame,342.4,5650.4
1323,basegame,22.5,2947.1
1324,basegame,1297.3,387.3
1325,basegame,0.0,1189.2
1326,basegame,225.7,26.6
1327,basegame,410.6,1156.3
1328,basegame,24.3,1564.5
1329,basegame,7.1,911.6
1330,basegame,8118.1,58.4
1331,basegame,7.5,4577.0
1332,basegame,2578.3,15.1
1333,basegame,0.3,2507.7
1334,basegame,947.4,3.3
1335,basegame,73.6,476.0
1336,basegame,13.1,2977.1
1337,basegame,1.3,3093.6
1338,basegame,3182.0,97.9
1339,basegame,338.1,7.1
1340,basegame,11.5,715.0
1341,basegame,14.2,309.3
1342,basegame,12.1,877.3
1343,basegame,49.5,516.3
1344,basegame,11.6,686.4
1345,basegame,4.0,335.3
1346,basegame,205.7,26.8
1347,basegame,193.9,7.8
1348,basegame,23.5,189.5
1349,basegame,22.6,515.5
1350,basegame,210.0,10.0
1351,basegame,24.9,246.2
1352,basegame,31.9,244.4
1353,basegame,3419.1,30.9
1354,basegame,1286.8,21.0
1355,basegame,48.7,5254.3
1356,basegame,70.8,7201.0
1357,basegame,12.1,2956.3
1358,basegame,3456.3,5.8
1359,basegame,17.9,477.8
1360,basegame,8.5,7020.1
1361,basegame,4.0,1556.5
1362,basegame,3.1,286.0
1363,basegame,6.2,860.4
1364,basegame,2384.5,281.3
1365,basegame,2930.0,6631.4
1366,basegame,54.1,3006.8
1367,basegame,2770.3,14.0
1368,basegame,2048.8,241.8
1369,basegame,249.3,102.3
1370,basegame,1.5,1255.1
1371,basegame,6.6,199.5
1372,basegame,150.1,986.3
1373,basegame,1.0,337.3
1374,basegame,350.7,13.8
1375,basegame,0.2,1373.2
1376,basegame,3721.4,12.1
1377,basegame,48.6,226.0
1378,basegame,103.9,266.4
1379,basegame,348.9,1376.5
1380,basegame,9.2,5985.3
1381,basegame,372.5,373.7
1382,basegame,8192.1,589.0
1383,basegame,598.3,3124.8
1384,basegame,316.0,2259.9
1385,basegame,2080.2,17.9
1386,basegame,9.0,892.8
1387,basegame,1115.2,158.2
1388,basegame,1299.3,6.6
1389,basegame,75.2,500.9
1390,basegame,2394.9,23.8
1391,basegame,0.3,7305.6
1392,basegame,0.6,248.3
1393,basegame,261.6,760.0
1394,basegame,6462.8,34.3
1395,basegame,238.1,124.1
1396,basegame,5.1,657.6
1397,basegame,1048.0,62.9
1398,basegame,409.8,135.7
1399,basegame,1260.3,15.0
1400,basegame,12.1,547.1
1401,basegame,5.6,403.6
1402,basegame,5.6,6937.5
1403,basegame,3312.4,61.8
1404,basegame,1111.2,6.6
1405,basegame,213.3,36.2
1406,basegame,183.3,3305.5
1407,basegame,7094.9,6.3
1408,basegame,8.1,203.9
1409,basegame,3468.1,18.0
1410,basegame,1170.9,135.7
1411,basegame,19.1,4047.5
1412,basegame,22.9,3311.9
1413,basegame,0.6,3642.7
1414,basegame,217.0,649.6
1415,basegame,191.6,113.7
1416,basegame,44.4,307.1
1417,basegame,10.8,309.3
1418,basegame,93.6,957.9
1419,basegame,61.1,4941.7
1420,basegame,9.1,1016.3
1421,basegame,232.2,28.4
1422,basegame,14.0,660.7
1423,basegame,685.0,18.7
1424,basegame,8.5,5148.6
1425,basegame,40.2,1424.5
1426,basegame,1023.0,58.0
1427,basegame,0.0,8290.1
1428,basegame,5235.1,25.0
1429,basegame,2889.6,31.4
1430,basegame,16.6,321.4
1431,basegame,108.2,399.6
1432,basegame,7836.1,178.0
1433,basegame,12.8,5128.8
1434,basegame,324.9,349.1
1435,basegame,357.4,49.2
1436,basegame,2540.4,6706.3
1437,basegame,1047.5,2.8
1438,basegame,310.8,62.2
1439,basegame,3691.4,24.3
1440,basegame,1990.8,981.5
1441,basegame,990.2,62.1
1442,basegame,430.7,3.0
1443,basegame,15.8,610.4
1444,basegame,15.4,7110.2
1445,basegame,26.5,599.3
1446,basegame,0.0,1228.9
1447,basegame,646.5,35.1
1448,basegame,1564.5,628.4
1449,basegame,690.9,1046.2
1450,basegame,222.3,95.4
1451,basegame,72.0,350.8
1452,basegame,569.7,65.1
1453,basegame,9301.7,30.9
1454,basegame,223.1,115.8
1455,basegame,19.8,888.9
1456,basegame,967.4,4288.2
1457,basegame,42.2,260.8
1458,basegame,9.2,270.8
1459,basegame,0.0,493.8
1460,basegame,100.4,321.3
1461,basegame,48.1,6850.7
1462,basegame,18.0,382.1
1463,basegame,392.4,22.2
1464,basegame,452.5,8802.8
1465,basegame,2696.0,26.8
1466,basegame,90.2,133.5
1467,basegame,5.6,567.9
1468,basegame,7.0,1655.8
1469,basegame,204.3,80.0
1470,basegame,817.8,19.3
1471,basegame,65.8,2739.9
1472,basegame,821.3,112.0
1473,basegame,202.2,1095.2
1474,basegame,1578.1,1095.7
1475,basegame,45.3,1377.5
1476,basegame,5.0,4498.4
1477,basegame,0.0,433.1
1478,basegame,3.5,7162.2
1479,basegame,27.0,1380.1
1480,basegame,0.2,215.1
1481,basegame,9.0,9153.9
1482,basegame,3.2,454.8
1483,basegame,744.5,787.8
1484,basegame,2.7,260.9
1485,basegame,259.0,30.6
1486,basegame,199.2,37.6
1487,basegame,105.0,433.9
1488,basegame,0.0,412.6
1489,basegame,20.0,716.0
1490,basegame,20.2,4709.5
1491,basegame,226.9,39.1
1492,basegame,28.0,3899.7
1493,basegame,363.4,19.1
1494,basegame,645.5,4111.5
1495,basegame,3748.5,348.8
1496,basegame,1733.3,6799.6
1497,basegame,34.6,197.3
1498,basegame,5234.5,46.6
1499,basegame,4663.5,28.4
1500,basegame,366.2,611.2
1501,basegame,27.9,183.8
1502,basegame,1.2,9799.8
1503,basegame,1644.7,304.1
1504,basegame,8.6,1853.9
1505,basegame,175.2,73.8
1506,basegame,226.4,9.5
1507,basegame,0.0,6523.6
1508,basegame,0.3,1090.1
1509,basegame,0.0,1043.8
1510,basegame,1335.7,10.6
1511,basegame,290.0,4.5
1512,basegame,5.6,2491.0
1513,basegame,3.3,633.0
1514,basegame,5.3,277.8
1515,basegame,687.3,247.0
1516,basegame,4974.8,2910.8
1517,basegame,13.0,7016.7
1518,basegame,8143.3,60.4
1519,basegame,858.0,94.7
1520,basegame,0.0,223.5
1521,basegame,30.0,680.0
1522,basegame,430.2,7.4
1523,basegame,9227.8,34.1
1524,basegame,9.6,428.8
1525,basegame,343.9,517.0
1526,basegame,17.3,1662.4
1527,basegame,0.6,256.1
1528,basegame,1507.2,5.9
1529,basegame,1628.5,104.0
1530,basegame,936.1,36.2
1531,basegame,686.1,97.1
1532,basegame,29.9,747.4
1533,basegame,5.0,299.3
1534,basegame,207.9,7.7
1535,basegame,1996.4,26.4
1536,basegame,598.1,8882.5
1537,basegame,479.2,39.6
1538,basegame,2481.3,124.0
1539,basegame,37.0,9898.8
1540,basegame,157.1,1939.7
1541,basegame,28.7,518.1
1542,basegame,50.5,830.1
1543,basegame,6024.8,37.2
1544,basegame,2.5,634.1
1545,basegame,6700.6,185.0
1546,basegame,20.6,259.1
1547,basegame,125.1,760.6
1548,basegame,7476.1,54.0
1549,basegame,14.1,374.4
1550,basegame,6895.2,22.0
1551,basegame,3130.7,10.8
1552,basegame,838.8,249.4
1553,basegame,710.9,5918.7
1554,basegame,334.5,6.0
1555,basegame,0.3,774.1
1556,basegame,5861.4,37.9
1557,basegame,630.6,61.0
1558,basegame,369.5,1576.6
1559,basegame,72.0,166.4
1560,basegame,266.4,312.0
1561,basegame,5.0,221.8
1562,basegame,1015.3,449.6
1563,basegame,3175.3,4459.6
1564,basegame,75.0,152.2
1565,basegame,198.2,5541.3
1566,basegame,4612.0,48.9
1567,basegame,207.5,26.2
1568,basegame,454.6,3641.7
1569,basegame,781.2,13.3
1570,basegame,2598.8,2.8
1571,basegame,46.5,349.8
1572,basegame,446.3,5270.0
1573,basegame,795.3,5916.7
1574,basegame,10.2,5646.1
1575,basegame,0.1,2000.7
1576,basegame,1507.3,425.2
1577,basegame,232.3,128.7
1578,basegame,657.0,1794.1
1579,basegame,150.5,1317.4
1580,basegame,30.2,377.9
1581,basegame,3.5,980.4
1582,basegame,9.6,1566.7
1583,basegame,27.8,2676.2
1584,basegame,5.6,1285.3
1585,basegame,38.0,2321.8
1586,basegame,498.2,6175.9
1587,basegame,0.0,262.9
1588,basegame,257.9,3178.8
1589,basegame,384.9,140.8
1590,basegame,81.7,953.6
1591,basegame,1940.9,19.1
1592,basegame,1833.4,27.6
1593,basegame,62.0,464.3
1594,basegame,60.5,3453.9
1595,basegame,1903.3,6837.5
1596,basegame,56.4,1118.0
1597,basegame,257.6,74.6
1598,basegame,5.3,3373.0
1599,basegame,5.0,556.5
1600,basegame,274.0,293.2
1601,basegame,21.3,3896.9
1602,basegame,96.1,382.0
1603,basegame,13.5,261.0
1604,basegame,6.1,201.5
1605,basegame,365.3,564.5
1606,basegame,377.0,26.7
1607,basegame,970.3,268.7
1608,basegame,17.6,1284.0
1609,basegame,362.4,5162.0
1610,basegame,23.6,748.0
1611,basegame,1.6,2373.8
1612,basegame,432.5,29.1
1613,basegame,17.5,6490.2
1614,basegame,0.4,2328.1
1615,basegame,12.3,287.8
1616,basegame,10.1,4045.2
1617,basegame,328.3,14.7
1618,basegame,18.2,4317.5
1619,basegame,0.3,860.9
1620,basegame,816.8,29.9
1621,basegame,1032.7,922.6
1622,basegame,32.6,8108.6
1623,basegame,33.5,183.2
1624,basegame,23.1,1454.9
1625,basegame,77.7,188.0
1626,basegame,1590.6,1108.2
1627,basegame,56.1,8117.5
1628,basegame,20.0,6876.9
1629,basegame,649.3,17.7
1630,basegame,16.5,1951.4
1631,basegame,1017.8,13.5
1632,basegame,358.1,5135.7
1633,basegame,0.0,688.8
1634,basegame,0.0,428.7
1635,basegame,35.0,1123.4
1636,basegame,2588.2,5654.8
1637,basegame,393.3,155.0
1638,basegame,1.0,4704.4
1639,basegame,178.6,491.0
1640,basegame,5.1,2562.3
1641,basegame,0.0,5346.4
1642,basegame,890.9,20.4
1643,basegame,191.0,19.9
1644,basegame,272.4,11.4
1645,basegame,200.9,81.2
1646,basegame,937.9,157.0
1647,basegame,209.3,25.9
1648,basegame,23.2,956.3
1649,basegame,126.5,142.3
1650,basegame,22.9,661.3
1651,basegame,9.5,465.5
1652,basegame,0.0,567.5
1653,basegame,38.8,4341.7
1654,basegame,9.2,362.7
1655,basegame,89.0,1341.5
1656,basegame,650.2,71.0
1657,basegame,477.4,5.2
1658,basegame,211.7,13.7
1659,basegame,166.0,78.2
1660,basegame,263.2,18.1
1661,basegame,0.6,204.1
1662,basegame,4030.5,87.0
1663,basegame,0.0,532.9
1664,basegame,28.4,675.2
1665,basegame,342.2,13.9
1666,basegame,134.2,661.5
1667,basegame,16.5,255.2
1668,basegame,2.4,2134.8
1669,basegame,2.6,4605.0
1670,basegame,1820.7,27.9
1671,basegame,57.4,2867.3
1672,basegame,55.1,1912.5
1673,basegame,235.1,17.4
1674,basegame,102.6,150.8
1675,basegame,1176.9,63.7
1676,basegame,20.3,4490.0
1677,basegame,508.4,44.8
1678,basegame,1568.3,26.5
1679,basegame,5.0,318.1
1680,basegame,14.1,410.9
1681,basegame,27.3,186.7
1682,basegame,912.1,5.8
1683,basegame,11.4,356.4
1684,basegame,779.1,78.0
1685,basegame,35.5,237.9
1686,basegame,230.8,15.4
1687,basegame,106.0,362.0
1688,basegame,24.0,450.2
1689,basegame,10.5,611.0
1690,basegame,12.0,458.9
1691,basegame,18.3,4907.9
1692,basegame,92.9,273.0
1693,basegame,55.8,2201.7
1694,basegame,12.4,1363.1
1695,basegame,27.8,884.1
1696,basegame,1584.4,212.6
1697,basegame,0.6,1739.4
1698,basegame,85.2,431.6
1699,basegame,186.1,1406.4
1700,basegame,33.5,3520.0
1701,basegame,435.3,28.1
1702,basegame,291.9,51.8
1703,basegame,960.7,4.4
1704,basegame,13.0,1630.7
1705,basegame,1236.8,420.7
1706,basegame,101.6,1262.1
1707,basegame,9.5,491.2
1708,basegame,793.8,430.6
1709,basegame,16.2,599.3
1710,basegame,229.0,12.7
1711,basegame,22.1,240.9
1712,basegame,22.3,2364.0
1713,basegame,717.2,280.1
1714,basegame,100.6,592.0
1715,basegame,84.0,1916.7
1716,basegame,237.7,99.2
1717,basegame,184.9,98.1
1718,basegame,0.1,731.5
1719,basegame,201.6,103.9
1720,basegame,0.1,236.2
1721,basegame,194.2,460.3
1722,basegame,193.8,18.1
1723,basegame,55.2,260.0
1724,basegame,14.1,235.1
1725,basegame,2.5,1553.2
1726,basegame,907.5,29.5
1727,basegame,217.9,4.5
1728,basegame,88.2,253.6
1729,basegame,106.0,217.4
1730,basegame,1612.8,46.2
1731,basegame,16.5,1794.0
1732,basegame,14.5,211.1
1733,basegame,0.0,1559.1
1734,basegame,450.0,8.3
1735,basegame,432.8,43.3
1736,basegame,216.0,13.2
1737,basegame,2.8,293.3
1738,basegame,71.4,633.7
1739,basegame,39.8,349.7
1740,basegame,365.4,328.2
1741,basegame,1.8,1550.0
1742,basegame,453.1,10.3
1743,basegame,211.5,944.3
1744,basegame,670.4,7.0
1745,basegame,695.0,138.9
1746,basegame,30.0,770.8
1747,basegame,6.0,2929.7
1748,basegame,323.3,21.6
1749,basegame,10.0,1152.4
1750,basegame,187.4,18.0
1751,basegame,5.8,508.8
1752,basegame,137.0,2535.3
1753,basegame,21.0,457.2
1754,basegame,4007.6,103.6
1755,basegame,391.5,84.3
1756,basegame,3.1,218.1
1757,basegame,0.1,717.5
1758,basegame,158.5,1806.5
1759,basegame,1446.8,10.4
1760,basegame,707.8,12.0
1761,basegame,1066.9,364.5
1762,basegame,209.3,8.0
1763,basegame,0.0,1988.0
1764,basegame,200.2,8.6
1765,basegame,60.7,2984.0
1766,basegame,987.2,355.9
1767,basegame,21.6,1511.4
1768,basegame,0.0,4308.0
1769,basegame,32.3,220.0
1770,basegame,49.5,803.8
1771,basegame,1718.0,74.1
1772,basegame,7.3,331.8
1773,basegame,8.0,356.3
1774,basegame,5.4,282.1
1775,basegame,12.5,1021.7
1776,basegame,4425.8,39.1
1777,basegame,319.4,30.5
1778,basegame,3.9,2802.6
1779,basegame,10.1,2392.4
1780,basegame,430.9,6.1
1781,basegame,3435.5,158.3
1782,basegame,7.7,875.4
1783,basegame,213.9,27.1
1784,basegame,474.9,6.0
1785,basegame,1.0,1268.1
1786,basegame,359.0,161.1
1787,basegame,234.3,15.1
1788,basegame,0.1,629.4
1789,basegame,360.9,55.6
1790,basegame,18.1,766.2
1791,basegame,2894.5,2007.3
1792,basegame,392.3,2.5
1793,basegame,1302.2,3.4
1794,basegame,47.7,3636.5
1795,basegame,23.8,1781.0
1796,basegame,0.0,372.8
1797,basegame,0.0,786.4
1798,basegame,21.0,480.0
1799,basegame,1367.7,53.1
1800,basegame,457.2,90.6
1801,basegame,12.5,309.0
1802,basegame,2365.2,81.4
1803,basegame,914.9,23.3
1804,basegame,352.5,11.4
1805,basegame,639.9,15.5
1806,basegame,2.5,2412.7
1807,basegame,1147.6,27.9
1808,basegame,12.0,2718.5
1809,basegame,357.9,23.4
1810,basegame,3.0,528.0
1811,basegame,61.6,672.7
1812,basegame,1051.6,461.7
1813,basegame,3554.2,12.5
1814,basegame,940.2,0.6
1815,basegame,0.1,1432.8
1816,basegame,97.6,146.6
1817,basegame,309.0,10.0
1818,basegame,1088.5,200.1
1819,basegame,4866.9,46.4
1820,basegame,3.0,1313.5
1821,basegame,346.1,60.9
1822,basegame,627.1,1140.8
1823,basegame,0.0,214.6
1824,basegame,71.2,152.4
1825,basegame,45.3,452.4
1826,basegame,0.2,1113.6
1827,basegame,522.8,68.4
1828,basegame,0.0,489.2
1829,basegame,4541.9,115.9
1830,basegame,0.3,936.8
1831,basegame,16.9,895.7
1832,basegame,2079.9,12.3
1833,basegame,0.1,226.1
1834,basegame,39.1,703.1
1835,basegame,162.1,116.9
1836,basegame,182.4,182.2
1837,basegame,4702.2,20.8
1838,basegame,15.0,2287.9
1839,basegame,36.6,194.5
1840,basegame,986.7,122.5
1841,basegame,235.3,7.7
1842,basegame,21.6,675.5
1843,basegame,8.0,1279.5
1844,basegame,10.6,207.4
1845,basegame,197.1,3669.2
1846,basegame,0.1,412.4
1847,basegame,1236.2,33.6
1848,basegame,68.1,2113.5
1849,basegame,7.3,1093.9
1850,basegame,749.0,2027.5
1851,basegame,17.2,1543.8
1852,basegame,4.2,3960.9
1853,basegame,7.5,417.9
1854,basegame,464.3,8.4
1855,basegame,2107.3,17.9
1856,basegame,93.4,346.2
1857,basegame,673.5,78.1
1858,basegame,169.1,133.4
1859,basegame,1453.1,39.1
1860,basegame,0.3,983.3
1861,basegame,6.1,310.3
1862,basegame,1562.4,10.6
1863,basegame,449.3,70.4
1864,basegame,1728.3,99.5
1865,basegame,1006.0,1060.9
1866,basegame,3.1,4577.1
1867,basegame,29.0,256.5
1868,basegame,4.9,483.5
1869,basegame,21.3,332.2
1870,basegame,6.0,950.8
1871,basegame,275.3,49.6
1872,basegame,483.6,11.5
1873,basegame,57.4,152.3
1874,basegame,6.0,2286.0
1875,basegame,6.8,247.1
1876,basegame,621.3,2630.3
1877,basegame,542.1,546.6
1878,basegame,2313.9,29.8
1879,basegame,33.0,221.1
1880,basegame,26.6,219.9
1881,basegame,3831.7,7.5
1882,basegame,853.1,292.3
1883,basegame,526.3,13.6
1884,basegame,15.1,3015.5
1885,basegame,111.1,136.4
1886,basegame,123.1,3808.9
1887,basegame,655.6,1667.2
1888,basegame,0.5,350.6
1889,basegame,1.3,208.1
1890,basegame,19.4,494.9
1891,basegame,0.0,3128.2
1892,basegame,8.7,1681.9
1893,basegame,6.3,992.5
1894,basegame,15.2,272.1
1895,basegame,1814.0,363.2
1896,basegame,846.4,781.2
1897,basegame,7.5,994.3
1898,basegame,8.3,475.1
1899,basegame,8.6,3362.3
1900,basegame,66.2,421.2
1901,basegame,631.9,20.9
1902,basegame,904.7,251.6
1903,basegame,15.0,447.6
1904,basegame,0.0,510.1
1905,basegame,0.1,4373.4
1906,basegame,232.1,13.5
1907,basegame,0.0,2556.5
1908,basegame,3394.7,7.2
1909,basegame,31.2,4897.9
1910,basegame,138.5,677.1
1911,basegame,0.0,212.6
1912,basegame,516.3,1872.9
1913,basegame,1916.8,13.3
1914,basegame,1058.7,747.3
1915,basegame,265.9,23.9
1916,basegame,2.4,362.8
1917,basegame,0.0,247.7
1918,basegame,12.9,972.6
1919,basegame,0.0,846.5
1920,basegame,35.9,1589.3
1921,basegame,197.6,11.8
1922,basegame,1.7,428.8
1923,basegame,245.2,182.9
1924,basegame,4.1,284.6
1925,basegame,166.8,92.1
1926,basegame,27.5,4690.4
1927,basegame,19.5,1380.0
1928,basegame,23.9,206.8
1929,basegame,2775.1,23.8
1930,basegame,0.9,1165.7
1931,basegame,10.0,1177.0
1932,basegame,536.5,5.5
1933,basegame,305.5,30.5
1934,basegame,74.0,800.5
1935,basegame,0.7,206.7
1936,basegame,11.2,433.2
1937,basegame,0.8,2191.0
1938,basegame,0.3,4249.4
1939,basegame,4541.6,5.5
1940,basegame,28.5,424.9
1941,basegame,275.5,1516.9
1942,basegame,808.6,141.6
1943,basegame,17.0,1782.4
1944,basegame,5.0,1112.0
1945,basegame,20.0,253.9
1946,basegame,378.5,36.6
1947,basegame,10.4,869.7
1948,basegame,749.7,1386.7
1949,basegame,1.4,4031.9
1950,basegame,342.6,54.7
1951,basegame,1060.5,189.4
1952,basegame,3170.2,13.6
1953,basegame,23.5,1398.4
1954,basegame,12.9,561.2
1955,basegame,1277.1,15.1
1956,basegame,0.0,433.1
1957,basegame,1324.0,9.7
1958,basegame,257.2,27.7
1959,basegame,507.2,186.7
1960,basegame,7.6,1131.9
1961,basegame,13.4,1830.1
1962,basegame,289.0,17.5
1963,basegame,2768.3,31.1
1964,basegame,36.2,697.3
1965,basegame,145.6,356.0
1966,basegame,23.7,339.9
1967,basegame,1547.8,8.3
1968,basegame,4520.3,2.7
1969,basegame,16.9,708.0
1970,basegame,145.9,126.0
1971,basegame,1520.1,62.5
1972,basegame,91.8,121.4
1973,basegame,19.7,762.4
1974,basegame,194.0,22.5
1975,basegame,304.1,461.2
1976,basegame,1006.0,49.3
1977,basegame,1613.4,51.7
1978,basegame,7.5,200.7
1979,basegame,7.5,307.8
1980,basegame,507.1,724.9
1981,basegame,1158.4,70.4
1982,basegame,91.2,457.3
1983,basegame,217.6,1.2
1984,basegame,2516.9,220.3
1985,basegame,325.0,3890.6
1986,basegame,535.6,779.2
1987,basegame,1292.6,15.9
1988,basegame,44.5,159.5
1989,basegame,12.7,459.8
1990,basegame,60.6,1075.6
1991,basegame,1609.6,3.1
1992,basegame,1377.7,406.3
1993,basegame,10.0,201.4
1994,basegame,81.1,879.8
1995,basegame,1298.7,5.5
1996,basegame,0.5,1136.0
1997,basegame,950.4,19.9
1998,basegame,167.6,85.1
1999,basegame,1696.7,3.3
2000,basegame,1671.7,12.7
2001,basegame,22.8,327.7
2002,basegame,338.0,677.7
2003,basegame,6517.2,4027.8
2004,basegame,155.4,81.2
2005,basegame,10000.0,0.0
2006,basegame,7.1,811.0
2007,basegame,15.2,587.8
2008,basegame,4062.7,6232.3
2009,basegame,1.0,749.3
2010,basegame,740.6,2525.7
2011,basegame,27.0,8830.5
2012,basegame,10.0,10000.0
2013,basegame,196.8,698.9
2014,basegame,4164.7,8.6
2015,basegame,26.3,3572.5
2016,basegame,10000.0,0.0
2017,basegame,131.5,7990.4
2018,basegame,312.0,7227.1
2019,basegame,23.8,402.2
2020,basegame,695.5,33.9
2021,basegame,10.0,366.9
2022,basegame,273.0,66.6
2023,basegame,2.3,590.5
2024,basegame,3.9,249.9
2025,basegame,18.2,542.7
2026,basegame,1942.8,49.1
2027,basegame,10.6,6152.6
2028,basegame,130.2,587.3
2029,basegame,598.5,808.7
2030,basegame,36.8,709.3
2031,basegame,119.0,1299.9
2032,basegame,165.0,88.0
2033,basegame,210.3,204.1
2034,basegame,86.0,405.1
2035,basegame,2184.8,1301.2
2036,basegame,0.4,918.0
2037,basegame,212.2,78.1
2038,basegame,47.3,281.1
2039,basegame,2028.5,181.8
2040,basegame,1101.2,46.4
2041,basegame,8934.1,353.1
2042,basegame,1891.8,6080.3
2043,basegame,10.8,249.8
2044,basegame,4993.2,4.5
2045,basegame,100.9,350.7
2046,basegame,10.0,6832.9
2047,basegame,1962.4,399.1
2048,basegame,15.0,809.7
2049,basegame,4.4,975.6
2050,basegame,353.6,324.0
2051,basegame,313.6,96.0
2052,basegame,3.9,228.5
2053,basegame,587.7,1072.1
2054,basegame,63.2,4302.9
2055,basegame,69.0,515.3
2056,basegame,1018.2,27.1
2057,basegame,55.0,6049.7
2058,basegame,5.9,249.9
2059,basegame,28.7,238.0
2060,basegame,305.4,2.7
2061,basegame,1100.1,19.8
2062,basegame,46.9,8673.3
2063,basegame,0.0,1555.1
2064,basegame,8.1,1510.7
2065,basegame,2.6,2170.2
2066,basegame,2366.5,4628.7
2067,basegame,237.6,2.1
2068,basegame,2935.1,341.1
2069,basegame,24.0,4974.7
2070,basegame,18.3,977.7
2071,basegame,255.6,50.8
2072,basegame,4.8,6784.8
2073,basegame,21.4,709.7
2074,basegame,5.1,3825.5
2075,basegame,326.8,20.4
2076,basegame,59.1,2675.0
2077,basegame,207.2,92.0
2078,basegame,2777.1,80.9
2079,basegame,399.0,16.9
2080,basegame,3912.8,11.8
2081,basegame,436.6,11.4
2082,basegame,152.7,711.2
2083,basegame,29.0,384.9
2084,basegame,942.6,3.9
2085,basegame,257.0,14.9
2086,basegame,1800.5,23.4
2087,basegame,4577.4,40.6
2088,basegame,9847.8,11.5
2089,basegame,24.1,207.5
2090,basegame,205.0,71.0
2091,basegame,6.9,897.2
2092,basegame,27.4,428.7
2093,basegame,2046.1,4.5
2094,basegame,185.5,808.7
2095,basegame,16.5,424.2
2096,basegame,180.8,45.9
2097,basegame,260.0,21.1
2098,basegame,37.3,2080.1
2099,basegame,6282.9,226.0
2100,basegame,24.0,882.2
2101,basegame,20.0,3891.0
2102,basegame,1116.5,14.9
2103,basegame,3.1,491.4
2104,basegame,2830.9,15.0
2105,basegame,5021.9,11.3
2106,basegame,0.0,1621.8
2107,basegame,5.0,892.7
2108,basegame,6633.7,48.9
2109,basegame,20.0,9232.8
2110,basegame,5.2,3363.7
2111,basegame,835.7,39.4
2112,basegame,3540.4,685.4
2113,basegame,4401.4,373.1
2114,basegame,1731.8,15.3
2115,basegame,0.0,8981.4
2116,basegame,931.0,4.5
2117,basegame,26.0,4732.0
2118,basegame,2005.1,974.8
2119,basegame,881.1,43.1
2120,basegame,554.8,88.3
2121,basegame,113.5,2815.5
2122,basegame,71.4,173.4
2123,basegame,200.1,367.6
2124,basegame,958.5,27.2
2125,basegame,0.0,3364.5
2126,basegame,74.4,274.1
2127,basegame,23.1,1191.8
2128,basegame,0.0,348.5
2129,basegame,407.3,55.4
2130,basegame,1892.8,2.5
2131,basegame,9841.6,16.4
2132,basegame,2332.0,1545.0
2133,basegame,10.3,290.7
2134,basegame,6.4,887.0
2135,basegame,129.8,121.9
2136,basegame,1678.9,225.7
2137,basegame,0.5,1156.9
2138,basegame,2.3,1196.6
2139,basegame,4120.9,23.8
2140,basegame,1865.0,202.3
2141,basegame,327.7,127.5
2142,basegame,0.0,375.2
2143,basegame,136.2,6633.9
2144,basegame,1.7,1450.4
2145,basegame,213.6,140.4
2146,basegame,617.1,30.4
2147,basegame,204.0,193.2
2148,basegame,1234.8,31.1
2149,basegame,62.3,308.9
2150,basegame,176.8,36.7
2151,basegame,22.3,205.4
2152,basegame,0.8,543.2
2153,basegame,1406.4,48.6
2154,basegame,2265.6,242.9
2155,basegame,782.2,18.2
2156,basegame,189.1,19.6
2157,basegame,10.7,2933.2
2158,basegame,35.3,267.1
2159,basegame,189.6,28.8
2160,basegame,635.4,42.8
2161,basegame,29.3,458.1
2162,basegame,69.9,1967.6
2163,basegame,3512.0,66.6
2164,basegame,2.1,1782.1
2165,basegame,17.3,899.9
2166,basegame,256.1,48.9
2167,basegame,11.0,2893.5
2168,basegame,300.4,61.4
2169,basegame,0.8,8484.4
2170,basegame,6.2,2550.2
2171,basegame,586.1,25.4
2172,basegame,9340.0,21.7
2173,basegame,1.5,540.5
2174,basegame,1305.1,140.5
2175,basegame,0.0,369.3
2176,basegame,18.0,313.7
2177,basegame,261.2,23.3
2178,basegame,60.4,377.7
2179,basegame,449.7,4.9
2180,basegame,1429.4,29.5
2181,basegame,23.8,1143.0
2182,basegame,2071.6,122.2
2183,basegame,1336.1,256.5
2184,basegame,30.0,532.4
2185,basegame,199.7,6891.0
2186,basegame,5717.4,24.3
2187,basegame,31.7,9186.5
2188,basegame,20.1,4693.2
2189,basegame,136.3,5069.9
2190,basegame,65.0,177.0
2191,basegame,110.5,129.3
2192,basegame,8110.0,334.5
2193,basegame,208.5,1406.9
2194,basegame,51.3,8610.6
2195,basegame,18.9,317.9
2196,basegame,0.0,1394.5
2197,basegame,12.2,528.4
2198,basegame,214.1,25.0
2199,basegame,410.8,38.1
2200,basegame,22.4,4302.4
2201,basegame,519.6,8816.4
2202,basegame,355.9,24.9
2203,basegame,472.2,13.6
2204,basegame,1378.6,48.7
2205,basegame,13.8,393.6
2206,basegame,521.9,2767.6
2207,basegame,30.0,2519.1
2208,basegame,0.2,6022.3
2209,basegame,5.8,335.8
2210,basegame,175.8,6873.9
2211,basegame,309.0,20.5
2212,basegame,116.5,6058.0
2213,basegame,9.6,1172.1
2214,basegame,44.7,1730.0
2215,basegame,5.2,344.7
2216,basegame,3.3,249.1
2217,basegame,530.5,6384.6
2218,basegame,5.0,1095.2
2219,basegame,6.4,487.1
2220,basegame,10.6,419.7
2221,basegame,2222.2,7.4
2222,basegame,15.0,1014.7
2223,basegame,0.0,299.6
2224,basegame,57.9,193.4
2225,basegame,967.7,236.5
2226,basegame,7.8,865.9
2227,basegame,62.4,8453.4
2228,basegame,16.9,402.2
2229,basegame,1261.6,13.3
2230,basegame,0.0,203.9
2231,basegame,147.1,1303.7
2232,basegame,1651.4,7.2
2233,basegame,5667.7,22.4
2234,basegame,296.9,2.5
2235,basegame,7392.3,8.8
2236,basegame,0.0,6656.4
2237,basegame,6.9,8240.6
2238,basegame,1007.2,16.9
2239,basegame,4978.8,930.8
2240,basegame,5.4,1455.2
2241,basegame,407.0,205.3
2242,basegame,13.8,440.1
2243,basegame,4110.4,37.0
2244,basegame,63.9,239.9
2245,basegame,364.7,16.7
2246,basegame,941.3,11.6
2247,basegame,1462.3,32.9
2248,basegame,6.0,6504.2
2249,basegame,187.9,847.8
2250,basegame,9.4,1534.8
2251,basegame,802.9,10.2
2252,basegame,2.9,481.9
2253,basegame,538.1,32.4
2254,basegame,216.1,14.7
2255,basegame,386.8,4.1
2256,basegame,279.8,461.3
2257,basegame,85.2,2457.2
2258,basegame,25.8,792.2
2259,basegame,201.1,15.6
2260,basegame,1.1,269.1
2261,basegame,896.2,162.8
2262,basegame,6.5,217.0
2263,basegame,59.1,2597.5
2264,basegame,294.6,19.3
2265,basegame,2375.9,53.0
2266,basegame,80.0,1783.5
2267,basegame,2546.5,219.9
2268,basegame,19.0,1141.6
2269,basegame,1222.7,580.2
2270,basegame,53.1,3700.7
2271,basegame,233.2,1377.5
2272,basegame,3.0,610.4
2273,basegame,88.3,219.0
2274,basegame,4150.9,46.7
2275,basegame,81.1,947.2
2276,basegame,652.2,1175.9
2277,basegame,200.6,7.8
2278,basegame,0.0,884.8
2279,basegame,160.5,53.2
2280,basegame,207.6,7914.4
2281,basegame,306.3,55.8
2282,basegame,0.0,1148.8
2283,basegame,18.9,547.8
2284,basegame,82.3,3266.3
2285,basegame,296.4,36.2
2286,basegame,1091.9,19.4
2287,basegame,1.2,218.2
2288,basegame,2.0,8970.5
2289,basegame,247.3,369.2
2290,basegame,8655.5,24.2
2291,basegame,5351.8,131.9
2292,basegame,711.5,7368.1
2293,basegame,426.2,17.6
2294,basegame,587.0,11.0
2295,basegame,255.9,7.0
2296,basegame,0.0,4124.6
2297,basegame,2.6,543.9
2298,basegame,2448.8,9.4
2299,basegame,0.6,4722.5
2300,basegame,22.3,1992.9
2301,basegame,227.0,1473.3
2302,basegame,644.7,6557.1
2303,basegame,1.3,2402.8
2304,basegame,6.6,4072.4
2305,basegame,10.1,656.4
2306,basegame,0.2,8544.4
2307,basegame,24.0,5255.8
2308,basegame,22.7,216.5
2309,basegame,321.1,51.4
2310,basegame,10.5,2571.9
2311,basegame,19.3,1935.8
2312,basegame,21.4,600.2
2313,basegame,8.6,739.1
2314,basegame,13.8,266.5
2315,basegame,12.0,214.0
2316,basegame,104.7,1370.7
2317,basegame,252.0,131.5
2318,basegame,329.5,4522.3
2319,basegame,111.5,777.8
2320,basegame,257.9,27.4
2321,basegame,83.2,6014.9
2322,basegame,335.4,4309.4
2323,basegame,26.6,488.8
2324,basegame,1581.7,3597.6
2325,basegame,1855.3,311.5
2326,basegame,260.6,23.5
2327,basegame,17.7,7483.6
2328,basegame,363.9,13.4
2329,basegame,3.0,1857.3
2330,basegame,2717.9,34.6
2331,basegame,260.7,30.3
2332,basegame,75.4,128.1
2333,basegame,18.3,261.0
2334,basegame,216.0,14.7
2335,basegame,0.1,276.7
2336,basegame,193.1,939.8
2337,basegame,280.0,22.2
2338,basegame,473.3,16.0
2339,basegame,47.5,886.6
2340,basegame,0.0,558.4
2341,basegame,7.6,4324.4
2342,basegame,934.2,35.0
2343,basegame,16.0,189.5
2344,basegame,7.0,273.7
2345,basegame,373.0,24.3
2346,basegame,27.2,8350.8
2347,basegame,1277.4,224.7
2348,basegame,3.4,389.9
2349,basegame,462.0,19.8
2350,basegame,3.2,4724.4
2351,basegame,1771.1,32.6
2352,basegame,3.3,344.0
2353,basegame,1034.6,10.2
2354,basegame,663.8,34.0
2355,basegame,7.1,3747.9
2356,basegame,0.4,2345.0
2357,basegame,275.0,19.6
2358,basegame,1.5,1307.2
2359,basegame,2771.2,2458.4
2360,basegame,535.6,1652.6
2361,basegame,1087.4,19.9
2362,basegame,235.1,8863.8
2363,basegame,6740.0,90.9
2364,basegame,2243.2,23.6
2365,basegame,1414.4,341.2
2366,basegame,445.7,1356.1
2367,basegame,17.5,562.1
2368,basegame,50.3,1173.6
2369,basegame,265.0,47.4
2370,basegame,834.7,527.1
2371,basegame,246.0,1696.5
2372,basegame,5.0,9096.2
2373,basegame,25.4,297.0
2374,basegame,91.0,557.1
2375,basegame,757.6,28.6
2376,basegame,1274.2,29.2
2377,basegame,85.4,114.6
2378,basegame,15.3,239.5
2379,basegame,1767.5,7.3
2380,basegame,250.6,43.5
2381,basegame,26.9,1049.2
2382,basegame,107.1,530.2
2383,basegame,285.0,209.9
2384,basegame,221.7,92.1
2385,basegame,45.9,185.2
2386,basegame,3166.4,519.0
2387,basegame,3693.2,36.7
2388,basegame,6.0,355.0
2389,basegame,1.6,4799.9
2390,basegame,577.9,10.8
2391,basegame,13.5,2970.2
2392,basegame,2353.0,45.2
2393,basegame,0.4,2341.5
2394,basegame,68.8,189.4
2395,basegame,17.9,483.4
2396,basegame,2998.2,174.3
2397,basegame,145.0,63.7
2398,basegame,1.0,1433.9
2399,basegame,212.3,5.1
2400,basegame,10.0,1044.4
2401,basegame,20.5,2059.9
2402,basegame,1856.4,19.1
2403,basegame,5.0,6066.4
2404,basegame,2.7,3166.2
2405,basegame,300.8,9.8
2406,basegame,254.4,526.1
2407,basegame,165.4,72.4
2408,basegame,1.0,363.0
2409,basegame,33.8,280.7
2410,basegame,1066.2,6.5
2411,basegame,2283.6,95.5
2412,basegame,215.4,11.4
2413,basegame,303.6,556.2
2414,basegame,614.6,759.6
2415,basegame,239.4,4.5
2416,basegame,4241.3,296.5
2417,basegame,282.5,24.7
2418,basegame,2185.5,18.2
2419,basegame,37.0,931.7
2420,basegame,220.1,16.7
2421,basegame,0.0,4533.5
2422,basegame,325.7,3.4
2423,basegame,715.2,22.9
2424,basegame,28.7,2553.0
2425,basegame,30.6,229.5
2426,basegame,138.1,6574.2
2427,basegame,3.2,1327.6
2428,basegame,1.2,388.3
2429,basegame,6.7,382.8
2430,basegame,6.2,210.0
2431,basegame,68.5,268.1
2432,basegame,32.9,3449.6
2433,basegame,366.5,1371.2
2434,basegame,8562.1,17.8
2435,basegame,256.6,6.9
2436,basegame,2.7,829.5
2437,basegame,0.0,328.0
2438,basegame,86.9,241.6
2439,basegame,2526.1,15.8
2440,basegame,54.2,460.7
2441,basegame,1154.7,17.5
2442,basegame,3186.0,10.4
2443,basegame,0.0,1618.2
2444,basegame,503.0,130.5
2445,basegame,1866.4,8.8
2446,basegame,298.5,47.5
2447,basegame,171.8,273.7
2448,basegame,0.0,2332.2
2449,basegame,271.9,5.1
2450,basegame,49.1,1066.8
2451,basegame,6.4,997.0
2452,basegame,16.0,221.7
2453,basegame,488.2,6.5
2454,basegame,1164.7,16.0
2455,basegame,471.8,57.0
2456,basegame,133.5,159.1
2457,basegame,2215.8,30.5
2458,basegame,1673.4,137.4
2459,basegame,14.3,247.8
2460,basegame,1136.1,24.0
2461,basegame,172.8,3172.3
2462,basegame,266.0,7.9
2463,basegame,48.0,594.9
2464,basegame,10.0,5137.5
2465,basegame,8999.5,12.6
2466,basegame,0.1,1733.9
2467,basegame,119.2,654.2
2468,basegame,492.2,3.6
2469,basegame,5.2,9404.8
2470,basegame,12.1,1791.4
2471,basegame,2195.8,6041.9
2472,basegame,0.5,7591.6
2473,basegame,248.7,92.5
2474,basegame,11.5,223.3
2475,basegame,0.0,3243.7
2476,basegame,9126.3,71.2
2477,basegame,5.0,195.3
2478,basegame,25.9,5011.5
2479,basegame,0.0,295.2
2480,basegame,22.9,914.5
2481,basegame,925.2,16.6
2482,basegame,35.4,340.0
2483,basegame,15.2,1113.1
2484,basegame,1462.8,98.8
2485,basegame,15.0,1124.6
2486,basegame,256.3,15.6
2487,basegame,14.3,742.6
2488,basegame,16.2,2078.3
2489,basegame,27.3,572.5
2490,basegame,0.1,2388.8
2491,basegame,3.0,1846.1
2492,basegame,308.3,48.7
2493,basegame,5.0,4117.5
2494,basegame,20.0,651.9
2495,basegame,5424.5,7.6
2496,basegame,2.0,736.4
2497,basegame,26.9,189.7
2498,basegame,2.0,7416.1
2499,basegame,43.9,927.3
2500,basegame,3.6,259.1
2501,basegame,6799.3,417.7
2502,basegame,188.1,632.2
2503,basegame,4027.3,10.7
2504,basegame,16.7,279.9
2505,basegame,3.1,219.6
2506,basegame,35.4,961.9
2507,basegame,211.0,28.5
2508,basegame,45.7,502.6
2509,basegame,5.2,6647.1
2510,basegame,19.4,708.3
2511,basegame,45.3,4667.2
2512,basegame,48.6,8899.5
2513,basegame,1.3,277.5
2514,basegame,2740.9,31.7
2515,basegame,10.0,1033.2
2516,basegame,9.0,1126.7
2517,basegame,296.5,210.2
2518,basegame,163.4,86.5
2519,basegame,61.8,298.2
2520,basegame,2659.9,18.6
2521,basegame,12.1,190.6
2522,basegame,5194.4,111.5
2523,basegame,12.1,1513.5
2524,basegame,202.8,4.8
2525,basegame,77.0,3129.2
2526,basegame,573.9,58.3
2527,basegame,278.0,5.4
2528,basegame,530.7,18.8
2529,basegame,23.8,325.7
2530,basegame,309.3,33.2
2531,basegame,158.1,486.8
2532,basegame,1045.7,6587.4
2533,basegame,20.1,1127.3
2534,basegame,746.1,5.4
2535,basegame,0.3,9772.8
2536,basegame,1259.4,4.4
2537,basegame,1.0,950.7
2538,basegame,22.5,4425.8
2539,basegame,61.9,639.8
2540,basegame,205.4,25.8
2541,basegame,9.5,6693.9
2542,basegame,20.1,6816.8
2543,basegame,4.0,2973.2
2544,basegame,1.9,3475.2
2545,basegame,115.6,2266.1
2546,basegame,5085.0,660.2
2547,basegame,34.7,1448.2
2548,basegame,9.8,909.8
2549,basegame,57.1,917.5
2550,basegame,5.6,494.0
2551,basegame,36.9,346.4
2552,basegame,4631.8,68.0
2553,basegame,90.2,304.2
2554,basegame,18.9,8002.7
2555,basegame,1677.3,22.5
2556,basegame,11.5,214.2
2557,basegame,1882.5,5.8
2558,basegame,7184.3,832.2
2559,basegame,0.0,345.7
2560,basegame,4841.0,4.4
2561,basegame,213.9,129.5
2562,basegame,902.1,37.0
2563,basegame,29.4,1035.4
2564,basegame,37.8,3069.2
2565,basegame,328.0,4172.0
2566,basegame,3985.1,20.7
2567,basegame,106.9,1076.8
2568,basegame,15.0,449.7
2569,basegame,320.5,713.4
2570,basegame,198.8,16.8
2571,basegame,1208.8,17.9
2572,basegame,445.5,79.9
2573,basegame,211.1,13.7
2574,basegame,459.4,37.5
2575,basegame,4.0,9364.7
2576,basegame,433.8,16.9
2577,basegame,24.2,2529.2
2578,basegame,732.9,4100.6
2579,basegame,1383.1,257.2
2580,basegame,132.1,122.9
2581,basegame,148.4,79.1
2582,basegame,2844.3,2.9
2583,basegame,247.3,35.3
2584,basegame,34.9,5294.7
2585,basegame,247.9,220.2
2586,basegame,2414.3,47.0
2587,basegame,427.3,93.8
2588,basegame,7467.1,416.7
2589,basegame,19.9,1016.1
2590,basegame,15.3,420.5
2591,basegame,6.0,850.9
2592,basegame,179.4,3718.5
2593,basegame,1.0,813.5
2594,basegame,2.0,5265.4
2595,basegame,1436.0,82.2
2596,basegame,3980.1,9.7
2597,basegame,14.5,2031.6
2598,basegame,602.4,5.3
2599,basegame,631.1,56.8
2600,basegame,12.3,245.6
2601,basegame,150.4,992.8
2602,basegame,0.0,491.0
2603,basegame,31.0,377.1
2604,basegame,40.4,762.1
2605,basegame,16.8,418.4
2606,basegame,5517.1,45.7
2607,basegame,10.9,5509.6
2608,basegame,1481.0,7.2
2609,basegame,767.3,11.2
2610,basegame,3.4,7950.8
2611,basegame,990.6,23.9
2612,basegame,839.2,23.1
2613,basegame,865.0,1379.0
2614,basegame,5485.5,60.9
2615,basegame,644.4,36.0
2616,basegame,517.3,167.4
2617,basegame,0.0,1967.7
2618,basegame,879.7,3304.2
2619,basegame,539.9,4.3
2620,basegame,8563.3,7.2
2621,basegame,833.5,16.5
2622,basegame,39.4,303.0
2623,basegame,240.9,85.7
2624,basegame,0.2,1106.4
2625,basegame,313.5,6.3
2626,basegame,372.0,15.9
2627,basegame,2.0,282.3
2628,basegame,1.0,642.6
2629,basegame,16.8,1847.1
2630,basegame,129.9,1209.1
2631,basegame,13.4,188.7
2632,basegame,27.5,7045.0
2633,basegame,4232.6,160.0
2634,basegame,609.3,25.8
2635,basegame,2310.0,22.7
2636,basegame,609.5,16.4
2637,basegame,1.5,499.4
2638,basegame,2238.9,274.1
2639,basegame,4.8,6714.0
2640,basegame,90.6,4008.1
2641,basegame,2.0,269.2
2642,basegame,2.1,213.9
2643,basegame,204.8,963.8
2644,basegame,9.9,245.9
2645,basegame,62.7,1739.7
2646,basegame,823.1,1351.3
2647,basegame,42.3,740.2
2648,basegame,1.2,449.5
2649,basegame,2.3,504.4
2650,basegame,11.0,333.7
2651,basegame,1497.4,11.1
2652,basegame,9.0,727.3
2653,basegame,8833.0,218.7
2654,basegame,0.0,2009.6
2655,basegame,3582.8,904.1
2656,basegame,12.2,1680.3
2657,basegame,5606.3,383.2
2658,basegame,459.5,856.3
2659,basegame,803.4,1.3
2660,basegame,76.2,536.3
2661,basegame,92.8,108.8
2662,basegame,7.6,3103.0
2663,basegame,3234.4,53.4
2664,basegame,135.0,2059.7
2665,basegame,9945.2,41.6
2666,basegame,274.5,8.7
2667,basegame,7.5,347.6
2668,basegame,10.1,325.8
2669,basegame,221.4,40.5
2670,basegame,4774.7,21.7
2671,basegame,149.5,61.1
2672,basegame,2.0,702.8
2673,basegame,5872.2,5.5
2674,basegame,757.4,7519.7
2675,basegame,28.8,299.1
2676,basegame,237.4,44.5
2677,basegame,256.6,10.4
2678,basegame,82.8,1076.2
2679,basegame,37.5,615.1
2680,basegame,32.3,986.2
2681,basegame,14.2,4641.7
2682,basegame,38.8,531.8
2683,basegame,43.3,437.4
2684,basegame,202.9,359.2
2685,basegame,13.8,497.2
2686,basegame,9.5,311.1
2687,basegame,8.0,574.7
2688,basegame,1658.2,15.1
2689,basegame,7.2,208.9
2690,basegame,7540.5,284.7
2691,basegame,5.7,370.9
2692,basegame,74.4,2308.6
2693,basegame,0.4,450.0
2694,basegame,5.2,217.9
2695,basegame,285.4,288.3
2696,basegame,38.0,3147.4
2697,basegame,588.2,28.9
2698,basegame,15.6,2085.6
2699,basegame,365.7,94.5
2700,basegame,5.2,425.6
2701,basegame,241.3,16.0
2702,basegame,10.0,465.8
2703,basegame,4494.8,13.3
2704,basegame,10.0,1144.6
2705,basegame,938.3,4.5
2706,basegame,505.4,596.0
2707,basegame,685.7,23.3
2708,basegame,855.5,29.0
2709,basegame,28.7,245.4
2710,basegame,2.2,2811.2
2711,basegame,5009.0,26.2
2712,basegame,7222.6,15.0
2713,basegame,1436.2,39.5
2714,basegame,81.6,706.3
2715,basegame,190.5,336.3
2716,basegame,190.2,484.5
2717,basegame,2.6,3185.7
2718,basegame,2650.2,20.5
2719,basegame,65.2,8349.9
2720,basegame,11.2,9195.0
2721,basegame,125.3,190.5
2722,basegame,0.2,1650.4
2723,basegame,976.3,35.1
2724,basegame,27.5,865.3
2725,basegame,479.7,18.6
2726,basegame,6.5,428.8
2727,basegame,251.9,2.8
2728,basegame,160.6,85.2
2729,basegame,10.9,818.6
2730,basegame,276.6,48.4
2731,basegame,599.6,6979.4
2732,basegame,13.9,370.4
2733,basegame,12.6,194.3
2734,basegame,855.1,33.0
2735,basegame,4054.9,14.7
2736,basegame,32.1,584.3
2737,basegame,421.9,12.4
2738,basegame,780.2,13.4
2739,basegame,11.0,947.8
2740,basegame,74.5,3202.1
2741,basegame,26.4,2496.1
2742,basegame,581.6,20.7
2743,basegame,10.0,769.4
2744,basegame,44.0,251.8
2745,basegame,103.5,2573.8
2746,basegame,82.1,235.9
2747,basegame,30.7,537.4
2748,basegame,777.8,576.9
2749,basegame,10.2,945.1
2750,basegame,5.0,2427.5
2751,basegame,675.9,10.0
2752,basegame,14.5,700.2
2753,basegame,362.9,105.5
2754,basegame,786.6,678.4
2755,basegame,202.5,118.8
2756,basegame,2443.5,12.7
2757,basegame,16.3,2937.1
2758,basegame,170.1,4033.2
2759,basegame,1830.2,25.3
2760,basegame,210.2,34.5
2761,basegame,1708.4,103.3
2762,basegame,316.3,39.8
2763,basegame,1.2,471.0
2764,basegame,84.8,1913.6
2765,basegame,5.6,215.7
2766,basegame,274.1,22.1
2767,basegame,10.0,267.6
2768,basegame,4432.0,58.1
2769,basegame,1195.8,39.2
2770,basegame,52.1,206.8
2771,basegame,663.2,20.8
2772,basegame,19.6,664.5
2773,basegame,15.3,4427.5
2774,basegame,284.6,8.0
2775,basegame,0.0,3235.5
2776,basegame,26.7,193.2
2777,basegame,14.3,227.0
2778,basegame,527.5,22.1
2779,basegame,200.9,23.1
2780,basegame,27.1,4511.1
2781,basegame,375.3,1806.0
2782,basegame,327.8,47.2
2783,basegame,127.3,223.0
2784,basegame,0.0,479.1
2785,basegame,869.2,5.9
2786,basegame,0.4,273.2
2787,basegame,0.0,279.3
2788,basegame,13.8,996.0
2789,basegame,2646.3,7.0
2790,basegame,2684.0,14.0
2791,basegame,23.9,1330.8
2792,basegame,117.5,528.7
2793,basegame,473.3,356.5
2794,basegame,4395.0,17.4
2795,basegame,197.3,8.7
2796,basegame,10.7,4395.4
2797,basegame,1416.2,3.0
2798,basegame,9.2,910.3
2799,basegame,1.2,478.8
2800,basegame,330.9,5.8
2801,basegame,267.2,17.1
2802,basegame,350.4,162.3
2803,basegame,0.9,288.4
2804,basegame,0.0,1543.2
2805,basegame,243.7,12.4
2806,basegame,14.4,365.5
2807,basegame,1040.0,170.2
2808,basegame,7.1,2947.8
2809,basegame,902.8,587.9
2810,basegame,20.2,2677.5
2811,basegame,115.8,138.5
2812,basegame,26.4,2470.2
2813,basegame,171.3,2820.0
2814,basegame,336.1,60.8
2815,basegame,1.0,554.5
2816,basegame,0.4,1415.6
2817,basegame,32.5,190.3
2818,basegame,22.8,1773.4
2819,basegame,54.0,448.7
2820,basegame,1011.4,269.4
2821,basegame,12.4,479.6
2822,basegame,7.2,1399.3
2823,basegame,211.4,7.1
2824,basegame,90.0,684.5
2825,basegame,772.6,44.2
2826,basegame,503.3,13.8
2827,basegame,224.4,98.5
2828,basegame,639.7,507.9
2829,basegame,332.2,7.4
2830,basegame,492.9,4.7
2831,basegame,2281.5,13.5
2832,basegame,156.5,45.9
2833,basegame,765.0,20.0
2834,basegame,13.1,257.2
2835,basegame,1891.6,2567.1
2836,basegame,90.2,195.9
2837,basegame,72.9,471.0
2838,basegame,18.5,254.7
2839,basegame,127.7,629.4
2840,basegame,36.5,1331.3
2841,basegame,20.3,1215.8
2842,basegame,3.2,2477.0
2843,basegame,1612.0,1.1
2844,basegame,319.2,158.1
2845,basegame,1.0,1245.9
2846,basegame,4.1,634.6
2847,basegame,1.5,207.0
2848,basegame,841.0,95.2
2849,basegame,282.7,47.8
2850,basegame,261.0,28.3
2851,basegame,157.2,2950.6
2852,basegame,825.2,3779.4
2853,basegame,167.6,717.1
2854,basegame,321.0,9.6
2855,basegame,36.5,257.6
2856,basegame,7.3,283.3
2857,basegame,25.1,437.2
2858,basegame,0.0,3000.5
2859,basegame,1.1,2275.1
2860,basegame,222.0,605.9
2861,basegame,53.0,153.1
2862,basegame,264.3,75.5
2863,basegame,234.5,28.6
2864,basegame,14.0,288.0
2865,basegame,121.8,78.4
2866,basegame,33.2,2759.0
2867,basegame,2821.7,391.6
2868,basegame,0.0,837.5
2869,basegame,9.2,4843.6
2870,basegame,2.0,1740.4
2871,basegame,53.5,3529.4
2872,basegame,95.2,862.3
2873,basegame,233.2,5.3
2874,basegame,42.7,946.8
2875,basegame,1828.5,541.9
2876,basegame,330.1,8.0
2877,basegame,323.0,41.2
2878,basegame,9.0,200.0
2879,basegame,856.6,147.8
2880,basegame,204.5,8.8
2881,basegame,53.4,4516.5
2882,basegame,2272.5,1.5
2883,basegame,198.3,595.1
2884,basegame,354.5,14.3
2885,basegame,274.3,24.1
2886,basegame,4.0,250.7
2887,basegame,5.3,777.5
2888,basegame,10.6,225.1
2889,basegame,302.5,12.6
2890,basegame,3938.9,23.4
2891,basegame,36.5,4450.7
2892,basegame,0.2,266.8
2893,basegame,53.8,1794.6
2894,basegame,383.8,342.5
2895,basegame,2.1,799.0
2896,basegame,1020.1,5.8
2897,basegame,126.4,631.7
2898,basegame,345.7,83.1
2899,basegame,2316.6,13.6
2900,basegame,324.6,52.5
2901,basegame,43.6,4201.3
2902,basegame,2881.4,337.4
2903,basegame,1624.5,63.3
2904,basegame,338.0,10.1
2905,basegame,285.4,81.3
2906,basegame,151.4,92.0
2907,basegame,120.7,424.2
2908,basegame,14.0,286.6
2909,basegame,3430.7,11.6
2910,basegame,95.5,185.1
2911,basegame,333.3,27.1
2912,basegame,25.0,1715.6
2913,basegame,2223.6,44.6
2914,basegame,512.0,344.4
2915,basegame,0.0,4711.9
2916,basegame,0.0,280.9
2917,basegame,1936.3,31.1
2918,basegame,446.4,56.8
2919,basegame,3.0,1783.7
2920,basegame,1163.9,73.6
2921,basegame,255.3,1510.5
2922,basegame,1505.9,20.6
2923,basegame,449.3,44.2
2924,basegame,46.2,155.7
2925,basegame,109.1,2153.7
2926,basegame,0.0,4497.4
2927,basegame,31.0,855.0
2928,basegame,22.5,1008.7
2929,basegame,2107.5,46.9
2930,basegame,21.5,3468.4
2931,basegame,167.6,787.4
2932,basegame,376.2,6.5
2933,basegame,2.3,642.1
2934,basegame,207.6,97.5
2935,basegame,2721.4,7.5
2936,basegame,1645.2,1322.2
2937,basegame,203.5,25.5
2938,basegame,3.7,2239.7
2939,basegame,805.4,1664.3
2940,basegame,293.3,5.3
2941,basegame,46.9,164.3
2942,basegame,0.0,1067.9
2943,basegame,1.5,1022.3
2944,basegame,4.8,1588.3
2945,basegame,58.9,711.9
2946,basegame,2001.9,2.3
2947,basegame,77.1,269.7
2948,basegame,140.7,403.9
2949,basegame,192.2,470.3
2950,basegame,43.3,2958.5
2951,basegame,291.5,151.4
2952,basegame,42.8,1065.9
2953,basegame,12.2,710.1
2954,basegame,3411.4,20.0
2955,basegame,108.4,316.0
2956,basegame,186.4,143.0
2957,basegame,247.5,15.5
2958,basegame,195.8,6.8
2959,basegame,4.1,260.4
2960,basegame,436.1,49.0
2961,basegame,282.7,25.1
2962,basegame,15.9,275.2
2963,basegame,130.0,305.1
2964,basegame,33.0,294.0
2965,basegame,98.9,141.7
2966,basegame,238.6,761.8
2967,basegame,0.4,3852.2
2968,basegame,376.9,104.0
2969,basegame,239.2,11.3
2970,basegame,1.9,266.5
2971,basegame,21.5,1165.7
2972,basegame,15.1,494.9
2973,basegame,8.0,353.5
2974,basegame,68.4,192.0
2975,basegame,187.8,191.0
2976,basegame,611.0,173.8
2977,basegame,18.7,419.4
2978,basegame,235.8,1614.4
2979,basegame,1.6,1863.9
2980,basegame,0.9,1210.8
2981,basegame,0.0,2065.3
2982,basegame,413.0,15.1
2983,basegame,152.5,47.6
2984,basegame,0.3,4429.8
2985,basegame,1.4,1688.7
2986,basegame,12.1,289.6
2987,basegame,20.1,319.4
2988,basegame,0.0,354.7
2989,basegame,302.4,25.8
2990,basegame,633.2,47.8
2991,basegame,3311.6,955.5
2992,basegame,63.3,167.4
2993,basegame,15.0,426.4
2994,basegame,0.6,794.7
2995,basegame,297.7,16.8
2996,basegame,516.7,13.1
2997,basegame,156.9,2352.7
2998,basegame,214.2,22.8
2999,basegame,2.1,628.7
3000,basegame,119.1,1011.0
3001,basegame,10000.0,0.0
3002,basegame,7.0,686.7
3003,basegame,0.2,7316.1
3004,basegame,10000.0,0.0
3005,basegame,10000.0,0.0
3006,basegame,5.0,10000.0
3007,basegame,1.1,10000.0
3008,basegame,100.6,7119.4
3009,basegame,0.6,285.5
3010,basegame,30.0,396.8
3011,basegame,280.1,14.9
3012,basegame,5.2,5029.5
3013,basegame,321.8,392.2
3014,basegame,24.4,3927.2
3015,basegame,2540.5,8.8
3016,basegame,6.1,391.1
3017,basegame,5.6,203.3
3018,basegame,0.0,5637.5
3019,basegame,3601.0,37.6
3020,basegame,2.0,514.1
3021,basegame,16.1,378.6
3022,basegame,5.3,5602.4
3023,basegame,0.3,320.6
3024,basegame,65.0,229.2
3025,basegame,229.2,12.0
3026,basegame,5.0,196.5
3027,basegame,14.8,370.5
3028,basegame,187.0,65.2
3029,basegame,1.6,334.7
3030,basegame,226.1,156.0
3031,basegame,3397.7,369.3
3032,basegame,108.1,215.4
3033,basegame,311.5,29.1
3034,basegame,1.6,957.9
3035,basegame,2363.1,25.3
3036,basegame,18.1,5042.0
3037,basegame,17.0,389.7
3038,basegame,261.0,50.5
3039,basegame,1.4,287.0
3040,basegame,22.0,2867.8
3041,basegame,774.1,45.4
3042,basegame,39.2,2458.5
3043,basegame,245.7,17.3
3044,basegame,17.7,497.0
3045,basegame,576.2,7.5
3046,basegame,2.0,4564.5
3047,basegame,57.3,2566.7
3048,basegame,1855.6,7557.8
3049,basegame,121.1,136.0
3050,basegame,2.2,403.6
3051,basegame,19.8,373.1
3052,basegame,1215.9,60.1
3053,basegame,2.3,1077.7
3054,basegame,10.3,587.6
3055,basegame,162.4,2418.9
3056,basegame,1219.1,27.6
3057,basegame,0.0,1054.0
3058,basegame,0.0,292.5
3059,basegame,290.3,17.8
3060,basegame,12.5,9442.4
3061,basegame,2552.8,672.8
3062,basegame,304.1,613.3
3063,basegame,200.3,18.1
3064,basegame,132.8,2314.0
3065,basegame,966.0,5.6
3066,basegame,1190.7,103.1
3067,basegame,10.2,1376.5
3068,basegame,4032.6,3.6
3069,basegame,6129.8,1.7
3070,basegame,231.5,9.6
3071,basegame,274.8,28.2
3072,basegame,22.0,7358.1
3073,basegame,14.1,376.7
3074,basegame,10.7,694.4
3075,basegame,469.6,598.3
3076,basegame,604.4,4294.4
3077,basegame,0.8,2425.7
3078,basegame,1117.0,1500.0
3079,basegame,47.5,5395.8
3080,basegame,2.0,354.9
3081,basegame,26.0,705.3
3082,basegame,7.6,2215.8
3083,basegame,10.0,632.3
3084,basegame,35.1,418.2
3085,basegame,8.1,2322.0
3086,basegame,24.1,396.0
3087,basegame,306.7,75.5
3088,basegame,428.8,230.5
3089,basegame,240.5,360.5
3090,basegame,26.0,4071.7
3091,basegame,72.3,263.3
3092,basegame,5456.3,18.7
3093,basegame,579.0,8.3
3094,basegame,27.6,1405.9
3095,basegame,4.3,475.5
3096,basegame,40.2,451.4
3097,basegame,0.4,210.2
3098,basegame,2175.4,76.9
3099,basegame,1168.1,3417.3
3100,basegame,16.1,322.6
3101,basegame,30.3,232.2
3102,basegame,122.2,85.3
3103,basegame,11.9,3043.7
3104,basegame,114.0,119.5
3105,basegame,390.0,21.9
3106,basegame,0.0,725.2
3107,basegame,690.8,34.6
3108,basegame,0.1,1407.5
3109,basegame,46.7,232.6
3110,basegame,617.1,113.0
3111,basegame,12.2,5625.8
3112,basegame,3918.6,10.4
3113,basegame,0.0,823.5
3114,basegame,411.2,10.8
3115,basegame,26.7,7796.7
3116,basegame,182.3,102.5
3117,basegame,6909.3,6.1
3118,basegame,6789.5,19.6
3119,basegame,2694.0,33.7
3120,basegame,65.9,151.2
3121,basegame,637.0,21.5
3122,basegame,245.3,1208.8
3123,basegame,210.3,921.1
3124,basegame,25.0,391.3
3125,basegame,662.6,3.9
3126,basegame,10.2,363.2
3127,basegame,16.3,692.2
3128,basegame,508.4,263.2
3129,basegame,515.1,4.4
3130,basegame,5.0,5381.4
3131,basegame,494.2,28.1
3132,basegame,0.0,3264.1
3133,basegame,45.2,7574.9
3134,basegame,39.4,356.6
3135,basegame,3579.3,1689.9
3136,basegame,1.2,348.6
3137,basegame,0.0,330.4
3138,basegame,0.0,5259.4
3139,basegame,1.1,1937.3
3140,basegame,172.1,39.4
3141,basegame,17.2,460.4
3142,basegame,908.2,25.8
3143,basegame,485.0,19.9
3144,basegame,27.0,283.0
3145,basegame,7.4,231.7
3146,basegame,24.7,440.5
3147,basegame,15.2,1530.8
3148,basegame,18.3,8293.5
3149,basegame,0.0,3900.1
3150,basegame,25.9,210.0
3151,basegame,357.4,129.3
3152,basegame,0.2,1222.8
3153,basegame,131.3,2125.4
3154,basegame,1783.5,44.0
3155,basegame,1014.5,6.8
3156,basegame,150.2,1001.8
3157,basegame,208.3,36.0
3158,basegame,182.1,194.6
3159,basegame,18.8,250.0
3160,basegame,0.3,545.7
3161,basegame,119.9,157.8
3162,basegame,0.0,2188.0
3163,basegame,1361.9,1407.7
3164,basegame,15.2,449.4
3165,basegame,5.0,360.3
3166,basegame,764.6,16.2
3167,basegame,129.0,3477.9
3168,basegame,1.0,1257.7
3169,basegame,126.8,2013.6
3170,basegame,1174.2,23.0
3171,basegame,8642.3,16.5
3172,basegame,400.6,16.1
3173,basegame,740.1,8.5
3174,basegame,85.7,251.0
3175,basegame,12.2,260.7
3176,basegame,869.6,44.0
3177,basegame,33.9,370.8
3178,basegame,462.0,464.5
3179,basegame,36.6,186.1
3180,basegame,16.3,470.2
3181,basegame,7962.4,235.6
3182,basegame,488.4,8.4
3183,basegame,2004.7,14.3
3184,basegame,20.3,466.3
3185,basegame,6.5,1586.3
3186,basegame,505.1,3103.7
3187,basegame,37.3,5369.7
3188,basegame,3489.5,327.2
3189,basegame,3377.6,4.8
3190,basegame,76.5,4139.1
3191,basegame,9.4,6840.9
3192,basegame,4506.0,17.3
3193,basegame,301.4,5596.4
3194,basegame,0.0,243.8
3195,basegame,98.0,138.8
3196,basegame,31.0,263.6
3197,basegame,9124.7,8.4
3198,basegame,694.9,49.5
3199,basegame,15.9,960.1
3200,basegame,961.4,23.9
3201,basegame,494.9,165.7
3202,basegame,10.0,1681.9
3203,basegame,1841.3,1329.9
3204,basegame,17.4,238.2
3205,basegame,10.5,614.8
3206,basegame,7202.9,939.6
3207,basegame,3411.5,51.6
3208,basegame,0.0,746.9
3209,basegame,1811.5,37.4
3210,basegame,109.0,4563.0
3211,basegame,1.0,705.6
3212,basegame,0.0,1379.0
3213,basegame,137.6,75.8
3214,basegame,5.2,453.2
3215,basegame,19.9,252.7
3216,basegame,470.1,177.3
3217,basegame,935.4,325.0
3218,basegame,0.0,5476.7
3219,basegame,243.6,1245.1
3220,basegame,2866.6,75.5
3221,basegame,543.7,627.1
3222,basegame,2633.7,64.3
3223,basegame,84.5,7819.7
3224,basegame,227.0,2.5
3225,basegame,22.0,2045.5
3226,basegame,1166.2,842.9
3227,basegame,4293.1,112.0
3228,basegame,53.2,226.8
3229,basegame,415.9,27.6
3230,basegame,35.7,7715.1
3231,basegame,1.0,960.0
3232,basegame,75.2,142.4
3233,basegame,14.3,767.5
3234,basegame,729.0,2.8
3235,basegame,25.6,1418.7
3236,basegame,7.7,2471.3
3237,basegame,0.6,354.6
3238,basegame,55.3,1241.8
3239,basegame,16.4,855.6
3240,basegame,152.2,2316.0
3241,basegame,12.6,720.1
3242,basegame,1.4,278.3
3243,basegame,1.2,2339.8
3244,basegame,30.1,6935.5
3245,basegame,2738.5,4952.3
3246,basegame,0.2,2114.4
3247,basegame,1558.8,16.8
3248,basegame,5238.9,46.7
3249,basegame,5.0,5713.4
3250,basegame,332.7,31.9
3251,basegame,129.3,107.2
3252,basegame,0.0,709.8
3253,basegame,55.0,506.8
3254,basegame,3.9,283.7
3255,basegame,6907.4,47.8
3256,basegame,15.4,2920.6
3257,basegame,110.0,104.9
3258,basegame,5166.4,1096.7
3259,basegame,2486.9,36.5
3260,basegame,43.7,807.7
3261,basegame,0.6,3163.2
3262,basegame,88.1,716.9
3263,basegame,236.2,178.6
3264,basegame,70.1,6230.5
3265,basegame,1413.6,30.3
3266,basegame,191.9,13.6
3267,basegame,373.6,5.0
3268,basegame,1075.1,6.3
3269,basegame,35.1,351.0
3270,basegame,3.3,458.9
3271,basegame,1165.9,509.4
3272,basegame,4.0,844.8
3273,basegame,12.6,565.3
3274,basegame,462.3,136.9
3275,basegame,2585.8,7003.6
3276,basegame,11.4,4287.8
3277,basegame,9.8,2073.8
3278,basegame,728.7,20.2
3279,basegame,23.0,1367.4
3280,basegame,6700.0,2742.8
3281,basegame,247.8,14.9
3282,basegame,3.0,3845.8
3283,basegame,3877.6,1.0
3284,basegame,199.4,1593.9
3285,basegame,465.6,121.6
3286,basegame,33.6,1191.9
3287,basegame,118.6,148.9
3288,basegame,5.2,9464.6
3289,basegame,15.5,1441.3
3290,basegame,191.7,445.8
3291,basegame,13.4,206.3
3292,basegame,2432.9,47.8
3293,basegame,484.5,22.7
3294,basegame,135.1,168.7
3295,basegame,835.0,20.4
3296,basegame,221.0,11.8
3297,basegame,36.7,2020.2
3298,basegame,11.0,6135.7
3299,basegame,71.1,2809.6
3300,basegame,162.2,42.7
3301,basegame,17.5,4954.4
3302,basegame,446.2,13.0
3303,basegame,165.2,197.1
3304,basegame,10.0,479.2
3305,basegame,8865.7,13.8
3306,basegame,797.0,384.5
3307,basegame,10.4,4812.6
3308,basegame,313.1,293.4
3309,basegame,21.0,6028.2
3310,basegame,33.2,251.2
3311,basegame,70.3,1959.6
3312,basegame,15.5,316.2
3313,basegame,1425.2,19.9
3314,basegame,10.3,887.6
3315,basegame,41.3,523.2
3316,basegame,0.0,712.0
3317,basegame,57.8,1289.3
3318,basegame,187.2,1110.7
3319,basegame,2323.6,49.1
3320,basegame,24.0,4313.0
3321,basegame,0.0,1414.6
3322,basegame,93.5,608.5
3323,basegame,4010.2,2.3
3324,basegame,753.8,103.5
3325,basegame,317.2,4202.5
3326,basegame,4.1,215.7
3327,basegame,20.3,9412.0
3328,basegame,1.1,5358.9
3329,basegame,0.6,3232.7
3330,basegame,212.8,6.8
3331,basegame,3.7,433.1
3332,basegame,5.0,416.0
3333,basegame,292.6,987.2
3334,basegame,170.6,5941.2
3335,basegame,344.4,15.0
3336,basegame,179.1,68.9
3337,basegame,39.1,1847.5
3338,basegame,3272.8,3.1
3339,basegame,166.5,137.9
3340,basegame,280.2,19.1
3341,basegame,1974.7,14.7
3342,basegame,8.7,775.0
3343,basegame,1.5,8091.5
3344,basegame,527.4,221.3
3345,basegame,179.2,44.6
3346,basegame,0.0,898.8
3347,basegame,241.8,6788.0
3348,basegame,721.9,12.7
3349,basegame,860.6,11.5
3350,basegame,9.4,238.0
3351,basegame,763.2,54.7
3352,basegame,7.1,4543.4
3353,basegame,12.1,1761.6
3354,basegame,414.5,9.4
3355,basegame,6.0,440.6
3356,basegame,95.0,1324.0
3357,basegame,72.6,168.2
3358,basegame,1.8,1126.6
3359,basegame,9.7,285.0
3360,basegame,68.8,142.5
3361,basegame,221.2,39.3
3362,basegame,13.7,287.6
3363,basegame,45.9,382.2
3364,basegame,6.0,206.9
3365,basegame,0.1,259.2
3366,basegame,2048.2,86.2
3367,basegame,145.5,9036.5
3368,basegame,1.2,8276.9
3369,basegame,0.0,8417.7
3370,basegame,1934.9,346.4
3371,basegame,434.5,17.6
3372,basegame,4.7,4791.5
3373,basegame,25.1,312.8
3374,basegame,7.0,1042.1
3375,basegame,277.1,8.3
3376,basegame,2102.6,18.0
3377,basegame,7100.2,1067.9
3378,basegame,14.3,582.9
3379,basegame,3.0,384.0
3380,basegame,404.9,687.6
3381,basegame,0.3,4194.5
3382,basegame,183.8,18.5
3383,basegame,0.2,4368.1
3384,basegame,20.1,241.1
3385,basegame,9.8,206.0
3386,basegame,16.5,2666.8
3387,basegame,3.9,8431.6
3388,basegame,3262.1,3.5
3389,basegame,244.9,17.0
3390,basegame,0.0,2631.6
3391,basegame,37.1,674.2
3392,basegame,201.8,13.8
3393,basegame,9863.8,52.2
3394,basegame,4.5,2190.1
3395,basegame,0.0,4706.2
3396,basegame,0.0,596.0
3397,basegame,315.5,349.3
3398,basegame,66.1,181.1
3399,basegame,0.0,1360.8
3400,basegame,2.8,1691.7
3401,basegame,34.7,2072.3
3402,basegame,306.8,33.1
3403,basegame,32.4,187.8
3404,basegame,3.4,3331.7
3405,basegame,1047.1,36.9
3406,basegame,50.2,335.9
3407,basegame,256.2,25.9
3408,basegame,999.9,23.4
3409,basegame,83.8,1395.5
3410,basegame,5.6,4174.0
3411,basegame,232.6,1.3
3412,basegame,229.1,1178.3
3413,basegame,751.1,9.1
3414,basegame,15.3,5921.1
3415,basegame,0.0,3300.9
3416,basegame,21.8,769.2
3417,basegame,214.9,188.8
3418,basegame,643.1,19.4
3419,basegame,10.0,231.6
3420,basegame,136.5,1982.3
3421,basegame,319.2,6008.8
3422,basegame,44.2,194.5
3423,basegame,8.7,914.0
3424,basegame,359.2,56.3
3425,basegame,0.0,6377.9
3426,basegame,196.3,4.2
3427,basegame,13.7,9167.4
3428,basegame,0.0,298.6
3429,basegame,1148.8,32.7
3430,basegame,569.8,87.7
3431,basegame,632.3,297.5
3432,basegame,23.7,408.5
3433,basegame,66.0,458.6
3434,basegame,1623.8,192.2
3435,basegame,1.5,341.6
3436,basegame,9492.6,233.8
3437,basegame,897.5,19.1
3438,basegame,0.5,230.6
3439,basegame,6.7,209.0
3440,basegame,0.0,4360.4
3441,basegame,3514.3,21.4
3442,basegame,8.6,432.6
3443,basegame,48.2,181.1
3444,basegame,206.0,12.4
3445,basegame,18.2,260.2
3446,basegame,62.2,3403.0
3447,basegame,337.6,6.5
3448,basegame,88.9,2225.9
3449,basegame,617.6,88.0
3450,basegame,9.0,7991.3
3451,basegame,219.5,58.7
3452,basegame,32.9,7290.4
3453,basegame,2286.8,84.1
3454,basegame,692.6,198.2
3455,basegame,13.6,3515.9
3456,basegame,293.5,4558.6
3457,basegame,369.2,46.7
3458,basegame,693.9,18.6
3459,basegame,1657.7,13.1
3460,basegame,183.3,1199.9
3461,basegame,47.8,738.9
3462,basegame,256.6,8791.8
3463,basegame,620.5,34.5
3464,basegame,595.9,295.2
3465,basegame,3.7,665.6
3466,basegame,446.2,142.4
3467,basegame,2.0,5413.5
3468,basegame,462.2,597.2
3469,basegame,4405.8,48.5
3470,basegame,15.3,354.5
3471,basegame,31.6,271.0
3472,basegame,2.0,483.3
3473,basegame,326.0,4.8
3474,basegame,34.9,581.8
3475,basegame,29.6,8260.5
3476,basegame,543.0,567.4
3477,basegame,5.0,5181.1
3478,basegame,1882.3,12.2
3479,basegame,0.6,599.4
3480,basegame,5.2,1381.8
3481,basegame,0.2,269.7
3482,basegame,140.2,118.7
3483,basegame,33.0,1812.0
3484,basegame,9695.3,96.0
3485,basegame,33.3,5025.4
3486,basegame,675.1,336.9
3487,basegame,5471.7,17.6
3488,basegame,6256.6,2480.8
3489,basegame,4807.0,45.6
3490,basegame,7.5,476.6
3491,basegame,11.9,1552.0
3492,basegame,13.9,1279.6
3493,basegame,5774.3,234.9
3494,basegame,93.6,232.0
3495,basegame,318.3,1974.2
3496,basegame,46.2,293.3
3497,basegame,3529.2,726.5
3498,basegame,243.4,223.5
3499,basegame,146.6,114.0
3500,basegame,916.6,2438.6
3501,basegame,2.0,265.9
3502,basegame,17.1,9463.9
3503,basegame,188.6,29.7
3504,basegame,251.5,114.3
3505,basegame,10.4,1378.7
3506,basegame,481.6,57.3
3507,basegame,6.8,193.3
3508,basegame,2517.5,6.9
3509,basegame,76.7,2520.7
3510,basegame,4154.3,268.0
3511,basegame,193.5,9.4
3512,basegame,548.1,13.8
3513,basegame,44.6,3254.7
3514,basegame,319.3,48.1
3515,basegame,1553.0,2.2
3516,basegame,7.0,327.3
3517,basegame,25.0,1650.2
3518,basegame,21.1,295.4
3519,basegame,2.6,1013.4
3520,basegame,102.6,510.8
3521,basegame,179.4,1189.1
3522,basegame,9366.4,31.9
3523,basegame,493.5,92.8
3524,basegame,0.9,708.3
3525,basegame,1.5,6851.5
3526,basegame,2687.2,370.7
3527,basegame,17.4,2592.0
3528,basegame,52.9,279.5
3529,basegame,812.4,307.6
3530,basegame,11.0,717.8
3531,basegame,680.5,108.8
3532,basegame,1.1,500.8
3533,basegame,31.9,290.8
3534,basegame,310.2,2.6
3535,basegame,14.8,217.5
3536,basegame,593.2,4.1
3537,basegame,76.6,206.7
3538,basegame,168.8,98.1
3539,basegame,2259.2,32.6
3540,basegame,234.8,66.0
3541,basegame,5.0,737.4
3542,basegame,5.7,2155.4
3543,basegame,3371.4,9.9
3544,basegame,9645.6,117.7
3545,basegame,1367.8,3.9
3546,basegame,10.9,4729.4
3547,basegame,9083.9,20.6
3548,basegame,7527.5,35.4
3549,basegame,92.6,492.4
3550,basegame,226.6,0.3
3551,basegame,19.4,229.6
3552,basegame,9254.5,2.7
3553,basegame,1171.2,93.6
3554,basegame,0.0,1848.3
3555,basegame,2009.6,11.8
3556,basegame,6.4,7345.2
3557,basegame,147.8,284.5
3558,basegame,0.0,555.3
3559,basegame,198.2,57.5
3560,basegame,0.0,721.7
3561,basegame,99.3,118.2
3562,basegame,8.0,4010.9
3563,basegame,2.3,3966.4
3564,basegame,11.2,825.1
3565,basegame,1903.4,748.7
3566,basegame,3534.2,237.1
3567,basegame,3487.3,3914.3
3568,basegame,0.0,494.3
3569,basegame,0.0,1686.6
3570,basegame,2642.0,118.0
3571,basegame,12.5,4441.8
3572,basegame,26.6,7541.5
3573,basegame,180.0,5247.1
3574,basegame,3.0,353.5
3575,basegame,15.8,939.5
3576,basegame,920.6,27.0
3577,basegame,2262.3,27.6
3578,basegame,284.7,240.4
3579,basegame,914.8,113.8
3580,basegame,68.5,187.2
3581,basegame,711.0,24.4
3582,basegame,0.2,1306.1
3583,basegame,558.9,3438.8
3584,basegame,105.2,329.4
3585,basegame,0.0,561.4
3586,basegame,7833.1,214.4
3587,basegame,12.5,838.1
3588,basegame,46.6,4639.0
3589,basegame,72.0,128.6
3590,basegame,4390.3,15.4
3591,basegame,1178.0,63.1
3592,basegame,3.9,208.7
3593,basegame,831.2,33.4
3594,basegame,100.0,127.5
3595,basegame,7224.9,300.0
3596,basegame,98.6,2794.8
3597,basegame,930.2,9.1
3598,basegame,0.2,1778.8
3599,basegame,2168.8,7.8
3600,basegame,9841.3,38.2
3601,basegame,3.5,268.2
3602,basegame,16.0,9848.4
3603,basegame,2152.8,15.7
3604,basegame,0.0,233.2
3605,basegame,140.3,1123.6
3606,basegame,2497.6,193.3
3607,basegame,507.1,281.4
3608,basegame,16.2,2639.1
3609,basegame,37.0,1699.8
3610,basegame,333.0,13.2
3611,basegame,7.2,351.7
3612,basegame,34.7,215.7
3613,basegame,174.2,44.9
3614,basegame,3.1,6606.9
3615,basegame,1269.2,46.3
3616,basegame,3.4,832.7
3617,basegame,25.2,8986.5
3618,basegame,1.8,224.8
3619,basegame,125.4,456.2
3620,basegame,5550.5,2207.9
3621,basegame,5.0,2053.2
3622,basegame,52.7,472.2
3623,basegame,271.7,30.1
3624,basegame,5.0,355.8
3625,basegame,99.3,854.3
3626,basegame,568.3,28.7
3627,basegame,26.1,862.7
3628,basegame,701.2,491.8
3629,basegame,154.5,74.4
3630,basegame,947.4,15.5
3631,basegame,2.0,262.9
3632,basegame,1207.6,26.3
3633,basegame,17.3,8845.0
3634,basegame,504.0,7.1
3635,basegame,65.3,3718.9
3636,basegame,543.5,491.1
3637,basegame,3.5,2448.0
3638,basegame,1071.1,10.0
3639,basegame,863.9,3364.1
3640,basegame,108.1,1696.0
3641,basegame,6788.2,627.6
3642,basegame,3313.2,7.6
3643,basegame,3467.7,32.5
3644,basegame,3.7,1403.6
3645,basegame,36.1,305.4
3646,basegame,1759.0,1306.4
3647,basegame,4272.6,11.8
3648,basegame,454.6,41.0
3649,basegame,130.2,73.9
3650,basegame,16.7,3076.1
3651,basegame,549.1,6.7
3652,basegame,12.6,1109.8
3653,basegame,51.8,1971.5
3654,basegame,38.7,7470.2
3655,basegame,113.1,130.9
3656,basegame,55.8,624.4
3657,basegame,206.9,57.6
3658,basegame,136.0,7351.1
3659,basegame,107.0,1519.7
3660,basegame,63.0,140.7
3661,basegame,441.7,26.0
3662,basegame,8878.3,123.9
3663,basegame,668.4,1.3
3664,basegame,46.8,996.9
3665,basegame,40.4,5202.1
3666,basegame,149.9,272.2
3667,basegame,1453.9,15.3
3668,basegame,3952.3,1081.2
3669,basegame,61.9,3896.7
3670,basegame,456.1,111.1
3671,basegame,1424.0,13.0
3672,basegame,7117.5,1003.5
3673,basegame,2791.3,23.6
3674,basegame,189.0,212.7
3675,basegame,5.4,9611.6
3676,basegame,25.1,203.0
3677,basegame,11.1,2002.5
3678,basegame,22.7,7756.1
3679,basegame,705.7,7627.3
3680,basegame,1183.6,78.1
3681,basegame,703.8,169.4
3682,basegame,16.5,364.2
3683,basegame,679.6,25.2
3684,basegame,235.2,40.3
3685,basegame,519.9,23.5
3686,basegame,902.5,6.5
3687,basegame,385.8,120.2
3688,basegame,913.3,25.6
3689,basegame,229.0,50.7
3690,basegame,4646.6,8.2
3691,basegame,0.0,2491.4
3692,basegame,701.4,13.9
3693,basegame,206.3,131.7
3694,basegame,27.6,4960.1
3695,basegame,1831.5,6.0
3696,basegame,1751.5,16.0
3697,basegame,1195.8,36.9
3698,basegame,25.2,1149.0
3699,basegame,76.7,1752.3
3700,basegame,6.5,624.3
3701,basegame,1381.1,10.7
3702,basegame,3895.5,13.0
3703,basegame,50.3,156.7
3704,basegame,21.4,776.4
3705,basegame,1.0,4897.4
3706,basegame,42.8,2268.5
3707,basegame,44.1,522.7
3708,basegame,551.4,218.4
3709,basegame,1.5,267.8
3710,basegame,443.3,90.6
3711,basegame,1780.4,2.3
3712,basegame,215.5,7.1
3713,basegame,3369.1,135.8
3714,basegame,15.0,995.0
3715,basegame,1.9,2490.9
3716,basegame,1904.6,60.5
3717,basegame,12.5,255.5
3718,basegame,2613.6,24.9
3719,basegame,0.0,276.0
3720,basegame,0.0,845.1
3721,basegame,10.0,485.2
3722,basegame,1.0,489.5
3723,basegame,167.0,37.2
3724,basegame,467.5,2973.1
3725,basegame,225.2,903.1
3726,basegame,1765.7,47.9
3727,basegame,4.4,333.4
3728,basegame,19.2,593.8
3729,basegame,2457.0,72.8
3730,basegame,317.4,679.2
3731,basegame,2.6,620.6
3732,basegame,520.4,89.3
3733,basegame,120.1,3633.0
3734,basegame,204.1,7.6
3735,basegame,936.8,4.3
3736,basegame,10.0,384.0
3737,basegame,2569.5,37.9
3738,basegame,1247.2,249.0
3739,basegame,30.0,175.5
3740,basegame,438.7,4.2
3741,basegame,847.3,20.4
3742,basegame,29.9,197.5
3743,basegame,304.0,38.0
3744,basegame,1470.0,235.0
3745,basegame,354.0,357.2
3746,basegame,1410.6,13.9
3747,basegame,9.6,2873.7
3748,basegame,7.6,1275.7
3749,basegame,27.4,367.0
3750,basegame,166.4,43.2
3751,basegame,0.0,406.5
3752,basegame,398.0,24.4
3753,basegame,2029.3,10.7
3754,basegame,158.2,51.7
3755,basegame,15.8,4125.2
3756,basegame,7.4,497.3
3757,basegame,708.5,2466.6
3758,basegame,15.3,420.8
3759,basegame,12.0,525.8
3760,basegame,27.1,286.9
3761,basegame,230.6,40.9
3762,basegame,154.0,79.8
3763,basegame,10.1,2795.8
3764,basegame,2.5,948.9
3765,basegame,909.6,41.5
3766,basegame,1271.6,63.5
3767,basegame,5.0,926.9
3768,basegame,3.6,1109.4
3769,basegame,1489.3,47.5
3770,basegame,14.5,203.1
3771,basegame,10.1,995.3
3772,basegame,256.6,68.3
3773,basegame,79.6,588.0
3774,basegame,4871.8,17.9
3775,basegame,1.0,474.0
3776,basegame,2663.7,42.2
3777,basegame,1121.4,1999.2
3778,basegame,38.5,174.4
3779,basegame,202.2,131.1
3780,basegame,31.1,1125.6
3781,basegame,2.2,266.5
3782,basegame,0.1,4215.7
3783,basegame,2.7,468.4
3784,basegame,8.4,286.4
3785,basegame,211.7,832.4
3786,basegame,33.2,206.2
3787,basegame,33.9,233.8
3788,basegame,47.0,206.4
3789,basegame,0.1,3341.7
3790,basegame,679.9,671.9
3791,basegame,106.6,3426.5
3792,basegame,682.0,135.5
3793,basegame,1178.6,663.4
3794,basegame,23.1,1884.0
3795,basegame,4375.3,14.0
3796,basegame,325.8,19.8
3797,basegame,235.6,5.9
3798,basegame,72.0,240.0
3799,basegame,14.3,391.2
3800,basegame,229.1,11.5
3801,basegame,659.7,23.4
3802,basegame,370.9,5.0
3803,basegame,319.5,17.3
3804,basegame,16.7,295.5
3805,basegame,4.6,796.8
3806,basegame,0.0,1251.9
3807,basegame,1795.1,30.6
3808,basegame,18.8,1501.0
3809,basegame,634.3,22.6
3810,basegame,5.2,329.8
3811,basegame,1099.8,95.6
3812,basegame,1438.6,89.2
3813,basegame,135.4,3565.6
3814,basegame,1779.0,71.2
3815,basegame,1969.1,38.9
3816,basegame,324.1,183.7
3817,basegame,0.0,472.8
3818,basegame,1736.3,1002.3
3819,basegame,152.1,361.5
3820,basegame,4.0,283.9
3821,basegame,110.4,1922.3
3822,basegame,1.0,417.9
3823,basegame,48.8,615.4
3824,basegame,238.0,10.0
3825,basegame,0.0,1808.3
3826,basegame,121.1,428.4
3827,basegame,75.3,236.6
3828,basegame,2.0,218.6
3829,basegame,14.1,1301.2
3830,basegame,105.4,329.4
3831,basegame,495.6,37.7
3832,basegame,87.3,124.8
3833,basegame,4.0,531.7
3834,basegame,70.0,647.0
3835,basegame,1.4,573.8
3836,basegame,0.3,514.9
3837,basegame,222.9,19.7
3838,basegame,2.4,451.6
3839,basegame,25.4,226.1
3840,basegame,371.8,73.7
3841,basegame,3452.4,13.1
3842,basegame,35.0,385.4
3843,basegame,43.7,705.2
3844,basegame,52.1,1525.9
3845,basegame,27.8,821.1
3846,basegame,342.2,24.7
3847,basegame,13.1,202.5
3848,basegame,339.6,65.5
3849,basegame,11.6,341.3
3850,basegame,310.3,169.4
3851,basegame,518.7,44.7
3852,basegame,272.6,76.0
3853,basegame,1137.6,128.0
3854,basegame,32.2,474.8
3855,basegame,1394.8,40.1
3856,basegame,2.4,3765.9
3857,basegame,13.1,1526.4
3858,basegame,19.2,1596.9
3859,basegame,2629.8,1590.2
3860,basegame,266.5,262.8
3861,basegame,14.2,4023.8
3862,basegame,17.2,353.5
3863,basegame,133.2,101.5
3864,basegame,45.2,157.7
3865,basegame,78.7,4222.4
3866,basegame,331.2,506.6
3867,basegame,60.0,4073.2
3868,basegame,521.7,21.6
3869,basegame,80.0,1590.9
3870,basegame,556.1,11.3
3871,basegame,330.8,1570.6
3872,basegame,8.7,4523.8
3873,basegame,577.3,19.2
3874,basegame,16.4,4297.8
3875,basegame,803.0,5.5
3876,basegame,186.8,221.4
3877,basegame,159.8,173.0
3878,basegame,128.7,76.1
3879,basegame,10.0,365.2
3880,basegame,1.2,724.2
3881,basegame,0.0,3888.8
3882,basegame,166.9,677.5
3883,basegame,47.4,1822.3
3884,basegame,3377.9,8.5
3885,basegame,2.4,371.7
3886,basegame,832.4,36.0
3887,basegame,132.6,678.3
3888,basegame,79.3,290.0
3889,basegame,325.3,2.8
3890,basegame,8.1,512.6
3891,basegame,203.3,4.7
3892,basegame,2.0,410.2
3893,basegame,172.0,4230.7
3894,basegame,190.5,35.0
3895,basegame,10.0,271.7
3896,basegame,25.5,224.2
3897,basegame,322.9,11.6
3898,basegame,578.6,553.2
3899,basegame,39.7,771.2
3900,basegame,3195.9,17.7
3901,basegame,1463.0,55.2
3902,basegame,44.5,845.1
3903,basegame,10.0,1395.0
3904,basegame,0.0,2660.5
3905,basegame,99.0,385.4
3906,basegame,1121.4,27.0
3907,basegame,413.9,7.4
3908,basegame,39.0,201.0
3909,basegame,170.3,71.2
3910,basegame,0.6,218.8
3911,basegame,5.0,2675.0
3912,basegame,1.0,2540.7
3913,basegame,4.7,302.0
3914,basegame,53.6,169.8
3915,basegame,17.0,264.7
3916,basegame,1257.2,16.6
3917,basegame,2953.0,12.3
3918,basegame,0.0,250.6
3919,basegame,25.6,1968.5
3920,basegame,25.3,697.4
3921,basegame,11.3,725.3
3922,basegame,0.1,3807.4
3923,basegame,66.0,760.9
3924,basegame,200.7,7.4
3925,basegame,2.3,4223.6
3926,basegame,918.0,10.8
3927,basegame,539.2,782.1
3928,basegame,21.5,185.0
3929,basegame,682.3,138.5
3930,basegame,759.8,50.8
3931,basegame,239.2,1526.5
3932,basegame,0.0,1080.3
3933,basegame,625.3,1857.8
3934,basegame,101.4,209.6
3935,basegame,0.2,590.0
3936,basegame,651.5,46.7
3937,basegame,3971.2,346.2
3938,basegame,1244.4,65.1
3939,basegame,366.0,13.4
3940,basegame,938.8,18.9
3941,basegame,19.5,250.2
3942,basegame,0.6,252.4
3943,basegame,7.2,462.1
3944,basegame,23.0,223.0
3945,basegame,123.3,76.9
3946,basegame,110.2,95.0
3947,basegame,207.2,416.3
3948,basegame,11.2,1030.9
3949,basegame,52.9,178.0
3950,basegame,470.6,58.1
3951,basegame,263.6,129.9
3952,basegame,1125.4,13.2
3953,basegame,670.9,1644.4
3954,basegame,2.6,301.6
3955,basegame,232.9,32.4
3956,basegame,0.0,742.0
3957,basegame,10.5,1104.6
3958,basegame,5.2,460.9
3959,basegame,395.0,1188.5
3960,basegame,26.3,1937.5
3961,basegame,8.9,286.3
3962,basegame,203.0,15.8
3963,basegame,75.9,4196.8
3964,basegame,0.3,405.9
3965,basegame,642.9,50.2
3966,basegame,1.3,208.6
3967,basegame,16.0,1404.3
3968,basegame,47.5,342.7
3969,basegame,131.1,2160.2
3970,basegame,82.0,714.9
3971,basegame,0.0,1786.3
3972,basegame,2413.5,323.2
3973,basegame,2.4,203.1
3974,basegame,1387.8,252.2
3975,basegame,768.6,109.7
3976,basegame,65.0,1702.9
3977,basegame,175.2,35.0
3978,basegame,112.2,365.7
3979,basegame,37.8,256.9
3980,basegame,0.3,1198.5
3981,basegame,8.3,4032.5
3982,basegame,4.0,316.8
3983,basegame,0.1,2801.3
3984,basegame,20.0,288.3
3985,basegame,31.1,594.3
3986,basegame,138.7,102.2
3987,basegame,2.4,218.7
3988,basegame,714.0,57.4
3989,basegame,0.0,958.2
3990,basegame,76.5,1988.3
3991,basegame,137.1,1509.2
3992,basegame,118.4,1738.6
3993,basegame,5.8,2387.3
3994,basegame,857.1,19.2
3995,basegame,511.7,143.2
3996,basegame,73.5,2123.2
3997,basegame,384.4,21.2
3998,basegame,23.2,525.1
3999,basegame,295.0,740.9
4000,basegame,47.2,4025.6
4001,basegame,361.0,9.9
4002,basegame,47.7,2509.9
4003,basegame,0.2,10000.0
4004,basegame,31.6,2406.0
4005,basegame,341.2,6657.8
4006,basegame,112.5,10000.0
4007,basegame,37.2,10000.0
4008,basegame,349.9,10000.0
4009,basegame,4998.2,48.1
4010,basegame,3.5,10000.0
4011,basegame,242.4,19.6
4012,basegame,1864.6,34.4
4013,basegame,54.2,6779.2
4014,basegame,1946.5,27.8
4015,basegame,8054.0,25.1
4016,basegame,286.3,0.5
4017,basegame,3568.3,3932.5
4018,basegame,28.5,5347.4
4019,basegame,4.4,510.5
4020,basegame,351.6,66.9
4021,basegame,4.5,287.8
4022,basegame,99.6,118.3
4023,basegame,1762.6,32.6
4024,basegame,637.3,8.3
4025,basegame,184.6,21.9
4026,basegame,12.5,345.0
4027,basegame,0.0,6313.7
4028,basegame,591.3,393.0
4029,basegame,0.5,271.0
4030,basegame,57.8,2018.0
4031,basegame,2393.1,14.7
4032,basegame,0.0,287.2
4033,basegame,254.1,581.6
4034,basegame,625.7,1609.7
4035,basegame,69.8,5474.8
4036,basegame,182.7,18.0
4037,basegame,200.8,1.5
4038,basegame,2.2,278.0
4039,basegame,48.1,347.8
4040,basegame,311.6,7.4
4041,basegame,436.8,11.8
4042,basegame,2908.8,7026.4
4043,basegame,155.8,887.9
4044,basegame,178.2,38.2
4045,basegame,75.9,148.1
4046,basegame,42.7,5971.9
4047,basegame,85.1,901.5
4048,basegame,10.3,2542.7
4049,basegame,379.1,223.9
4050,basegame,173.9,26.5
4051,basegame,0.2,294.1
4052,basegame,11.5,894.2
4053,basegame,78.3,458.6
4054,basegame,4.0,200.7
4055,basegame,36.7,2569.5
4056,basegame,0.0,4700.9
4057,basegame,10.1,1630.7
4058,basegame,2513.5,26.7
4059,basegame,408.2,384.3
4060,basegame,2993.0,74.6
4061,basegame,15.6,1834.6
4062,basegame,5.6,375.7
4063,basegame,3.3,295.3
4064,basegame,63.7,1318.2
4065,basegame,2962.1,4250.8
4066,basegame,1647.9,3077.3
4067,basegame,42.2,1203.6
4068,basegame,23.6,810.4
4069,basegame,6.6,1494.2
4070,basegame,2.6,243.6
4071,basegame,10.0,356.5
4072,basegame,3150.0,16.8
4073,basegame,3400.1,11.6
4074,basegame,16.0,4366.1
4075,basegame,0.3,616.3
4076,basegame,2531.9,40.7
4077,basegame,5811.3,19.4
4078,basegame,124.4,197.4
4079,basegame,0.3,2524.1
4080,basegame,200.5,99.2
4081,basegame,25.0,9910.7
4082,basegame,41.4,343.2
4083,basegame,11.2,1199.3
4084,basegame,34.1,445.7
4085,basegame,0.1,1983.4
4086,basegame,1.9,509.3
4087,basegame,7264.2,17.0
4088,basegame,4472.9,156.9
4089,basegame,100.1,619.5
4090,basegame,1.2,640.2
4091,basegame,15.6,1432.2
4092,basegame,1960.0,43.9
4093,basegame,10.1,554.0
4094,basegame,230.2,38.5
4095,basegame,18.3,8002.9
4096,basegame,6.1,978.2
4097,basegame,20.4,655.6
4098,basegame,3981.2,18.0
4099,basegame,9826.9,7.5
4100,basegame,10.5,572.8
4101,basegame,3.1,639.5
4102,basegame,12.9,897.9
4103,basegame,38.5,172.6
4104,basegame,57.0,333.5
4105,basegame,1417.0,9.8
4106,basegame,9959.3,5.0
4107,basegame,36.4,1534.8
4108,basegame,2574.5,2.7
4109,basegame,325.1,81.2
4110,basegame,0.3,499.0
4111,basegame,847.6,80.6
4112,basegame,518.8,6.1
4113,basegame,95.0,180.2
4114,basegame,87.6,120.8
4115,basegame,10.0,299.8
4116,basegame,632.0,14.8
4117,basegame,21.0,9004.6
4118,basegame,10.0,1356.2
4119,basegame,0.0,738.0
4120,basegame,495.2,9061.7
4121,basegame,6.9,467.9
4122,basegame,1.8,5175.5
4123,basegame,0.0,336.6
4124,basegame,337.9,4462.4
4125,basegame,4.4,2864.9
4126,basegame,0.0,332.4
4127,basegame,192.9,58.9
4128,basegame,10.3,386.7
4129,basegame,8.0,3606.0
4130,basegame,11.3,4933.0
4131,basegame,1261.4,5.8
4132,basegame,9.5,202.7
4133,basegame,0.0,316.3
4134,basegame,815.8,50.6
4135,basegame,519.5,396.2
4136,basegame,1149.5,672.5
4137,basegame,382.9,1423.5
4138,basegame,56.6,917.4
4139,basegame,370.8,19.9
4140,basegame,240.3,0.4
4141,basegame,167.3,663.9
4142,basegame,631.9,53.3
4143,basegame,1.5,802.2
4144,basegame,2.9,380.7
4145,basegame,0.8,1603.6
4146,basegame,3612.5,22.0
4147,basegame,10.1,5695.3
4148,basegame,12.6,626.7
4149,basegame,22.8,1239.6
4150,basegame,880.2,5.2
4151,basegame,14.0,1517.7
4152,basegame,15.3,445.9
4153,basegame,2013.6,1006.1
4154,basegame,2391.0,392.9
4155,basegame,111.7,5225.1
4156,basegame,223.6,96.3
4157,basegame,225.9,47.9
4158,basegame,1769.7,921.6
4159,basegame,59.0,4570.3
4160,basegame,6.5,468.0
4161,basegame,715.2,2.4
4162,basegame,900.7,22.9
4163,basegame,554.7,28.2
4164,basegame,207.0,57.6
4165,basegame,5.0,454.0
4166,basegame,3530.7,1387.9
4167,basegame,6617.0,1398.5
4168,basegame,28.7,480.2
4169,basegame,5.3,356.6
4170,basegame,14.3,6604.0
4171,basegame,215.2,5671.9
4172,basegame,3.0,423.2
4173,basegame,57.3,207.6
4174,basegame,40.4,300.7
4175,basegame,476.5,20.7
4176,basegame,329.3,28.6
4177,basegame,0.7,9394.3
4178,basegame,1573.7,315.2
4179,basegame,357.6,67.7
4180,basegame,5.1,356.9
4181,basegame,10.0,3776.5
4182,basegame,12.2,267.8
4183,basegame,2.6,392.3
4184,basegame,9.0,1153.8
4185,basegame,370.4,31.0
4186,basegame,17.1,403.6
4187,basegame,578.4,11.6
4188,basegame,202.5,37.3
4189,basegame,5.0,1006.6
4190,basegame,63.3,5532.5
4191,basegame,149.5,104.4
4192,basegame,17.2,3752.1
4193,basegame,46.6,163.9
4194,basegame,0.4,8436.1
4195,basegame,6.2,7134.3
4196,basegame,0.0,5400.0
4197,basegame,406.3,959.5
4198,basegame,16.0,1459.8
4199,basegame,0.0,2618.4
4200,basegame,0.3,682.6
4201,basegame,589.2,12.4
4202,basegame,89.0,245.9
4203,basegame,4.3,1801.3
4204,basegame,497.8,56.3
4205,basegame,0.2,426.2
4206,basegame,5.0,3861.2
4207,basegame,241.9,29.0
4208,basegame,315.7,8.0
4209,basegame,1385.8,14.5
4210,basegame,5083.0,16.7
4211,basegame,1.2,223.1
4212,basegame,10.6,3168.4
4213,basegame,25.0,667.6
4214,basegame,22.5,295.9
4215,basegame,160.0,40.7
4216,basegame,252.5,74.0
4217,basegame,221.6,4.3
4218,basegame,1.4,1418.0
4219,basegame,429.1,250.2
4220,basegame,6353.5,48.6
4221,basegame,0.0,7828.4
4222,basegame,0.7,2169.7
4223,basegame,76.2,167.7
4224,basegame,2.5,1725.9
4225,basegame,40.1,176.3
4226,basegame,17.0,1163.9
4227,basegame,0.7,6288.4
4228,basegame,16.5,6354.2
4229,basegame,7035.2,32.4
4230,basegame,434.1,141.0
4231,basegame,318.3,4.8
4232,basegame,8.4,463.4
4233,basegame,220.5,189.5
4234,basegame,1311.4,0.7
4235,basegame,1.8,5147.5
4236,basegame,4968.8,38.5
4237,basegame,411.9,17.2
4238,basegame,82.1,354.9
4239,basegame,5.2,554.3
4240,basegame,0.8,5706.6
4241,basegame,15.1,7283.5
4242,basegame,0.1,283.5
4243,basegame,34.5,9539.5
4244,basegame,40.0,9894.6
4245,basegame,529.8,7756.2
4246,basegame,379.6,306.5
4247,basegame,334.0,1.2
4248,basegame,2.0,3983.7
4249,basegame,8.1,4089.1
4250,basegame,0.6,271.3
4251,basegame,6623.1,158.0
4252,basegame,245.5,11.5
4253,basegame,1656.6,1155.0
4254,basegame,61.7,167.3
4255,basegame,87.5,3552.6
4256,basegame,276.5,29.7
4257,basegame,1.0,2800.5
4258,basegame,2.5,2167.8
4259,basegame,2689.1,195.8
4260,basegame,10.0,418.8
4261,basegame,208.0,900.3
4262,basegame,112.5,90.4
4263,basegame,93.1,215.5
4264,basegame,2153.3,13.0
4265,basegame,78.9,455.7
4266,basegame,102.1,117.9
4267,basegame,5636.5,139.7
4268,basegame,11.2,492.9
4269,basegame,374.1,7.8
4270,basegame,0.9,1555.3
4271,basegame,6.7,2461.5
4272,basegame,472.0,60.7
4273,basegame,7.0,312.4
4274,basegame,26.4,980.4
4275,basegame,31.6,415.6
4276,basegame,35.8,237.7
4277,basegame,58.0,225.4
4278,basegame,267.8,90.9
4279,basegame,2.0,310.4
4280,basegame,156.2,172.4
4281,basegame,0.3,1033.5
4282,basegame,110.2,125.4
4283,basegame,7.0,389.6
4284,basegame,1010.6,29.3
4285,basegame,169.9,36.3
4286,basegame,567.7,7407.9
4287,basegame,9.5,250.6
4288,basegame,902.3,11.3
4289,basegame,358.6,33.5
4290,basegame,3.2,660.3
4291,basegame,70.4,3462.4
4292,basegame,8.1,1306.0
4293,basegame,345.3,4.5
4294,basegame,2.2,4517.4
4295,basegame,500.4,8.2
4296,basegame,48.4,301.3
4297,basegame,2338.3,148.5
4298,basegame,31.4,1110.7
4299,basegame,1.5,231.9
4300,basegame,3444.6,7.8
4301,basegame,12.0,537.4
4302,basegame,41.8,696.8
4303,basegame,3700.3,6.0
4304,basegame,0.2,378.1
4305,basegame,6274.9,3.7
4306,basegame,14.2,8294.8
4307,basegame,27.2,1071.3
4308,basegame,15.0,3098.8
4309,basegame,18.4,3328.7
4310,basegame,168.0,47.2
4311,basegame,118.3,724.8
4312,basegame,215.0,14.1
4313,basegame,0.9,432.7
4314,basegame,8277.7,24.5
4315,basegame,2028.4,35.5
4316,basegame,6.2,1173.2
4317,basegame,136.0,4383.8
4318,basegame,6.0,1462.0
4319,basegame,0.0,207.6
4320,basegame,2.4,2727.0
4321,basegame,183.1,26.6
4322,basegame,272.6,23.0
4323,basegame,36.8,339.3
4324,basegame,56.3,302.9
4325,basegame,1964.4,223.1
4326,basegame,177.0,49.9
4327,basegame,8.5,1621.6
4328,basegame,120.0,101.8
4329,basegame,524.4,19.3
4330,basegame,18.4,4773.7
4331,basegame,205.9,12.7
4332,basegame,919.3,19.8
4333,basegame,17.4,422.1
4334,basegame,1546.4,114.1
4335,basegame,0.4,259.1
4336,basegame,325.7,261.6
4337,basegame,1841.1,3.5
4338,basegame,171.6,78.7
4339,basegame,40.8,462.6
4340,basegame,15.3,1117.0
4341,basegame,5.0,974.1
4342,basegame,5.8,2609.5
4343,basegame,1227.6,166.7
4344,basegame,515.3,356.7
4345,basegame,19.0,467.0
4346,basegame,160.3,3190.9
4347,basegame,480.4,901.5
4348,basegame,73.6,5353.0
4349,basegame,63.0,323.1
4350,basegame,6.6,7313.7
4351,basegame,73.1,149.1
4352,basegame,426.7,11.4
4353,basegame,2155.9,3.2
4354,basegame,139.1,550.3
4355,basegame,25.7,1907.9
4356,basegame,1.0,404.3
4357,basegame,4536.6,13.7
4358,basegame,526.1,1265.5
4359,basegame,555.3,4.1
4360,basegame,34.5,356.1
4361,basegame,30.3,4289.5
4362,basegame,3.9,6482.6
4363,basegame,1736.5,14.4
4364,basegame,7.0,262.4
4365,basegame,10.0,325.4
4366,basegame,2.2,406.8
4367,basegame,0.0,817.5
4368,basegame,558.4,80.1
4369,basegame,4.5,517.7
4370,basegame,53.0,186.6
4371,basegame,863.4,1223.1
4372,basegame,412.0,46.7
4373,basegame,245.0,1405.9
4374,basegame,5.0,677.6
4375,basegame,24.8,3809.4
4376,basegame,1.6,519.7
4377,basegame,15.9,2128.7
4378,basegame,5.0,406.0
4379,basegame,233.9,6.1
4380,basegame,4928.3,3.3
4381,basegame,1926.7,23.4
4382,basegame,92.2,226.7
4383,basegame,10.1,4423.7
4384,basegame,139.1,118.9
4385,basegame,38.7,7640.1
4386,basegame,84.9,6004.6
4387,basegame,34.4,1527.6
4388,basegame,5248.9,8.5
4389,basegame,47.2,234.2
4390,basegame,154.6,5230.4
4391,basegame,2.0,630.3
4392,basegame,48.2,158.3
4393,basegame,0.5,9865.2
4394,basegame,0.3,499.9
4395,basegame,2031.1,20.7
4396,basegame,0.0,1042.3
4397,basegame,63.0,559.8
4398,basegame,8.5,233.9
4399,basegame,2.0,6680.8
4400,basegame,184.7,17.8
4401,basegame,115.6,6677.2
4402,basegame,1375.4,13.7
4403,basegame,275.1,57.2
4404,basegame,9243.5,11.6
4405,basegame,357.2,8.3
4406,basegame,78.9,211.5
4407,basegame,601.3,26.2
4408,basegame,5.0,1552.1
4409,basegame,965.0,20.1
4410,basegame,22.2,338.4
4411,basegame,20.6,3302.9
4412,basegame,144.7,400.6
4413,basegame,0.0,255.7
4414,basegame,1116.0,3449.4
4415,basegame,1344.1,48.0
4416,basegame,33.6,3601.7
4417,basegame,988.1,14.3
4418,basegame,423.5,481.2
4419,basegame,432.8,200.9
4420,basegame,15.3,400.0
4421,basegame,377.0,23.0
4422,basegame,2.0,1967.8
4423,basegame,106.3,8300.7
4424,basegame,7.2,574.3
4425,basegame,16.9,197.7
4426,basegame,292.9,5966.9
4427,basegame,33.2,8557.7
4428,basegame,16.5,9428.5
4429,basegame,1.2,430.6
4430,basegame,242.8,46.9
4431,basegame,2.0,5313.1
4432,basegame,87.8,1056.1
4433,basegame,95.0,372.0
4434,basegame,1.4,980.4
4435,basegame,247.2,2.7
4436,basegame,3.1,403.3
4437,basegame,1.6,1978.9
4438,basegame,1.0,1360.0
4439,basegame,39.8,174.1
4440,basegame,2.1,5119.1
4441,basegame,362.5,114.7
4442,basegame,271.3,28.0
4443,basegame,3030.9,4.0
4444,basegame,2043.9,48.0
4445,basegame,135.0,5379.0
4446,basegame,2.6,5774.9
4447,basegame,11.9,959.1
4448,basegame,257.6,744.7
4449,basegame,1.4,6603.6
4450,basegame,24.0,1121.6
4451,basegame,42.9,528.6
4452,basegame,15.1,2839.9
4453,basegame,27.0,1538.5
4454,basegame,105.6,9032.3
4455,basegame,160.0,325.7
4456,basegame,211.1,58.3
4457,basegame,171.9,114.3
4458,basegame,1910.3,352.4
4459,basegame,36.8,218.9
4460,basegame,126.6,753.7
4461,basegame,33.8,1435.9
4462,basegame,41.7,2542.0
4463,basegame,0.2,3575.2
4464,basegame,216.9,4113.5
4465,basegame,5.2,5103.5
4466,basegame,21.5,8593.9
4467,basegame,261.3,5357.4
4468,basegame,0.4,740.3
4469,basegame,5.6,4165.8
4470,basegame,426.0,100.0
4471,basegame,104.0,224.7
4472,basegame,2607.4,4.7
4473,basegame,457.5,331.5
4474,basegame,283.5,6600.3
4475,basegame,1136.3,91.1
4476,basegame,1416.0,129.8
4477,basegame,5785.0,11.5
4478,basegame,12.1,599.1
4479,basegame,12.3,217.9
4480,basegame,0.0,904.3
4481,basegame,4.0,3653.1
4482,basegame,135.8,95.1
4483,basegame,3907.4,25.2
4484,basegame,358.2,214.9
4485,basegame,1.0,344.3
4486,basegame,310.2,19.0
4487,basegame,625.3,8877.5
4488,basegame,0.4,3228.9
4489,basegame,217.2,5.1
4490,basegame,285.5,14.0
4491,basegame,803.9,34.4
4492,basegame,122.0,3998.5
4493,basegame,0.2,666.5
4494,basegame,0.0,8000.7
4495,basegame,0.6,476.2
4496,basegame,35.5,711.0
4497,basegame,886.1,4.5
4498,basegame,0.4,328.0
4499,basegame,238.4,5.5
4500,basegame,111.3,5350.3
4501,basegame,16.0,529.1
4502,basegame,59.4,1142.3
4503,basegame,0.2,2322.2
4504,basegame,43.4,1231.4
4505,basegame,93.6,136.8
4506,basegame,337.5,793.9
4507,basegame,0.0,3139.1
4508,basegame,0.6,697.4
4509,basegame,249.5,55.4
4510,basegame,118.2,1394.6
4511,basegame,635.8,116.0
4512,basegame,4.6,7649.8
4513,basegame,1118.6,3.6
4514,basegame,2682.7,32.8
4515,basegame,561.3,515.0
4516,basegame,18.1,2453.6
4517,basegame,1.6,2556.4
4518,basegame,1.3,1287.0
4519,basegame,436.1,22.9
4520,basegame,671.8,2450.7
4521,basegame,5405.3,387.2
4522,basegame,8.5,8954.6
4523,basegame,0.0,682.7
4524,basegame,3.3,5291.7
4525,basegame,422.0,3.8
4526,basegame,2106.8,1344.5
4527,basegame,590.1,4.6
4528,basegame,2621.4,769.4
4529,basegame,5.7,210.2
4530,basegame,5.1,556.8
4531,basegame,7.5,394.1
4532,basegame,7.4,4668.5
4533,basegame,2.5,441.1
4534,basegame,59.6,146.3
4535,basegame,159.6,3316.2
4536,basegame,125.2,5013.4
4537,basegame,47.6,4917.4
4538,basegame,259.8,19.4
4539,basegame,34.2,473.5
4540,basegame,20.1,486.6
4541,basegame,8932.0,127.5
4542,basegame,23.3,565.3
4543,basegame,1.0,303.0
4544,basegame,0.0,1356.0
4545,basegame,679.2,14.5
4546,basegame,1230.0,11.2
4547,basegame,185.4,28.6
4548,basegame,23.0,1151.7
4549,basegame,8.1,3814.1
4550,basegame,2583.0,2266.3
4551,basegame,91.7,2394.1
4552,basegame,6.2,319.7
4553,basegame,1954.3,13.7
4554,basegame,58.8,324.2
4555,basegame,619.4,25.1
4556,basegame,1.9,693.1
4557,basegame,4951.7,96.8
4558,basegame,507.4,30.7
4559,basegame,0.0,238.8
4560,basegame,45.5,5553.9
4561,basegame,21.7,408.9
4562,basegame,0.1,347.8
4563,basegame,3055.4,33.5
4564,basegame,696.0,20.0
4565,basegame,1.5,3668.3
4566,basegame,200.8,50.7
4567,basegame,1271.3,30.3
4568,basegame,208.6,211.8
4569,basegame,3635.2,7.1
4570,basegame,35.3,1079.2
4571,basegame,5783.3,8.8
4572,basegame,99.7,969.6
4573,basegame,697.9,10.5
4574,basegame,165.4,42.6
4575,basegame,61.3,9822.7
4576,basegame,0.0,358.5
4577,basegame,320.8,185.8
4578,basegame,101.7,2178.8
4579,basegame,472.4,2901.6
4580,basegame,6623.8,14.2
4581,basegame,860.5,2235.7
4582,basegame,4440.4,15.8
4583,basegame,1577.5,23.9
4584,basegame,73.6,395.5
4585,basegame,7.0,5370.0
4586,basegame,82.0,7392.9
4587,basegame,28.0,2211.2
4588,basegame,383.5,26.8
4589,basegame,98.1,424.2
4590,basegame,4.0,2451.0
4591,basegame,2.7,9510.0
4592,basegame,5.1,379.8
4593,basegame,230.1,2782.7
4594,basegame,30.0,3641.1
4595,basegame,97.3,735.2
4596,basegame,1303.3,631.4
4597,basegame,3.9,349.9
4598,basegame,11.4,323.5
4599,basegame,196.7,10.3
4600,basegame,2126.0,3.1
4601,basegame,856.0,110.2
4602,basegame,39.3,198.7
4603,basegame,2740.7,55.6
4604,basegame,9.0,8848.2
4605,basegame,51.4,1445.9
4606,basegame,23.2,1516.4
4607,basegame,2.3,711.6
4608,basegame,2906.6,81.2
4609,basegame,318.4,8766.1
4610,basegame,6738.6,1.2
4611,basegame,3.4,542.6
4612,basegame,7.0,266.4
4613,basegame,40.4,613.7
4614,basegame,450.5,17.8
4615,basegame,71.0,7670.3
4616,basegame,4490.3,37.7
4617,basegame,5323.8,5.3
4618,basegame,2.1,9513.2
4619,basegame,312.7,1729.6
4620,basegame,450.9,165.6
4621,basegame,98.8,225.5
4622,basegame,219.4,165.6
4623,basegame,237.9,33.4
4624,basegame,4212.8,10.1
4625,basegame,0.0,250.0
4626,basegame,498.6,13.2
4627,basegame,2510.1,1052.2
4628,basegame,303.1,17.7
4629,basegame,3.7,641.9
4630,basegame,285.0,32.9
4631,basegame,1692.6,9.2
4632,basegame,27.0,2414.3
4633,basegame,5.4,303.1
4634,basegame,0.0,389.5
4635,basegame,641.2,37.8
4636,basegame,50.6,413.0
4637,basegame,317.4,82.9
4638,basegame,37.5,1083.3
4639,basegame,200.6,9.6
4640,basegame,3.0,359.8
4641,basegame,3034.5,49.8
4642,basegame,4117.0,19.9
4643,basegame,11.8,298.7
4644,basegame,781.6,14.0
4645,basegame,3594.9,180.9
4646,basegame,79.3,186.4
4647,basegame,290.5,93.0
4648,basegame,15.0,2911.2
4649,basegame,1336.7,62.2
4650,basegame,7174.6,39.2
4651,basegame,95.1,175.5
4652,basegame,18.6,8264.5
4653,basegame,1691.0,68.5
4654,basegame,1150.0,3029.1
4655,basegame,379.1,13.3
4656,basegame,65.6,335.7
4657,basegame,13.4,1207.5
4658,basegame,15.3,450.4
4659,basegame,369.4,144.6
4660,basegame,1332.6,42.0
4661,basegame,610.4,7.0
4662,basegame,645.5,3.0
4663,basegame,1320.8,34.6
4664,basegame,78.3,4713.1
4665,basegame,51.5,153.2
4666,basegame,83.3,344.9
4667,basegame,0.1,211.8
4668,basegame,60.8,691.4
4669,basegame,29.0,268.6
4670,basegame,538.3,100.5
4671,basegame,2.4,198.7
4672,basegame,176.7,37.1
4673,basegame,801.6,0.8
4674,basegame,2.7,3465.6
4675,basegame,4258.9,121.3
4676,basegame,23.0,4456.9
4677,basegame,4828.9,4.0
4678,basegame,14.7,2321.2
4679,basegame,167.0,1730.8
4680,basegame,3684.5,13.9
4681,basegame,10.1,477.1
4682,basegame,601.1,113.1
4683,basegame,296.7,7.2
4684,basegame,259.3,74.0
4685,basegame,110.4,816.2
4686,basegame,150.5,261.7
4687,basegame,1.5,250.9
4688,basegame,61.6,4668.9
4689,basegame,20.9,1558.2
4690,basegame,516.6,188.4
4691,basegame,304.3,14.1
4692,basegame,1868.1,190.7
4693,basegame,463.8,42.1
4694,basegame,50.8,2043.4
4695,basegame,7.3,704.4
4696,basegame,640.2,80.3
4697,basegame,192.1,292.0
4698,basegame,2722.1,9.9
4699,basegame,1411.5,9.4
4700,basegame,4422.5,4.9
4701,basegame,22.3,4381.1
4702,basegame,1007.8,351.2
4703,basegame,1340.0,2.3
4704,basegame,30.8,2089.8
4705,basegame,3080.7,53.4
4706,basegame,1054.4,13.7
4707,basegame,4.0,1078.2
4708,basegame,339.7,26.7
4709,basegame,13.7,517.1
4710,basegame,1391.5,32.8
4711,basegame,0.0,557.5
4712,basegame,593.0,10.1
4713,basegame,1971.6,157.8
4714,basegame,422.6,187.7
4715,basegame,265.2,17.5
4716,basegame,4.5,1340.2
4717,basegame,270.0,0.6
4718,basegame,1432.6,23.4
4719,basegame,20.2,4078.6
4720,basegame,152.0,2504.1
4721,basegame,1019.1,52.9
4722,basegame,9.5,423.5
4723,basegame,229.0,223.5
4724,basegame,815.7,7.3
4725,basegame,3.9,295.7
4726,basegame,1073.0,29.7
4727,basegame,167.0,405.0
4728,basegame,1.5,377.9
4729,basegame,11.7,282.6
4730,basegame,2585.0,8.0
4731,basegame,12.2,188.5
4732,basegame,508.2,16.7
4733,basegame,1.2,523.1
4734,basegame,286.2,2.4
4735,basegame,2.6,406.2
4736,basegame,505.4,136.6
4737,basegame,203.6,1.2
4738,basegame,8.0,2115.4
4739,basegame,3099.8,8.1
4740,basegame,189.8,155.0
4741,basegame,30.5,1701.1
4742,basegame,3549.3,116.1
4743,basegame,79.0,212.5
4744,basegame,596.0,15.5
4745,basegame,2325.5,112.5
4746,basegame,0.0,927.8
4747,basegame,775.1,41.0
4748,basegame,1.5,1275.1
4749,basegame,10.3,416.4
4750,basegame,4060.4,0.2
4751,basegame,22.4,1062.7
4752,basegame,57.9,659.7
4753,basegame,366.3,25.0
4754,basegame,3785.7,7.1
4755,basegame,1863.4,67.3
4756,basegame,692.3,50.8
4757,basegame,13.0,764.8
4758,basegame,2.9,3546.4
4759,basegame,91.3,1747.7
4760,basegame,3394.6,493.4
4761,basegame,1.0,228.3
4762,basegame,1832.2,2685.4
4763,basegame,45.0,376.9
4764,basegame,40.3,1350.0
4765,basegame,4.0,4744.5
4766,basegame,532.6,27.7
4767,basegame,12.2,622.2
4768,basegame,424.1,2.5
4769,basegame,429.7,28.1
4770,basegame,272.7,14.2
4771,basegame,0.0,4175.3
4772,basegame,1482.7,23.8
4773,basegame,394.3,3.6
4774,basegame,33.0,185.8
4775,basegame,1.0,4048.1
4776,basegame,484.9,105.6
4777,basegame,32.0,209.1
4778,basegame,327.6,225.5
4779,basegame,1087.2,1.6
4780,basegame,91.6,792.9
4781,basegame,70.0,2083.8
4782,basegame,278.5,16.3
4783,basegame,1.5,2672.2
4784,basegame,13.9,431.7
4785,basegame,40.5,189.8
4786,basegame,3.3,3054.9
4787,basegame,158.6,135.9
4788,basegame,45.3,477.3
4789,basegame,10.8,222.6
4790,basegame,35.2,174.1
4791,basegame,72.8,156.4
4792,basegame,1609.0,468.3
4793,basegame,20.9,1616.7
4794,basegame,506.5,211.9
4795,basegame,10.0,3324.9
4796,basegame,36.3,1556.8
4797,basegame,26.6,3336.6
4798,basegame,16.0,394.5
4799,basegame,266.8,0.6
4800,basegame,1.1,251.3
4801,basegame,672.9,5.7
4802,basegame,560.0,2629.2
4803,basegame,231.0,5.8
4804,basegame,2159.6,2424.1
4805,basegame,892.7,3223.4
4806,basegame,27.0,541.9
4807,basegame,61.0,371.3
4808,basegame,0.0,487.0
4809,basegame,1.0,1188.2
4810,basegame,219.6,1463.8
4811,basegame,775.9,7.0
4812,basegame,75.4,1885.8
4813,basegame,4204.2,26.5
4814,basegame,1.3,763.1
4815,basegame,175.4,817.0
4816,basegame,273.5,1068.4
4817,basegame,0.7,2727.2
4818,basegame,61.8,2105.4
4819,basegame,6.0,263.8
4820,basegame,5.0,241.1
4821,basegame,0.4,4416.0
4822,basegame,1.6,413.2
4823,basegame,597.7,36.3
4824,basegame,0.2,2576.9
4825,basegame,896.6,34.1
4826,basegame,180.8,231.7
4827,basegame,3156.2,16.6
4828,basegame,63.5,269.9
4829,basegame,10.3,1302.4
4830,basegame,32.0,746.5
4831,basegame,20.9,539.6
4832,basegame,7.5,728.1
4833,basegame,793.7,39.9
4834,basegame,70.0,183.1
4835,basegame,2346.1,16.6
4836,basegame,201.4,13.8
4837,basegame,12.0,2185.0
4838,basegame,1491.4,245.0
4839,basegame,913.1,109.8
4840,basegame,10.0,429.6
4841,basegame,65.7,323.4
4842,basegame,4.6,479.0
4843,basegame,62.8,849.2
4844,basegame,3.0,325.8
4845,basegame,5.8,1248.9
4846,basegame,28.0,487.1
4847,basegame,0.3,3305.1
4848,basegame,4.7,2299.2
4849,basegame,911.2,22.9
4850,basegame,497.0,34.5
4851,basegame,92.6,136.6
4852,basegame,5.1,2892.0
4853,basegame,8.5,1111.0
4854,basegame,0.2,245.1
4855,basegame,46.9,498.5
4856,basegame,9.6,680.2
4857,basegame,3902.1,698.8
4858,basegame,114.9,97.4
4859,basegame,3079.9,130.8
4860,basegame,14.0,398.1
4861,basegame,1053.2,1134.1
4862,basegame,0.1,811.1
4863,basegame,7.3,377.6
4864,basegame,0.3,1283.1
4865,basegame,10.0,3491.1
4866,basegame,3071.9,28.2
4867,basegame,190.0,24.1
4868,basegame,22.4,872.4
4869,basegame,13.7,3436.3
4870,basegame,162.7,50.9
4871,basegame,779.3,49.6
4872,basegame,0.0,735.7
4873,basegame,1.0,3056.5
4874,basegame,1021.0,5.0
4875,basegame,105.3,434.5
4876,basegame,769.1,25.7
4877,basegame,11.2,696.9
4878,basegame,11.0,900.7
4879,basegame,1.6,1805.4
4880,basegame,1291.5,31.2
4881,basegame,63.2,425.6
4882,basegame,30.1,2705.0
4883,basegame,22.5,399.8
4884,basegame,1.1,3807.3
4885,basegame,1776.7,251.2
4886,basegame,3687.6,32.5
4887,basegame,3246.5,98.1
4888,basegame,32.0,177.7
4889,basegame,254.0,1568.7
4890,basegame,0.9,1265.9
4891,basegame,143.9,68.5
4892,basegame,535.6,12.2
4893,basegame,0.0,852.8
4894,basegame,7.9,638.2
4895,basegame,228.2,1627.1
4896,basegame,850.0,856.9
4897,basegame,532.6,2006.3
4898,basegame,13.6,431.4
4899,basegame,7.0,456.1
4900,basegame,1.0,515.7
4901,basegame,3.8,246.0
4902,basegame,896.4,339.3
4903,basegame,1050.7,3.0
4904,basegame,0.2,2548.4
4905,basegame,2.5,379.4
4906,basegame,334.1,56.0
4907,basegame,32.4,465.3
4908,basegame,0.2,506.3
4909,basegame,0.1,357.5
4910,basegame,1.0,3232.5
4911,basegame,285.5,24.3
4912,basegame,14.6,1524.3
4913,basegame,432.9,38.5
4914,basegame,0.0,2045.2
4915,basegame,10.4,461.6
4916,basegame,3492.6,21.3
4917,basegame,56.2,237.3
4918,basegame,601.7,109.9
4919,basegame,4796.2,56.6
4920,basegame,2.5,1923.8
4921,basegame,0.0,888.0
4922,basegame,232.0,210.1
4923,basegame,0.1,2825.6
4924,basegame,0.1,438.7
4925,basegame,5.2,2367.4
4926,basegame,2.3,279.9
4927,basegame,21.0,999.7
4928,basegame,277.0,26.8
4929,basegame,16.4,890.6
4930,basegame,601.4,12.5
4931,basegame,812.5,61.4
4932,basegame,2877.8,17.4
4933,basegame,63.6,3047.9
4934,basegame,2.3,692.3
4935,basegame,351.7,17.9
4936,basegame,735.9,50.4
4937,basegame,141.2,371.6
4938,basegame,40.6,4074.1
4939,basegame,26.8,1479.1
4940,basegame,159.6,525.9
4941,basegame,4766.1,2.1
4942,basegame,2.5,488.5
4943,basegame,30.3,484.8
4944,basegame,5.9,3574.7
4945,basegame,320.6,20.2
4946,basegame,4276.9,194.0
4947,basegame,9.2,3212.4
4948,basegame,551.7,13.9
4949,basegame,0.0,218.1
4950,basegame,5.2,706.6
4951,basegame,314.3,7.3
4952,basegame,1255.1,88.0
4953,basegame,1.5,233.3
4954,basegame,6.0,1267.4
4955,basegame,23.4,301.2
4956,basegame,776.1,28.1
4957,basegame,67.6,435.8
4958,basegame,112.2,193.2
4959,basegame,0.1,674.6
4960,basegame,1790.7,101.5
4961,basegame,10.1,452.6
4962,basegame,116.9,95.7
4963,basegame,44.9,240.9
4964,basegame,37.0,192.1
4965,basegame,22.7,413.0
4966,basegame,15.8,730.8
4967,basegame,8.0,291.8
4968,basegame,111.1,99.3
4969,basegame,435.3,0.8
4970,basegame,200.2,56.9
4971,basegame,5.0,662.4
4972,basegame,3.0,1047.4
4973,basegame,192.3,41.8
4974,basegame,352.7,28.4
4975,basegame,330.2,13.9
4976,basegame,536.8,27.7
4977,basegame,0.0,516.9
4978,basegame,52.2,368.1
4979,basegame,67.0,618.9
4980,basegame,225.1,14.8
4981,basegame,39.0,450.4
4982,basegame,4.0,197.4
4983,basegame,1286.9,55.7
4984,basegame,50.2,459.6
4985,basegame,421.7,41.1
4986,basegame,31.5,1693.7
4987,basegame,12.0,1674.5
4988,basegame,192.2,183.6
4989,basegame,187.4,20.8
4990,basegame,776.8,172.1
4991,basegame,5.0,844.6
4992,basegame,52.8,161.9
4993,basegame,72.2,149.9
4994,basegame,741.6,10.0
4995,basegame,45.8,373.1
4996,basegame,607.2,25.9
4997,basegame,194.3,7.2
4998,basegame,197.7,2.7
4999,basegame,55.0,270.1
5000,basegame,288.3,21.2
5001,basegame,218.8,30.8
5002,basegame,226.7,109.4
5003,basegame,10.0,293.6
5004,basegame,5.9,385.3
5005,basegame,13.1,9582.4
5006,basegame,0.1,10000.0
5007,basegame,183.6,10000.0
5008,basegame,1158.6,6087.4
5009,basegame,10000.0,0.0
5010,basegame,1461.2,36.1
5011,basegame,0.3,652.5
5012,basegame,672.1,2032.4
5013,basegame,220.9,31.0
5014,basegame,43.0,10000.0
5015,basegame,10000.0,0.0
5016,basegame,315.2,1.7
5017,basegame,222.6,147.7
5018,basegame,739.1,8726.8
5019,basegame,14.0,292.3
5020,basegame,29.1,9643.9
5021,basegame,14.0,482.4
5022,basegame,197.5,30.0
5023,basegame,0.0,207.7
5024,basegame,101.5,1694.8
5025,basegame,137.4,66.3
5026,basegame,1758.8,24.9
5027,basegame,226.1,1276.9
5028,basegame,22.6,1700.7
5029,basegame,23.9,1080.6
5030,basegame,44.8,1426.2
5031,basegame,2.0,2505.4
5032,basegame,1784.9,12.8
5033,basegame,22.3,505.7
5034,basegame,291.9,11.6
5035,basegame,157.3,204.6
5036,basegame,97.8,2069.2
5037,basegame,374.5,1483.9
5038,basegame,34.9,197.1
5039,basegame,21.6,1244.4
5040,basegame,0.0,662.7
5041,basegame,461.3,7825.7
5042,basegame,1873.1,40.1
5043,basegame,10.1,6523.7
5044,basegame,112.4,402.4
5045,basegame,983.5,32.3
5046,basegame,490.3,3287.7
5047,basegame,173.8,392.6
5048,basegame,1.0,2334.7
5049,basegame,75.1,3038.5
5050,basegame,66.5,176.8
5051,basegame,429.4,19.7
5052,basegame,6984.4,95.3
5053,basegame,149.6,212.6
5054,basegame,0.0,9318.0
5055,basegame,85.6,209.9
5056,basegame,2164.7,7.5
5057,basegame,7.2,4361.7
5058,basegame,0.4,1268.3
5059,basegame,48.8,810.1
5060,basegame,38.9,175.6
5061,basegame,212.8,930.4
5062,basegame,1663.2,287.4
5063,basegame,663.6,6.3
5064,basegame,11.3,1346.6
5065,basegame,39.4,1793.4
5066,basegame,226.0,5.4
5067,basegame,4123.4,55.4
5068,basegame,74.6,1448.9
5069,basegame,2.5,2779.7
5070,basegame,297.7,16.4
5071,basegame,248.7,31.4
5072,basegame,750.9,40.6
5073,basegame,77.1,417.3
5074,basegame,137.9,77.9
5075,basegame,177.4,36.3
5076,basegame,1763.6,4409.0
5077,basegame,4.0,5440.7
5078,basegame,3.2,2623.8
5079,basegame,6.4,2144.2
5080,basegame,7.6,652.8
5081,basegame,71.0,6081.4
5082,basegame,24.6,6123.2
5083,basegame,9.3,731.8
5084,basegame,5.3,1078.6
5085,basegame,18.9,3817.3
5086,basegame,29.3,262.4
5087,basegame,120.1,114.6
5088,basegame,51.1,2378.7
5089,basegame,4.8,7240.1
5090,basegame,714.2,643.7
5091,basegame,5.5,905.7
5092,basegame,2252.2,517.0
5093,basegame,4.0,1257.6
5094,basegame,63.2,142.3
5095,basegame,4.0,361.5
5096,basegame,296.7,1.0
5097,basegame,270.0,281.0
5098,basegame,7939.2,92.3
5099,basegame,25.0,316.5
5100,basegame,7639.9,125.8
5101,basegame,218.5,48.4
5102,basegame,20.8,5277.0
5103,basegame,2.0,360.4
5104,basegame,322.6,228.4
5105,basegame,132.0,1855.2
5106,basegame,1040.9,13.5
5107,basegame,235.5,30.7
5108,basegame,9.8,9239.0
5109,basegame,26.6,4605.9
5110,basegame,7912.2,5.3
5111,basegame,11.5,490.8
5112,basegame,1253.1,5.8
5113,basegame,224.6,111.7
5114,basegame,352.4,87.6
5115,basegame,27.9,191.2
5116,basegame,780.9,33.8
5117,basegame,957.2,5532.3
5118,basegame,596.6,2.7
5119,basegame,25.1,3968.4
5120,basegame,172.1,1518.1
5121,basegame,0.0,437.6
5122,basegame,9275.4,639.8
5123,basegame,5000.2,346.1
5124,basegame,4926.0,12.6
5125,basegame,1964.1,10.6
5126,basegame,9389.1,63.1
5127,basegame,43.5,4824.6
5128,basegame,105.3,704.7
5129,basegame,540.1,14.0
5130,basegame,5664.0,7.9
5131,basegame,24.2,5339.6
5132,basegame,1712.8,1460.4
5133,basegame,548.4,72.8
5134,basegame,2.1,5088.4
5135,basegame,5.2,790.7
5136,basegame,8367.6,153.9
5137,basegame,8957.7,63.0
5138,basegame,11.5,1038.1
5139,basegame,0.0,1081.0
5140,basegame,356.8,1.0
5141,basegame,2087.8,16.1
5142,basegame,7.2,1032.7
5143,basegame,4.0,201.6
5144,basegame,117.7,725.4
5145,basegame,174.0,74.6
5146,basegame,83.9,2221.8
5147,basegame,35.6,682.3
5148,basegame,26.3,3481.5
5149,basegame,206.7,21.2
5150,basegame,1.0,1554.7
5151,basegame,367.5,265.3
5152,basegame,125.0,288.1
5153,basegame,465.1,12.9
5154,basegame,5072.8,12.3
5155,basegame,6.0,1239.8
5156,basegame,41.0,844.7
5157,basegame,318.4,37.9
5158,basegame,4.0,1026.2
5159,basegame,5.3,2563.5
5160,basegame,21.7,3885.3
5161,basegame,52.7,1088.2
5162,basegame,126.5,3512.1
5163,basegame,497.0,64.7
5164,basegame,315.1,12.8
5165,basegame,91.6,7448.6
5166,basegame,54.0,702.0
5167,basegame,43.6,5644.4
5168,basegame,68.9,6211.4
5169,basegame,12.9,203.6
5170,basegame,20.1,206.0
5171,basegame,0.3,4051.2
5172,basegame,2149.6,11.0
5173,basegame,2.1,1028.5
5174,basegame,2.4,1136.0
5175,basegame,6.7,566.5
5176,basegame,286.1,38.8
5177,basegame,413.1,14.2
5178,basegame,46.9,3013.1
5179,basegame,576.8,26.6
5180,basegame,851.4,3305.9
5181,basegame,0.4,5477.5
5182,basegame,1559.4,262.3
5183,basegame,4037.1,39.9
5184,basegame,350.2,2.4
5185,basegame,69.7,2421.6
5186,basegame,443.9,9.5
5187,basegame,0.0,836.9
5188,basegame,30.0,212.1
5189,basegame,146.3,134.0
5190,basegame,188.3,305.4
5191,basegame,53.3,1916.0
5192,basegame,147.3,76.9
5193,basegame,722.0,4979.2
5194,basegame,318.9,40.8
5195,basegame,106.0,229.7
5196,basegame,2193.0,17.2
5197,basegame,369.7,513.0
5198,basegame,59.8,788.7
5199,basegame,52.6,6772.2
5200,basegame,5.1,9831.1
5201,basegame,0.0,462.2
5202,basegame,204.8,20.4
5203,basegame,92.4,230.7
5204,basegame,65.0,163.0
5205,basegame,92.0,1010.0
5206,basegame,0.0,9568.7
5207,basegame,0.2,3200.9
5208,basegame,42.3,5238.8
5209,basegame,0.4,209.1
5210,basegame,583.8,13.2
5211,basegame,835.9,1549.5
5212,basegame,3915.4,80.1
5213,basegame,0.0,417.0
5214,basegame,0.1,8091.5
5215,basegame,191.0,4229.4
5216,basegame,389.9,73.6
5217,basegame,15.0,846.7
5218,basegame,190.0,69.9
5219,basegame,0.0,1937.5
5220,basegame,335.9,24.6
5221,basegame,177.6,172.1
5222,basegame,0.0,346.3
5223,basegame,8.1,1012.3
5224,basegame,196.1,289.6
5225,basegame,256.2,48.8
5226,basegame,0.3,541.8
5227,basegame,577.4,731.7
5228,basegame,732.8,29.6
5229,basegame,3.4,541.6
5230,basegame,0.2,272.1
5231,basegame,4760.6,3955.1
5232,basegame,280.1,8.7
5233,basegame,30.8,191.5
5234,basegame,47.8,641.9
5235,basegame,10.0,205.6
5236,basegame,70.4,1827.4
5237,basegame,10.0,527.0
5238,basegame,12.1,259.5
5239,basegame,232.7,201.4
5240,basegame,1.7,683.3
5241,basegame,346.3,15.4
5242,basegame,34.4,849.5
5243,basegame,1845.1,538.0
5244,basegame,153.2,55.7
5245,basegame,88.7,5241.4
5246,basegame,4.3,207.9
5247,basegame,8870.6,19.0
5248,basegame,3076.2,25.7
5249,basegame,337.1,556.1
5250,basegame,9298.3,2.2
5251,basegame,34.2,414.4
5252,basegame,155.0,339.8
5253,basegame,2330.6,1375.9
5254,basegame,13.0,9176.9
5255,basegame,4289.0,22.7
5256,basegame,69.0,9778.0
5257,basegame,135.5,3540.6
5258,basegame,846.6,24.1
5259,basegame,89.5,149.9
5260,basegame,0.0,9753.6
5261,basegame,600.8,356.1
5262,basegame,1.2,3151.7
5263,basegame,20.6,207.0
5264,basegame,46.0,743.3
5265,basegame,14.3,456.4
5266,basegame,30.9,519.9
5267,basegame,1305.9,2.9
5268,basegame,41.7,9123.2
5269,basegame,25.2,6919.2
5270,basegame,1.0,221.3
5271,basegame,45.0,2898.5
5272,basegame,21.5,3135.8
5273,basegame,7.4,7004.0
5274,basegame,107.0,114.5
5275,basegame,185.3,15.5
5276,basegame,27.0,631.2
5277,basegame,2.5,1659.6
5278,basegame,5.2,822.1
5279,basegame,3104.0,12.9
5280,basegame,322.8,4477.5
5281,basegame,18.4,3099.1
5282,basegame,19.5,9167.9
5283,basegame,17.7,9019.2
5284,basegame,2610.3,11.0
5285,basegame,385.0,39.6
5286,basegame,103.2,150.4
5287,basegame,243.7,29.6
5288,basegame,1255.2,7.3
5289,basegame,81.1,147.2
5290,basegame,391.8,1062.0
5291,basegame,0.1,2640.0
5292,basegame,31.6,2332.6
5293,basegame,28.6,1704.3
5294,basegame,7.5,7985.0
5295,basegame,759.5,13.3
5296,basegame,20.6,305.3
5297,basegame,13.0,3240.8
5298,basegame,634.2,472.6
5299,basegame,10.5,416.2
5300,basegame,195.1,55.7
5301,basegame,445.0,33.6
5302,basegame,10.9,4528.6
5303,basegame,293.0,4.3
5304,basegame,40.2,3702.2
5305,basegame,382.0,144.3
5306,basegame,361.5,4.8
5307,basegame,0.2,883.0
5308,basegame,3139.5,1.4
5309,basegame,0.0,9041.0
5310,basegame,301.0,5.1
5311,basegame,221.0,2096.2
5312,basegame,420.2,3818.1
5313,basegame,2236.6,679.9
5314,basegame,115.2,1466.9
5315,basegame,0.0,261.0
5316,basegame,181.3,1445.3
5317,basegame,31.0,2697.3
5318,basegame,2314.4,90.0
5319,basegame,2.3,1060.4
5320,basegame,1.3,5249.3
5321,basegame,4509.5,1449.8
5322,basegame,7.0,8644.3
5323,basegame,5.0,2231.3
5324,basegame,126.7,459.6
5325,basegame,36.9,7748.5
5326,basegame,29.9,340.2
5327,basegame,74.3,131.6
5328,basegame,506.2,1604.4
5329,basegame,471.5,19.1
5330,basegame,0.0,1780.7
5331,basegame,296.2,30.9
5332,basegame,293.1,19.9
5333,basegame,6.0,473.3
5334,basegame,27.4,5257.8
5335,basegame,1.3,4630.1
5336,basegame,7077.9,58.6
5337,basegame,4516.3,41.0
5338,basegame,18.1,298.4
5339,basegame,2.6,1936.5
5340,basegame,563.7,41.0
5341,basegame,2.7,402.4
5342,basegame,23.0,1040.9
5343,basegame,513.9,10.6
5344,basegame,334.5,13.6
5345,basegame,10.5,779.5
5346,basegame,639.0,15.2
5347,basegame,2479.6,1453.4
5348,basegame,6.0,8748.0
5349,basegame,465.1,81.3
5350,basegame,135.9,64.1
5351,basegame,26.1,1584.8
5352,basegame,104.5,5375.5
5353,basegame,2846.4,88.9
5354,basegame,32.0,3255.6
5355,basegame,9.1,7510.1
5356,basegame,0.2,501.6
5357,basegame,3802.3,17.5
5358,basegame,2.0,1509.8
5359,basegame,447.3,5.7
5360,basegame,1.0,530.8
5361,basegame,307.7,21.2
5362,basegame,1521.3,106.4
5363,basegame,108.3,902.1
5364,basegame,0.1,3001.6
5365,basegame,0.2,222.1
5366,basegame,205.1,45.0
5367,basegame,5.1,2266.5
5368,basegame,0.1,1338.0
5369,basegame,204.5,762.4
5370,basegame,5976.5,30.7
5371,basegame,0.0,2117.3
5372,basegame,46.7,182.7
5373,basegame,3901.4,494.0
5374,basegame,208.2,5252.3
5375,basegame,404.0,133.3
5376,basegame,6.7,751.2
5377,basegame,998.3,15.8
5378,basegame,0.0,4359.5
5379,basegame,5.3,9448.6
5380,basegame,4300.1,178.3
5381,basegame,68.2,1336.8
5382,basegame,187.6,67.3
5383,basegame,1649.7,157.5
5384,basegame,313.0,8.7
5385,basegame,35.4,7280.6
5386,basegame,11.1,583.9
5387,basegame,6.1,2988.7
5388,basegame,134.7,195.3
5389,basegame,85.2,209.9
5390,basegame,25.9,260.0
5391,basegame,246.7,21.5
5392,basegame,3499.4,2686.3
5393,basegame,8.2,342.5
5394,basegame,477.3,8.4
5395,basegame,913.6,217.2
5396,basegame,1365.9,128.6
5397,basegame,1640.5,4.0
5398,basegame,183.3,118.5
5399,basegame,800.0,15.0
5400,basegame,1246.6,4.6
5401,basegame,37.0,3319.5
5402,basegame,2.0,4903.0
5403,basegame,6.2,280.6
5404,basegame,6437.9,1641.4
5405,basegame,51.9,843.5
5406,basegame,577.6,4738.3
5407,basegame,1.1,447.2
5408,basegame,495.7,13.8
5409,basegame,5387.5,98.3
5410,basegame,0.0,1598.2
5411,basegame,829.6,4021.6
5412,basegame,319.0,46.0
5413,basegame,402.7,36.0
5414,basegame,21.5,1478.1
5415,basegame,276.1,8075.6
5416,basegame,635.4,32.8
5417,basegame,124.8,75.6
5418,basegame,0.2,257.0
5419,basegame,5.5,2899.5
5420,basegame,17.9,4076.1
5421,basegame,0.0,9620.2
5422,basegame,4.0,1374.1
5423,basegame,7681.7,252.8
5424,basegame,26.3,2037.5
5425,basegame,831.3,7.5
5426,basegame,86.7,343.6
5427,basegame,1.0,2864.4
5428,basegame,2330.9,43.8
5429,basegame,50.2,317.1
5430,basegame,1149.6,3.7
5431,basegame,191.0,176.7
5432,basegame,5.8,637.2
5433,basegame,377.7,6.9
5434,basegame,0.3,1440.3
5435,basegame,74.5,165.6
5436,basegame,5.0,5314.2
5437,basegame,187.5,19.2
5438,basegame,90.1,891.9
5439,basegame,1067.9,2.5
5440,basegame,193.3,25.0
5441,basegame,1131.5,235.4
5442,basegame,4.9,2417.1
5443,basegame,2.5,442.7
5444,basegame,1637.1,221.8
5445,basegame,467.9,3121.8
5446,basegame,1509.7,9.6
5447,basegame,403.5,9195.5
5448,basegame,103.8,2016.1
5449,basegame,65.2,2619.9
5450,basegame,59.0,3987.4
5451,basegame,9.1,6241.8
5452,basegame,204.6,2066.1
5453,basegame,473.0,547.2
5454,basegame,34.1,244.8
5455,basegame,325.3,39.0
5456,basegame,404.9,63.1
5457,basegame,2634.2,1915.8
5458,basegame,219.0,545.0
5459,basegame,52.1,356.1
5460,basegame,864.4,1.3
5461,basegame,5392.4,508.0
5462,basegame,2.7,1304.7
5463,basegame,0.4,6611.3
5464,basegame,3.0,254.2
5465,basegame,3.2,375.2
5466,basegame,155.4,45.7
5467,basegame,1.5,1772.6
5468,basegame,97.6,4212.1
5469,basegame,24.9,307.2
5470,basegame,202.6,10.4
5471,basegame,5245.3,97.3
5472,basegame,0.0,508.9
5473,basegame,0.0,1441.6
5474,basegame,947.2,37.7
5475,basegame,216.0,2.0
5476,basegame,43.8,218.5
5477,basegame,8.0,246.3
5478,basegame,199.1,1.0
5479,basegame,382.7,57.7
5480,basegame,6164.9,183.2
5481,basegame,2213.3,184.5
5482,basegame,10.0,214.6
5483,basegame,30.0,7738.5
5484,basegame,11.8,667.0
5485,basegame,7.0,669.7
5486,basegame,4829.3,145.4
5487,basegame,314.8,312.9
5488,basegame,27.8,463.5
5489,basegame,25.1,599.1
5490,basegame,0.1,4687.6
5491,basegame,73.9,6046.8
5492,basegame,190.6,9.8
5493,basegame,41.5,327.4
5494,basegame,0.3,203.6
5495,basegame,5.2,479.4
5496,basegame,433.8,12.0
5497,basegame,0.7,2768.1
5498,basegame,315.3,27.6
5499,basegame,788.7,1385.8
5500,basegame,18.9,207.9
5501,basegame,432.9,24.6
5502,basegame,9.0,6693.9
5503,basegame,0.0,847.2
5504,basegame,29.8,6412.9
5505,basegame,55.3,5764.2
5506,basegame,769.8,216.5
5507,basegame,1695.5,24.3
5508,basegame,33.6,240.8
5509,basegame,1.0,2403.1
5510,basegame,355.7,8022.8
5511,basegame,6137.0,8.7
5512,basegame,5.8,256.8
5513,basegame,1031.1,8215.1
5514,basegame,301.9,51.4
5515,basegame,1.6,586.4
5516,basegame,18.8,1570.6
5517,basegame,0.0,589.2
5518,basegame,645.0,15.7
5519,basegame,2396.9,3898.1
5520,basegame,395.0,298.0
5521,basegame,382.6,2435.4
5522,basegame,260.4,11.1
5523,basegame,37.1,283.3
5524,basegame,1914.2,95.5
5525,basegame,13.6,213.7
5526,basegame,90.9,5473.5
5527,basegame,0.0,6884.0
5528,basegame,277.2,9695.1
5529,basegame,540.7,7.0
5530,basegame,5.0,1325.2
5531,basegame,445.2,5.5
5532,basegame,14.7,394.7
5533,basegame,1161.4,13.0
5534,basegame,2.1,1405.9
5535,basegame,0.8,5893.2
5536,basegame,839.4,87.6
5537,basegame,42.9,218.0
5538,basegame,451.8,4.0
5539,basegame,1079.8,20.9
5540,basegame,1831.4,205.7
5541,basegame,1733.8,5.1
5542,basegame,434.3,525.0
5543,basegame,220.7,72.1
5544,basegame,120.6,2842.4
5545,basegame,9.2,7481.3
5546,basegame,75.0,611.1
5547,basegame,243.0,3493.2
5548,basegame,16.5,203.9
5549,basegame,13.2,843.4
5550,basegame,3.0,994.2
5551,basegame,9.5,374.6
5552,basegame,138.7,2898.1
5553,basegame,3.2,5597.3
5554,basegame,10.5,310.6
5555,basegame,65.0,271.3
5556,basegame,3221.5,4.3
5557,basegame,297.5,139.7
5558,basegame,299.3,11.1
5559,basegame,792.6,27.1
5560,basegame,45.2,686.1
5561,basegame,7469.6,14.0
5562,basegame,1328.0,4.4
5563,basegame,2377.8,336.1
5564,basegame,4317.9,135.7
5565,basegame,79.8,718.0
5566,basegame,220.2,245.9
5567,basegame,376.8,31.5
5568,basegame,125.5,962.6
5569,basegame,104.8,3955.8
5570,basegame,282.0,49.7
5571,basegame,16.9,478.1
5572,basegame,93.8,157.0
5573,basegame,4974.7,16.0
5574,basegame,2.6,861.7
5575,basegame,21.6,261.9
5576,basegame,685.4,296.6
5577,basegame,0.0,260.9
5578,basegame,63.4,2394.8
5579,basegame,334.6,18.5
5580,basegame,143.2,5852.7
5581,basegame,14.5,5023.4
5582,basegame,1900.6,5180.3
5583,basegame,2925.2,46.2
5584,basegame,208.9,3387.0
5585,basegame,1647.2,580.7
5586,basegame,17.8,1039.1
5587,basegame,230.4,7492.8
5588,basegame,0.0,540.1
5589,basegame,195.5,32.2
5590,basegame,2.0,1633.5
5591,basegame,40.0,286.5
5592,basegame,0.0,8556.8
5593,basegame,2614.3,43.5
5594,basegame,581.0,36.9
5595,basegame,39.0,1047.0
5596,basegame,338.9,886.7
5597,basegame,37.3,284.6
5598,basegame,1070.9,96.7
5599,basegame,0.0,608.6
5600,basegame,3.2,1950.7
5601,basegame,27.4,4163.2
5602,basegame,12.7,781.2
5603,basegame,1.0,510.2
5604,basegame,1.9,3383.4
5605,basegame,428.6,834.2
5606,basegame,30.0,509.7
5607,basegame,135.9,717.8
5608,basegame,57.2,606.0
5609,basegame,169.2,591.0
5610,basegame,0.6,351.1
5611,basegame,828.6,106.2
5612,basegame,64.9,642.3
5613,basegame,0.0,760.7
5614,basegame,58.3,1470.7
5615,basegame,564.7,867.6
5616,basegame,11.1,190.8
5617,basegame,39.7,511.2
5618,basegame,1.8,3876.8
5619,basegame,1514.0,14.8
5620,basegame,226.2,426.8
5621,basegame,1106.4,66.7
5622,basegame,43.1,237.0
5623,basegame,467.2,159.9
5624,basegame,1938.4,39.8
5625,basegame,1.0,440.9
5626,basegame,361.2,4.6
5627,basegame,409.1,2.4
5628,basegame,72.6,150.6
5629,basegame,49.5,4541.6
5630,basegame,1669.2,479.9
5631,basegame,195.4,190.4
5632,basegame,97.3,4003.6
5633,basegame,267.5,13.4
5634,basegame,188.5,2288.3
5635,basegame,2244.9,51.0
5636,basegame,219.9,19.0
5637,basegame,19.2,403.6
5638,basegame,2365.5,37.4
5639,basegame,30.8,2547.0
5640,basegame,185.4,588.5
5641,basegame,7.0,634.3
5642,basegame,43.8,299.0
5643,basegame,1456.5,1149.5
5644,basegame,245.8,4.7
5645,basegame,40.8,1131.9
5646,basegame,40.4,1795.2
5647,basegame,175.4,49.6
5648,basegame,124.4,148.4
5649,basegame,9.0,272.5
5650,basegame,10.0,3899.1
5651,basegame,9.0,765.5
5652,basegame,1669.0,6.1
5653,basegame,2.3,963.7
5654,basegame,26.8,422.6
5655,basegame,1229.8,24.4
5656,basegame,17.7,770.0
5657,basegame,18.7,1280.6
5658,basegame,44.4,1781.7
5659,basegame,0.0,2921.7
5660,basegame,0.0,2120.8
5661,basegame,700.8,37.3
5662,basegame,2801.3,13.4
5663,basegame,2.2,222.7
5664,basegame,5.3,443.7
5665,basegame,1219.8,57.5
5666,basegame,1447.9,117.9
5667,basegame,298.2,15.5
5668,basegame,0.2,536.8
5669,basegame,3.6,1772.4
5670,basegame,10.7,1820.9
5671,basegame,63.9,4685.5
5672,basegame,424.2,23.2
5673,basegame,70.8,184.5
5674,basegame,25.0,221.9
5675,basegame,1.7,4113.0
5676,basegame,0.0,394.4
5677,basegame,232.2,70.8
5678,basegame,15.0,409.4
5679,basegame,3.9,198.3
5680,basegame,0.0,464.4
5681,basegame,10.0,4687.5
5682,basegame,913.7,10.9
5683,basegame,38.0,462.9
5684,basegame,886.3,18.6
5685,basegame,66.2,3064.7
5686,basegame,99.3,849.9
5687,basegame,459.1,49.3
5688,basegame,1265.0,937.2
5689,basegame,145.7,281.3
5690,basegame,4.3,1447.0
5691,basegame,66.3,1466.2
5692,basegame,25.3,382.5
5693,basegame,0.4,478.7
5694,basegame,1324.9,48.1
5695,basegame,755.7,375.5
5696,basegame,6.0,2272.5
5697,basegame,0.9,4677.4
5698,basegame,317.8,374.6
5699,basegame,1171.5,3.4
5700,basegame,237.8,64.5
5701,basegame,204.4,9.9
5702,basegame,433.9,4.5
5703,basegame,202.2,33.0
5704,basegame,49.3,2003.5
5705,basegame,209.8,210.2
5706,basegame,202.2,414.8
5707,basegame,262.8,32.1
5708,basegame,330.2,10.9
5709,basegame,181.5,23.7
5710,basegame,193.2,22.6
5711,basegame,161.3,68.9
5712,basegame,1450.6,6.9
5713,basegame,227.8,16.7
5714,basegame,296.9,27.7
5715,basegame,24.5,209.3
5716,basegame,129.8,138.6
5717,basegame,326.2,34.2
5718,basegame,590.7,401.3
5719,basegame,0.0,3368.8
5720,basegame,863.2,2941.9
5721,basegame,1069.4,18.6
5722,basegame,347.7,91.8
5723,basegame,4669.8,193.5
5724,basegame,5.0,1267.0
5725,basegame,6.7,3917.3
5726,basegame,25.2,1953.2
5727,basegame,10.0,741.3
5728,basegame,15.9,237.4
5729,basegame,3.0,918.8
5730,basegame,484.6,101.7
5731,basegame,2.0,2805.4
5732,basegame,14.4,192.3
5733,basegame,2240.9,309.4
5734,basegame,56.2,213.1
5735,basegame,5.2,605.3
5736,basegame,0.0,1979.5
5737,basegame,2596.0,17.2
5738,basegame,1770.5,111.5
5739,basegame,5.2,519.4
5740,basegame,1159.1,9.4
5741,basegame,10.3,503.1
5742,basegame,8.1,951.8
5743,basegame,440.5,769.5
5744,basegame,1.7,231.0
5745,basegame,30.4,217.1
5746,basegame,228.6,35.4
5747,basegame,20.0,979.9
5748,basegame,2968.9,92.3
5749,basegame,249.2,7.9
5750,basegame,4198.9,15.5
5751,basegame,17.0,1093.1
5752,basegame,487.9,8.5
5753,basegame,5.0,752.4
5754,basegame,24.3,248.5
5755,basegame,14.5,215.7
5756,basegame,333.8,164.3
5757,basegame,1187.4,2430.1
5758,basegame,196.2,21.2
5759,basegame,0.3,274.0
5760,basegame,560.2,18.9
5761,basegame,177.3,307.5
5762,basegame,11.0,3330.4
5763,basegame,12.0,854.7
5764,basegame,848.1,205.4
5765,basegame,756.6,102.7
5766,basegame,1.9,773.9
5767,basegame,6.2,929.6
5768,basegame,295.5,7.9
5769,basegame,0.4,505.9
5770,basegame,2247.1,2379.5
5771,basegame,2.2,4107.7
5772,basegame,20.1,352.9
5773,basegame,1906.2,6.3
5774,basegame,385.5,2.9
5775,basegame,17.0,2201.2
5776,basegame,21.9,247.0
5777,basegame,100.2,155.0
5778,basegame,68.5,2678.8
5779,basegame,6.9,287.3
5780,basegame,10.1,639.0
5781,basegame,0.9,1671.4
5782,basegame,199.6,19.1
5783,basegame,3.3,1012.5
5784,basegame,1320.2,12.5
5785,basegame,856.8,84.5
5786,basegame,1286.2,224.3
5787,basegame,742.7,74.3
5788,basegame,5.0,206.6
5789,basegame,1.0,299.6
5790,basegame,164.6,1220.8
5791,basegame,937.5,18.5
5792,basegame,1.6,256.9
5793,basegame,291.0,10.1
5794,basegame,158.3,98.4
5795,basegame,90.6,121.6
5796,basegame,3.0,2439.9
5797,basegame,62.4,351.0
5798,basegame,40.9,1375.6
5799,basegame,1808.3,653.0
5800,basegame,188.8,47.1
5801,basegame,10.5,621.2
5802,basegame,73.7,2539.8
5803,basegame,269.1,82.4
5804,basegame,182.8,102.7
5805,basegame,4.6,234.8
5806,basegame,9.8,2725.7
5807,basegame,200.0,12.5
5808,basegame,71.8,208.6
5809,basegame,143.1,582.2
5810,basegame,618.7,23.9
5811,basegame,0.0,262.0
5812,basegame,56.4,678.0
5813,basegame,1755.1,1113.7
5814,basegame,69.0,176.5
5815,basegame,9.0,1196.0
5816,basegame,2873.4,12.0
5817,basegame,1.7,1536.5
5818,basegame,0.2,370.7
5819,basegame,1431.4,41.2
5820,basegame,50.2,2590.5
5821,basegame,71.6,536.8
5822,basegame,141.4,286.2
5823,basegame,415.8,5.9
5824,basegame,322.7,113.7
5825,basegame,218.4,666.6
5826,basegame,5.2,1237.1
5827,basegame,339.7,33.5
5828,basegame,1114.3,103.9
5829,basegame,42.8,1776.6
5830,basegame,61.9,2707.0
5831,basegame,110.8,526.8
5832,basegame,1653.8,14.6
5833,basegame,11.4,1361.2
5834,basegame,866.0,22.2
5835,basegame,152.6,179.0
5836,basegame,175.0,66.1
5837,basegame,92.4,244.2
5838,basegame,6.0,502.3
5839,basegame,1874.4,17.1
5840,basegame,4062.4,19.6
5841,basegame,1578.8,10.4
5842,basegame,10.1,267.9
5843,basegame,318.2,5.1
5844,basegame,297.2,1051.6
5845,basegame,1021.1,19.1
5846,basegame,27.7,2232.5
5847,basegame,946.2,79.4
5848,basegame,833.9,1022.6
5849,basegame,0.0,570.1
5850,basegame,81.2,708.8
5851,basegame,993.4,107.7
5852,basegame,3895.0,247.6
5853,basegame,209.8,13.5
5854,basegame,370.4,15.4
5855,basegame,1508.5,1209.0
5856,basegame,5.2,205.4
5857,basegame,1269.4,401.3
5858,basegame,343.2,78.0
5859,basegame,1.6,793.5
5860,basegame,42.8,3257.7
5861,basegame,377.2,414.9
5862,basegame,0.0,898.7
5863,basegame,507.7,1114.0
5864,basegame,4755.7,17.7
5865,basegame,7.0,420.3
5866,basegame,53.4,1208.6
5867,basegame,20.0,525.6
5868,basegame,10.8,827.3
5869,basegame,4.0,4117.8
5870,basegame,261.9,1690.2
5871,basegame,164.9,51.3
5872,basegame,426.7,205.0
5873,basegame,83.6,117.2
5874,basegame,366.0,13.6
5875,basegame,3363.5,45.6
5876,basegame,45.7,593.1
5877,basegame,386.7,256.3
5878,basegame,175.5,51.1
5879,basegame,145.6,528.4
5880,basegame,276.1,11.8
5881,basegame,3840.6,164.4
5882,basegame,309.2,17.4
5883,basegame,605.2,35.4
5884,basegame,3331.8,11.5
5885,basegame,1340.9,805.3
5886,basegame,2765.9,13.8
5887,basegame,352.7,6.3
5888,basegame,367.2,287.2
5889,basegame,419.6,22.4
5890,basegame,585.9,3.7
5891,basegame,937.0,20.2
5892,basegame,44.5,670.2
5893,basegame,112.7,299.2
5894,basegame,83.2,173.3
5895,basegame,0.6,475.6
5896,basegame,1.2,267.5
5897,basegame,981.8,3861.2
5898,basegame,1651.2,31.5
5899,basegame,32.3,1608.0
5900,basegame,3466.4,308.6
5901,basegame,7.2,878.0
5902,basegame,1.2,2263.0
5903,basegame,507.0,1130.1
5904,basegame,1.0,1079.9
5905,basegame,112.0,309.9
5906,basegame,1320.1,24.6
5907,basegame,680.3,696.8
5908,basegame,10.0,871.2
5909,basegame,10.0,778.1
5910,basegame,122.7,420.9
5911,basegame,18.0,482.7
5912,basegame,151.3,361.0
5913,basegame,108.6,114.0
5914,basegame,3315.8,11.6
5915,basegame,39.4,836.6
5916,basegame,7.0,1290.6
5917,basegame,2571.4,986.4
5918,basegame,0.0,678.2
5919,basegame,1285.2,3.6
5920,basegame,23.1,855.7
5921,basegame,0.2,1359.2
5922,basegame,4.6,1900.8
5923,basegame,344.2,23.9
5924,basegame,18.0,2321.7
5925,basegame,29.0,549.8
5926,basegame,346.1,16.7
5927,basegame,160.6,43.1
5928,basegame,46.4,1718.3
5929,basegame,237.6,5.5
5930,basegame,17.5,2124.5
5931,basegame,8.6,338.4
5932,basegame,985.9,55.1
5933,basegame,11.2,659.3
5934,basegame,780.8,21.6
5935,basegame,5.0,2380.7
5936,basegame,1302.2,2514.5
5937,basegame,1058.9,495.4
5938,basegame,0.0,287.7
5939,basegame,506.3,160.1
5940,basegame,413.6,55.8
5941,basegame,3.3,197.9
5942,basegame,244.2,470.2
5943,basegame,28.3,620.3
5944,basegame,3201.7,10.4
5945,basegame,795.5,553.5
5946,basegame,1283.4,18.7
5947,basegame,125.8,399.2
5948,basegame,322.9,872.3
5949,basegame,5.3,461.6
5950,basegame,12.2,222.3
5951,basegame,91.9,3594.9
5952,basegame,300.8,63.4
5953,basegame,78.9,281.1
5954,basegame,10.0,344.8
5955,basegame,3882.7,3.6
5956,basegame,11.8,1435.2
5957,basegame,574.6,30.2
5958,basegame,10.1,1640.8
5959,basegame,735.0,13.1
5960,basegame,0.0,417.1
5961,basegame,0.0,291.3
5962,basegame,542.1,48.5
5963,basegame,674.1,13.7
5964,basegame,60.2,389.3
5965,basegame,1094.4,307.8
5966,basegame,39.8,1253.3
5967,basegame,473.4,202.0
5968,basegame,193.0,7.4
5969,basegame,35.0,2974.9
5970,basegame,49.7,561.0
5971,basegame,22.1,633.0
5972,basegame,434.9,206.2
5973,basegame,393.8,11.1
5974,basegame,34.9,287.5
5975,basegame,355.4,31.9
5976,basegame,3.1,219.4
5977,basegame,2.4,708.4
5978,basegame,226.8,3703.3
5979,basegame,9.0,4711.4
5980,basegame,195.3,29.2
5981,basegame,218.6,122.9
5982,basegame,17.3,459.3
5983,basegame,2.3,318.0
5984,basegame,53.5,281.9
5985,basegame,3.3,240.9
5986,basegame,19.0,1125.0
5987,basegame,1060.2,362.1
5988,basegame,93.8,175.0
5989,basegame,5.6,1956.2
5990,basegame,871.9,7.6
5991,basegame,70.2,2951.7
5992,basegame,2.4,846.4
5993,basegame,604.7,143.1
5994,basegame,1615.2,32.3
5995,basegame,801.4,7.4
5996,basegame,0.0,983.0
5997,basegame,157.2,2178.9
5998,basegame,13.5,239.1
5999,basegame,401.1,316.2
6000,basegame,721.4,10.3
6001,basegame,10000.0,0.0
6002,basegame,870.1,1412.4
6003,basegame,10000.0,0.0
6004,basegame,0.6,381.1
6005,basegame,210.0,4928.9
6006,basegame,10000.0,0.0
6007,basegame,3.7,7482.3
6008,basegame,13.3,2827.0
6009,basegame,20.2,292.9
6010,basegame,10000.0,0.0
6011,basegame,44.2,2537.7
6012,basegame,1.5,963.1
6013,basegame,6041.6,8.2
6014,basegame,3803.9,25.1
6015,basegame,10.2,10000.0
6016,basegame,0.0,4856.8
6017,basegame,22.8,485.6
6018,basegame,2.0,1275.1
6019,basegame,1704.5,50.1
6020,basegame,3.7,481.8
6021,basegame,353.2,195.4
6022,basegame,48.6,912.0
6023,basegame,20.0,565.7
6024,basegame,0.3,968.1
6025,basegame,195.5,34.6
6026,basegame,2.5,970.7
6027,basegame,5.5,4189.9
6028,basegame,2586.3,14.0
6029,basegame,200.0,263.7
6030,basegame,218.0,38.3
6031,basegame,2.7,458.4
6032,basegame,335.5,6.4
6033,basegame,1022.7,1787.7
6034,basegame,5608.5,43.0
6035,basegame,3741.8,429.8
6036,basegame,19.0,7534.0
6037,basegame,0.0,327.4
6038,basegame,201.5,50.3
6039,basegame,115.2,503.5
6040,basegame,65.0,7680.4
6041,basegame,38.6,7743.5
6042,basegame,132.5,148.8
6043,basegame,403.4,5498.4
6044,basegame,126.1,648.2
6045,basegame,684.2,5877.0
6046,basegame,0.0,1548.0
6047,basegame,0.0,201.9
6048,basegame,25.2,2147.4
6049,basegame,675.4,24.5
6050,basegame,430.7,5.1
6051,basegame,47.8,1114.3
6052,basegame,134.2,210.1
6053,basegame,191.4,3250.6
6054,basegame,1102.0,907.7
6055,basegame,0.0,3675.3
6056,basegame,1.5,255.2
6057,basegame,11.5,5188.0
6058,basegame,247.0,347.5
6059,basegame,312.0,8.4
6060,basegame,25.0,523.0
6061,basegame,6656.4,106.8
6062,basegame,31.0,216.5
6063,basegame,2702.2,2.4
6064,basegame,710.0,40.8
6065,basegame,30.5,1634.3
6066,basegame,180.0,36.0
6067,basegame,4.0,1531.1
6068,basegame,200.0,4069.3
6069,basegame,5.8,3829.0
6070,basegame,445.5,26.6
6071,basegame,7.1,339.1
6072,basegame,50.0,256.8
6073,basegame,15.0,624.4
6074,basegame,3697.5,17.3
6075,basegame,76.3,8347.2
6076,basegame,0.0,534.2
6077,basegame,7108.5,722.1
6078,basegame,0.2,331.0
6079,basegame,131.6,128.1
6080,basegame,3658.4,13.7
6081,basegame,4696.9,0.1
6082,basegame,0.6,3556.8
6083,basegame,158.0,333.3
6084,basegame,4082.6,27.3
6085,basegame,10.4,9470.9
6086,basegame,5734.3,415.6
6087,basegame,11.4,9903.3
6088,basegame,570.9,3928.2
6089,basegame,102.3,109.8
6090,basegame,30.0,5988.3
6091,basegame,1018.0,441.1
6092,basegame,2.8,9526.4
6093,basegame,486.6,52.6
6094,basegame,1356.7,6.4
6095,basegame,111.5,6979.2
6096,basegame,594.3,502.6
6097,basegame,115.5,519.4
6098,basegame,291.5,703.7
6099,basegame,2.8,279.6
6100,basegame,3546.4,93.4
6101,basegame,1344.0,627.1
6102,basegame,5.2,418.9
6103,basegame,5.5,877.5
6104,basegame,165.5,69.6
6105,basegame,365.0,49.2
6106,basegame,0.6,3222.7
6107,basegame,321.5,78.5
6108,basegame,329.7,84.3
6109,basegame,297.5,2886.3
6110,basegame,8.3,267.8
6111,basegame,6361.7,2643.5
6112,basegame,5.0,3431.4
6113,basegame,4990.2,67.2
6114,basegame,34.9,6652.2
6115,basegame,363.0,88.5
6116,basegame,2.5,1314.8
6117,basegame,559.7,7276.4
6118,basegame,26.5,607.6
6119,basegame,225.2,31.0
6120,basegame,168.4,76.0
6121,basegame,1486.3,1994.0
6122,basegame,1626.6,2322.5
6123,basegame,57.6,252.9
6124,basegame,1.5,420.8
6125,basegame,2.6,878.9
6126,basegame,230.1,119.6
6127,basegame,2.9,635.5
6128,basegame,544.6,133.2
6129,basegame,450.6,2.6
6130,basegame,0.0,315.5
6131,basegame,592.0,4988.5
6132,basegame,30.4,849.9
6133,basegame,15.9,1050.2
6134,basegame,153.0,1875.2
6135,basegame,3758.9,254.6
6136,basegame,43.3,253.8
6137,basegame,17.0,6219.9
6138,basegame,17.3,407.3
6139,basegame,466.4,8.7
6140,basegame,31.2,4249.2
6141,basegame,42.1,262.0
6142,basegame,105.4,289.0
6143,basegame,24.8,676.7
6144,basegame,439.5,661.9
6145,basegame,0.4,605.4
6146,basegame,625.6,16.4
6147,basegame,391.0,37.5
6148,basegame,1828.2,692.2
6149,basegame,294.1,5.9
6150,basegame,2834.0,41.7
6151,basegame,6.6,3917.4
6152,basegame,0.6,787.4
6153,basegame,130.6,819.4
6154,basegame,217.9,1962.1
6155,basegame,0.0,2672.7
6156,basegame,195.4,498.6
6157,basegame,327.2,28.2
6158,basegame,18.5,7782.4
6159,basegame,2136.1,31.4
6160,basegame,693.0,7.2
6161,basegame,0.2,630.6
6162,basegame,27.0,592.2
6163,basegame,738.6,114.7
6164,basegame,412.1,3711.0
6165,basegame,10.2,1861.1
6166,basegame,575.4,8.1
6167,basegame,9.0,1007.7
6168,basegame,10.8,284.4
6169,basegame,68.6,588.9
6170,basegame,293.3,53.6
6171,basegame,100.4,3996.8
6172,basegame,366.3,0.8
6173,basegame,0.1,9127.0
6174,basegame,16.7,746.0
6175,basegame,1.9,6460.0
6176,basegame,2.0,575.5
6177,basegame,42.8,534.7
6178,basegame,18.8,910.4
6179,basegame,44.8,1029.0
6180,basegame,81.2,1799.8
6181,basegame,7.3,6236.7
6182,basegame,137.2,452.9
6183,basegame,155.2,653.6
6184,basegame,4.1,978.7
6185,basegame,5.9,295.4
6186,basegame,12.4,1192.2
6187,basegame,4090.2,2805.1
6188,basegame,0.2,205.7
6189,basegame,2.1,232.9
6190,basegame,248.0,944.7
6191,basegame,175.0,27.7
6192,basegame,393.4,1278.2
6193,basegame,0.0,8720.2
6194,basegame,213.9,64.2
6195,basegame,24.5,487.9
6196,basegame,352.0,13.4
6197,basegame,107.7,668.5
6198,basegame,0.6,5107.4
6199,basegame,98.8,413.0
6200,basegame,26.0,435.4
6201,basegame,1395.4,16.5
6202,basegame,2852.4,9.2
6203,basegame,29.2,354.1
6204,basegame,5.0,247.1
6205,basegame,12.5,369.0
6206,basegame,6901.5,1170.4
6207,basegame,222.1,776.0
6208,basegame,14.3,9619.1
6209,basegame,2.0,800.5
6210,basegame,323.5,10.8
6211,basegame,356.7,372.8
6212,basegame,156.5,112.7
6213,basegame,206.1,55.9
6214,basegame,12.0,2366.2
6215,basegame,1.0,1965.3
6216,basegame,4656.9,25.9
6217,basegame,92.9,5015.8
6218,basegame,211.6,36.7
6219,basegame,967.3,247.5
6220,basegame,99.2,142.3
6221,basegame,43.7,5963.9
6222,basegame,2.8,5443.5
6223,basegame,1922.5,44.1
6224,basegame,90.3,130.5
6225,basegame,2.2,204.8
6226,basegame,564.2,112.4
6227,basegame,179.9,94.7
6228,basegame,267.1,138.1
6229,basegame,0.0,962.1
6230,basegame,494.4,150.2
6231,basegame,440.0,7.2
6232,basegame,2186.4,377.0
6233,basegame,207.6,312.1
6234,basegame,8.9,695.0
6235,basegame,30.7,5912.5
6236,basegame,1.1,848.5
6237,basegame,4.7,1558.0
6238,basegame,14.2,448.9
6239,basegame,173.4,50.8
6240,basegame,3211.6,5863.2
6241,basegame,150.5,83.3
6242,basegame,1472.3,1023.4
6243,basegame,3000.0,94.5
6244,basegame,32.2,1078.7
6245,basegame,212.1,12.1
6246,basegame,1885.2,183.3
6247,basegame,816.0,65.6
6248,basegame,0.6,250.2
6249,basegame,916.5,1312.7
6250,basegame,0.3,1519.3
6251,basegame,1440.0,21.4
6252,basegame,353.0,394.6
6253,basegame,66.7,7415.6
6254,basegame,1.0,465.8
6255,basegame,2601.1,39.8
6256,basegame,0.0,218.8
6257,basegame,187.2,67.0
6258,basegame,26.8,8752.4
6259,basegame,321.1,142.3
6260,basegame,0.1,3761.3
6261,basegame,5825.2,5.1
6262,basegame,0.7,1420.2
6263,basegame,30.0,251.0
6264,basegame,21.3,280.1
6265,basegame,242.7,99.3
6266,basegame,2552.0,0.7
6267,basegame,53.5,4361.1
6268,basegame,14.5,846.4
6269,basegame,8.8,502.0
6270,basegame,815.6,24.4
6271,basegame,1796.0,20.7
6272,basegame,24.9,5667.1
6273,basegame,15.5,537.0
6274,basegame,902.5,2955.1
6275,basegame,0.0,5838.3
6276,basegame,6899.3,144.1
6277,basegame,780.1,330.0
6278,basegame,0.0,1756.0
6279,basegame,8.2,794.0
6280,basegame,359.5,101.1
6281,basegame,27.0,518.0
6282,basegame,56.7,2474.2
6283,basegame,2575.9,700.6
6284,basegame,6.0,372.4
6285,basegame,360.2,28.8
6286,basegame,727.9,6.0
6287,basegame,1071.8,5.7
6288,basegame,160.7,236.5
6289,basegame,1634.9,51.3
6290,basegame,3643.7,13.4
6291,basegame,25.1,6856.3
6292,basegame,25.3,1061.7
6293,basegame,1619.0,37.7
6294,basegame,5345.2,30.8
6295,basegame,287.0,494.6
6296,basegame,5.6,4175.7
6297,basegame,5.9,1591.4
6298,basegame,111.3,517.0
6299,basegame,1141.6,8284.1
6300,basegame,4898.7,11.2
6301,basegame,29.5,714.1
6302,basegame,15.6,492.4
6303,basegame,0.0,5489.3
6304,basegame,244.7,36.2
6305,basegame,16.2,555.0
6306,basegame,17.4,231.3
6307,basegame,54.7,2619.0
6308,basegame,15.1,1919.5
6309,basegame,701.5,191.5
6310,basegame,510.8,12.8
6311,basegame,5.1,987.8
6312,basegame,3.2,778.2
6313,basegame,1510.6,198.2
6314,basegame,4.0,201.6
6315,basegame,405.1,89.5
6316,basegame,15.2,260.1
6317,basegame,93.8,1160.4
6318,basegame,3.1,966.9
6319,basegame,176.6,148.8
6320,basegame,190.6,818.9
6321,basegame,0.1,7042.8
6322,basegame,569.5,50.3
6323,basegame,48.4,459.7
6324,basegame,84.6,254.5
6325,basegame,9870.5,20.5
6326,basegame,16.6,560.6
6327,basegame,394.0,17.2
6328,basegame,155.1,215.9
6329,basegame,14.5,225.7
6330,basegame,787.9,474.9
6331,basegame,0.0,2948.0
6332,basegame,4222.6,7.9
6333,basegame,3.6,339.7
6334,basegame,469.7,76.5
6335,basegame,11.3,532.0
6336,basegame,18.3,6744.8
6337,basegame,410.4,67.4
6338,basegame,1140.8,302.1
6339,basegame,738.1,35.3
6340,basegame,21.4,593.1
6341,basegame,485.1,294.4
6342,basegame,9268.2,9.4
6343,basegame,377.9,42.1
6344,basegame,461.8,3.9
6345,basegame,290.9,14.1
6346,basegame,459.1,846.7
6347,basegame,4322.5,112.5
6348,basegame,7.0,6700.7
6349,basegame,801.0,0.5
6350,basegame,239.3,3799.4
6351,basegame,2501.7,3.4
6352,basegame,10.9,7322.7
6353,basegame,5.0,7651.0
6354,basegame,10.5,224.8
6355,basegame,1853.7,105.2
6356,basegame,22.8,9340.4
6357,basegame,20.0,811.9
6358,basegame,0.0,1687.0
6359,basegame,9438.3,63.6
6360,basegame,550.5,982.8
6361,basegame,0.5,1217.1
6362,basegame,608.0,4.5
6363,basegame,16.6,1287.8
6364,basegame,9.1,8381.1
6365,basegame,1167.8,176.2
6366,basegame,28.8,277.0
6367,basegame,8956.6,2.1
6368,basegame,176.5,59.0
6369,basegame,0.1,457.8
6370,basegame,1689.7,61.2
6371,basegame,0.1,353.5
6372,basegame,2181.2,26.9
6373,basegame,432.0,386.1
6374,basegame,5.0,1196.6
6375,basegame,7129.1,177.0
6376,basegame,30.8,285.3
6377,basegame,121.9,138.6
6378,basegame,45.5,496.3
6379,basegame,286.0,122.8
6380,basegame,261.0,25.7
6381,basegame,3.2,3163.4
6382,basegame,4818.9,3471.1
6383,basegame,20.6,369.7
6384,basegame,4.5,348.7
6385,basegame,1896.1,336.2
6386,basegame,203.9,177.4
6387,basegame,2.8,6368.2
6388,basegame,8261.2,11.6
6389,basegame,55.6,3959.9
6390,basegame,143.6,7882.9
6391,basegame,6112.1,143.8
6392,basegame,0.1,1404.8
6393,basegame,80.1,8305.7
6394,basegame,2037.0,18.4
6395,basegame,654.2,143.2
6396,basegame,319.6,20.3
6397,basegame,1901.0,409.5
6398,basegame,1467.1,24.1
6399,basegame,57.6,1889.0
6400,basegame,2116.1,7.1
6401,basegame,63.6,2356.5
6402,basegame,6070.6,20.8
6403,basegame,37.0,1454.4
6404,basegame,217.9,19.7
6405,basegame,178.2,40.2
6406,basegame,10.0,1048.9
6407,basegame,334.6,215.4
6408,basegame,0.0,5132.9
6409,basegame,797.4,17.5
6410,basegame,1963.4,3.0
6411,basegame,8113.8,18.8
6412,basegame,99.2,202.9
6413,basegame,50.0,5532.6
6414,basegame,35.0,655.9
6415,basegame,249.6,763.1
6416,basegame,0.1,816.8
6417,basegame,2.3,1024.1
6418,basegame,987.0,30.8
6419,basegame,2.0,741.7
6420,basegame,3.2,2044.9
6421,basegame,3.5,913.7
6422,basegame,15.0,1548.0
6423,basegame,703.7,6.8
6424,basegame,680.0,54.7
6425,basegame,622.3,16.9
6426,basegame,576.1,228.4
6427,basegame,2594.0,505.0
6428,basegame,184.2,3506.2
6429,basegame,98.9,222.3
6430,basegame,511.1,145.5
6431,basegame,116.2,4780.9
6432,basegame,1908.6,15.6
6433,basegame,73.1,151.8
6434,basegame,2639.4,48.4
6435,basegame,1309.5,10.4
6436,basegame,413.6,31.2
6437,basegame,8493.8,37.2
6438,basegame,15.1,276.3
6439,basegame,61.8,291.9
6440,basegame,6442.0,245.8
6441,basegame,15.2,1345.3
6442,basegame,232.1,52.2
6443,basegame,232.9,28.9
6444,basegame,374.3,47.3
6445,basegame,274.6,7583.4
6446,basegame,2095.7,11.5
6447,basegame,10.7,6907.3
6448,basegame,563.3,16.5
6449,basegame,13.1,196.1
6450,basegame,31.9,610.4
6451,basegame,82.6,137.3
6452,basegame,54.7,2304.8
6453,basegame,9185.2,93.2
6454,basegame,31.2,1102.4
6455,basegame,2106.3,10.2
6456,basegame,100.4,2126.6
6457,basegame,1722.5,74.5
6458,basegame,0.0,266.2
6459,basegame,5269.1,12.5
6460,basegame,3.2,2511.9
6461,basegame,2.3,5698.7
6462,basegame,654.3,455.0
6463,basegame,3421.5,259.6
6464,basegame,4.7,2668.4
6465,basegame,317.1,1475.5
6466,basegame,0.0,4428.4
6467,basegame,89.7,2838.9
6468,basegame,0.0,935.7
6469,basegame,2.0,7083.7
6470,basegame,0.0,1860.0
6471,basegame,2.5,227.8
6472,basegame,6008.4,29.0
6473,basegame,34.2,225.3
6474,basegame,7.8,2403.2
6475,basegame,183.6,117.8
6476,basegame,15.2,352.7
6477,basegame,10.0,1953.1
6478,basegame,77.0,550.3
6479,basegame,67.4,1471.1
6480,basegame,329.2,16.0
6481,basegame,121.0,767.1
6482,basegame,192.0,12.8
6483,basegame,0.4,200.9
6484,basegame,2764.1,78.9
6485,basegame,100.0,686.5
6486,basegame,123.2,917.2
6487,basegame,459.6,0.6
6488,basegame,1227.2,38.0
6489,basegame,9.5,5178.1
6490,basegame,1676.0,2132.1
6491,basegame,536.1,205.2
6492,basegame,0.2,1841.0
6493,basegame,0.0,3665.1
6494,basegame,45.5,644.1
6495,basegame,292.0,17.7
6496,basegame,645.0,245.7
6497,basegame,218.3,9407.2
6498,basegame,392.1,25.1
6499,basegame,6.3,5567.7
6500,basegame,10.3,1097.4
6501,basegame,291.8,622.1
6502,basegame,8.5,7920.9
6503,basegame,9.5,925.2
6504,basegame,534.3,14.9
6505,basegame,32.0,3047.4
6506,basegame,858.0,1349.9
6507,basegame,39.3,2422.4
6508,basegame,197.5,80.8
6509,basegame,134.8,864.2
6510,basegame,747.1,1478.1
6511,basegame,378.4,142.3
6512,basegame,1671.3,21.4
6513,basegame,1.0,671.7
6514,basegame,7.9,3556.5
6515,basegame,44.4,1257.6
6516,basegame,258.7,9.8
6517,basegame,10.0,240.0
6518,basegame,195.8,77.3
6519,basegame,77.1,169.4
6520,basegame,399.1,8.8
6521,basegame,49.0,6594.8
6522,basegame,1419.6,97.5
6523,basegame,22.0,648.1
6524,basegame,58.9,696.8
6525,basegame,41.7,171.0
6526,basegame,1.0,598.2
6527,basegame,5.9,313.4
6528,basegame,191.0,402.0
6529,basegame,40.8,7182.9
6530,basegame,20.3,203.0
6531,basegame,177.9,409.3
6532,basegame,391.0,13.1
6533,basegame,1981.1,21.6
6534,basegame,34.4,960.6
6535,basegame,457.3,820.7
6536,basegame,16.7,212.5
6537,basegame,210.2,20.8
6538,basegame,41.2,174.6
6539,basegame,0.4,452.7
6540,basegame,266.7,73.2
6541,basegame,576.2,95.5
6542,basegame,110.5,176.7
6543,basegame,2467.2,65.4
6544,basegame,5.0,8147.8
6545,basegame,101.1,484.9
6546,basegame,37.5,327.8
6547,basegame,162.9,133.6
6548,basegame,105.8,823.0
6549,basegame,22.8,415.2
6550,basegame,1833.0,15.4
6551,basegame,2.1,5210.5
6552,basegame,0.2,348.8
6553,basegame,6.0,8218.3
6554,basegame,11.6,4684.8
6555,basegame,7.7,835.6
6556,basegame,32.7,7178.0
6557,basegame,223.7,13.9
6558,basegame,5.0,7406.1
6559,basegame,258.8,6.5
6560,basegame,524.8,25.3
6561,basegame,0.4,1122.8
6562,basegame,5.0,9634.1
6563,basegame,141.8,79.4
6564,basegame,5.0,223.0
6565,basegame,3.7,2910.4
6566,basegame,264.1,55.2
6567,basegame,93.0,142.3
6568,basegame,29.3,895.4
6569,basegame,143.5,756.5
6570,basegame,116.5,90.7
6571,basegame,0.0,657.1
6572,basegame,586.7,19.8
6573,basegame,252.2,152.9
6574,basegame,471.7,9.1
6575,basegame,31.8,270.1
6576,basegame,2230.9,35.1
6577,basegame,155.6,447.2
6578,basegame,21.6,293.2
6579,basegame,198.8,1071.1
6580,basegame,0.2,964.4
6581,basegame,0.0,6132.5
6582,basegame,5.8,1769.8
6583,basegame,991.0,3.3
6584,basegame,294.1,366.7
6585,basegame,6562.9,131.0
6586,basegame,26.5,9558.7
6587,basegame,0.0,1463.7
6588,basegame,30.0,709.1
6589,basegame,1191.4,388.4
6590,basegame,250.6,2295.5
6591,basegame,1738.6,1595.2
6592,basegame,170.3,682.0
6593,basegame,7.4,476.1
6594,basegame,297.0,597.3
6595,basegame,77.6,1103.4
6596,basegame,1.3,9063.1
6597,basegame,503.4,16.8
6598,basegame,5.0,5404.2
6599,basegame,3.8,504.3
6600,basegame,70.4,7432.8
6601,basegame,9566.2,14.5
6602,basegame,153.9,2541.8
6603,basegame,20.0,732.4
6604,basegame,5.0,8642.8
6605,basegame,18.8,213.6
6606,basegame,1315.2,12.4
6607,basegame,59.8,173.0
6608,basegame,1152.7,838.0
6609,basegame,0.5,1046.1
6610,basegame,1457.5,99.5
6611,basegame,0.0,370.8
6612,basegame,1102.0,4.2
6613,basegame,241.2,25.9
6614,basegame,193.2,6.9
6615,basegame,424.9,277.4
6616,basegame,1035.8,11.7
6617,basegame,566.8,75.8
6618,basegame,748.7,67.9
6619,basegame,59.3,2443.7
6620,basegame,14.7,2727.0
6621,basegame,270.4,40.2
6622,basegame,45.1,191.9
6623,basegame,23.8,185.3
6624,basegame,685.0,1937.0
6625,basegame,182.1,223.2
6626,basegame,1.1,594.9
6627,basegame,269.7,10.4
6628,basegame,111.7,93.6
6629,basegame,0.0,3632.3
6630,basegame,4723.0,5.3
6631,basegame,0.0,4265.4
6632,basegame,23.7,4275.5
6633,basegame,15.8,1224.6
6634,basegame,63.5,4006.6
6635,basegame,3170.6,30.0
6636,basegame,656.8,12.1
6637,basegame,203.8,48.4
6638,basegame,119.3,693.5
6639,basegame,0.2,548.9
6640,basegame,788.1,163.1
6641,basegame,2198.7,623.4
6642,basegame,239.1,206.7
6643,basegame,6.8,1714.2
6644,basegame,2847.6,33.6
6645,basegame,1297.6,41.9
6646,basegame,620.4,118.0
6647,basegame,31.5,725.3
6648,basegame,634.6,1541.7
6649,basegame,343.2,28.3
6650,basegame,13.1,324.0
6651,basegame,25.0,513.8
6652,basegame,0.0,1513.2
6653,basegame,379.6,60.8
6654,basegame,2907.7,74.5
6655,basegame,1516.0,22.4
6656,basegame,87.3,1006.1
6657,basegame,73.5,3042.1
6658,basegame,858.0,56.6
6659,basegame,411.1,1699.7
6660,basegame,4.0,1514.6
6661,basegame,0.0,3100.2
6662,basegame,55.3,191.3
6663,basegame,143.8,307.1
6664,basegame,80.2,4417.0
6665,basegame,860.2,7.1
6666,basegame,795.1,8.8
6667,basegame,0.0,1289.5
6668,basegame,204.3,89.8
6669,basegame,0.3,256.6
6670,basegame,353.0,676.1
6671,basegame,1770.4,2.8
6672,basegame,10.0,1701.8
6673,basegame,270.7,930.1
6674,basegame,7.2,324.2
6675,basegame,2.1,4636.1
6676,basegame,4454.9,91.2
6677,basegame,117.2,504.7
6678,basegame,313.8,478.9
6679,basegame,14.1,286.5
6680,basegame,2174.0,950.0
6681,basegame,726.5,652.6
6682,basegame,1787.4,8.6
6683,basegame,7.6,219.8
6684,basegame,66.6,1848.8
6685,basegame,1247.7,101.9
6686,basegame,231.1,63.4
6687,basegame,3.5,1300.5
6688,basegame,326.6,44.4
6689,basegame,21.1,230.7
6690,basegame,236.0,3550.7
6691,basegame,0.3,3774.4
6692,basegame,881.2,1132.8
6693,basegame,58.2,1959.0
6694,basegame,253.1,11.1
6695,basegame,2099.2,549.2
6696,basegame,27.1,189.1
6697,basegame,9.9,228.6
6698,basegame,3.6,387.8
6699,basegame,2133.3,20.2
6700,basegame,98.6,102.2
6701,basegame,0.0,859.3
6702,basegame,393.0,19.2
6703,basegame,456.7,8.4
6704,basegame,97.8,236.9
6705,basegame,0.3,1051.5
6706,basegame,10.1,525.7
6707,basegame,767.4,39.0
6708,basegame,29.1,1578.2
6709,basegame,193.2,89.5
6710,basegame,1583.2,965.7
6711,basegame,178.3,151.9
6712,basegame,148.9,2267.6
6713,basegame,31.6,412.2
6714,basegame,671.0,16.7
6715,basegame,2488.5,246.6
6716,basegame,92.2,2743.7
6717,basegame,1822.9,43.6
6718,basegame,7.3,383.4
6719,basegame,82.4,4731.8
6720,basegame,20.5,305.2
6721,basegame,87.0,349.8
6722,basegame,0.2,251.0
6723,basegame,1121.6,2.3
6724,basegame,3.9,2620.2
6725,basegame,14.8,936.3
6726,basegame,214.1,27.4
6727,basegame,74.5,1395.4
6728,basegame,1057.4,14.4
6729,basegame,330.8,387.1
6730,basegame,22.5,838.8
6731,basegame,4.0,2613.1
6732,basegame,31.0,832.6
6733,basegame,751.0,21.5
6734,basegame,386.5,4.4
6735,basegame,0.0,401.3
6736,basegame,84.3,492.8
6737,basegame,23.2,4722.8
6738,basegame,2.3,201.3
6739,basegame,1416.0,268.1
6740,basegame,0.0,367.8
6741,basegame,27.8,3003.1
6742,basegame,114.8,484.7
6743,basegame,156.0,198.8
6744,basegame,2518.1,44.9
6745,basegame,23.0,399.9
6746,basegame,422.0,66.5
6747,basegame,138.7,142.5
6748,basegame,1263.3,262.5
6749,basegame,151.5,891.9
6750,basegame,790.5,17.2
6751,basegame,33.3,4010.9
6752,basegame,612.9,15.1
6753,basegame,33.0,812.1
6754,basegame,10.0,2281.1
6755,basegame,531.2,8.9
6756,basegame,455.0,1373.6
6757,basegame,511.2,14.4
6758,basegame,385.2,40.5
6759,basegame,2724.0,77.0
6760,basegame,594.0,31.5
6761,basegame,281.3,64.7
6762,basegame,20.0,2218.0
6763,basegame,224.0,1931.4
6764,basegame,715.8,15.8
6765,basegame,742.6,69.5
6766,basegame,23.5,508.0
6767,basegame,2186.4,124.4
6768,basegame,10.6,321.3
6769,basegame,0.3,2025.1
6770,basegame,706.4,2294.0
6771,basegame,98.7,465.8
6772,basegame,784.2,21.7
6773,basegame,116.0,3709.1
6774,basegame,717.2,77.6
6775,basegame,0.0,580.3
6776,basegame,63.8,173.2
6777,basegame,17.7,1013.3
6778,basegame,30.5,906.2
6779,basegame,425.3,1668.6
6780,basegame,2264.7,119.0
6781,basegame,230.3,136.0
6782,basegame,1.0,205.3
6783,basegame,3261.7,45.1
6784,basegame,0.2,325.0
6785,basegame,282.4,384.8
6786,basegame,45.0,1667.1
6787,basegame,132.4,4833.6
6788,basegame,5.0,2550.2
6789,basegame,7.1,480.4
6790,basegame,12.3,219.7
6791,basegame,15.4,666.5
6792,basegame,220.6,5.2
6793,basegame,1407.1,89.9
6794,basegame,125.0,778.2
6795,basegame,23.6,2388.5
6796,basegame,94.3,334.2
6797,basegame,259.6,598.2
6798,basegame,171.4,232.1
6799,basegame,390.0,28.5
6800,basegame,5.0,457.3
6801,basegame,633.0,21.2
6802,basegame,0.8,561.6
6803,basegame,570.6,1.1
6804,basegame,214.7,50.6
6805,basegame,0.0,4735.0
6806,basegame,0.0,1957.2
6807,basegame,172.1,84.7
6808,basegame,0.0,3295.7
6809,basegame,253.0,320.5
6810,basegame,0.8,472.4
6811,basegame,1429.3,9.3
6812,basegame,258.6,3737.2
6813,basegame,0.0,962.1
6814,basegame,8.7,213.7
6815,basegame,33.3,305.6
6816,basegame,9.5,4287.6
6817,basegame,0.0,968.5
6818,basegame,99.2,711.6
6819,basegame,812.3,2460.6
6820,basegame,36.8,460.8
6821,basegame,62.4,828.4
6822,basegame,10.8,2889.9
6823,basegame,3.6,600.2
6824,basegame,18.9,2708.1
6825,basegame,0.0,440.1
6826,basegame,2172.1,13.1
6827,basegame,3.0,1238.6
6828,basegame,2017.0,21.4
6829,basegame,7.6,1040.4
6830,basegame,438.5,13.0
6831,basegame,1183.4,319.5
6832,basegame,4.7,633.5
6833,basegame,575.7,6.5
6834,basegame,305.1,8.8
6835,basegame,3730.4,76.5
6836,basegame,10.9,1066.3
6837,basegame,0.6,3256.0
6838,basegame,589.8,252.8
6839,basegame,75.4,1059.4
6840,basegame,202.3,12.1
6841,basegame,340.3,9.3
6842,basegame,21.4,608.0
6843,basegame,311.5,512.1
6844,basegame,220.8,29.8
6845,basegame,324.1,33.4
6846,basegame,51.5,541.1
6847,basegame,2847.9,14.7
6848,basegame,10.1,436.6
6849,basegame,0.0,439.5
6850,basegame,3.5,203.2
6851,basegame,258.4,4221.2
6852,basegame,323.4,576.2
6853,basegame,106.5,2469.5
6854,basegame,52.6,4645.3
6855,basegame,20.2,1199.0
6856,basegame,434.8,115.5
6857,basegame,491.9,164.5
6858,basegame,3480.0,13.9
6859,basegame,0.0,915.3
6860,basegame,2598.1,434.3
6861,basegame,2771.3,126.7
6862,basegame,238.6,31.4
6863,basegame,1270.0,709.7
6864,basegame,20.3,209.9
6865,basegame,2276.6,12.2
6866,basegame,33.9,1562.8
6867,basegame,2218.8,14.5
6868,basegame,9.3,258.4
6869,basegame,27.4,2776.7
6870,basegame,1863.6,15.7
6871,basegame,395.3,1006.1
6872,basegame,17.9,1842.0
6873,basegame,41.0,173.8
6874,basegame,0.0,1336.4
6875,basegame,21.0,3128.9
6876,basegame,3244.1,2.7
6877,basegame,3.7,3932.3
6878,basegame,267.7,283.8
6879,basegame,1168.6,7.8
6880,basegame,2946.2,19.6
6881,basegame,32.9,444.9
6882,basegame,216.4,55.8
6883,basegame,117.2,1303.4
6884,basegame,70.5,283.0
6885,basegame,20.4,3611.1
6886,basegame,12.1,2819.5
6887,basegame,70.4,320.9
6888,basegame,196.8,4.8
6889,basegame,24.4,3217.4
6890,basegame,352.2,3668.5
6891,basegame,1.0,558.1
6892,basegame,17.3,205.2
6893,basegame,17.5,4302.7
6894,basegame,23.4,296.1
6895,basegame,1782.1,1.5
6896,basegame,46.0,622.6
6897,basegame,1565.8,294.5
6898,basegame,310.5,9.9
6899,basegame,4597.7,156.8
6900,basegame,778.3,35.2
6901,basegame,2577.0,2403.5
6902,basegame,1224.1,142.9
6903,basegame,1.0,1227.7
6904,basegame,5.5,323.0
6905,basegame,85.1,1528.1
6906,basegame,61.1,3835.1
6907,basegame,6.7,593.4
6908,basegame,2993.2,7.8
6909,basegame,130.4,222.2
6910,basegame,4160.7,12.7
6911,basegame,0.8,696.7
6912,basegame,50.8,231.3
6913,basegame,0.0,577.7
6914,basegame,272.5,41.2
6915,basegame,791.3,10.0
6916,basegame,230.0,37.4
6917,basegame,8.3,533.1
6918,basegame,5.6,528.4
6919,basegame,56.1,473.8
6920,basegame,70.6,4884.8
6921,basegame,95.0,229.9
6922,basegame,1.2,281.7
6923,basegame,1287.7,54.4
6924,basegame,0.2,210.3
6925,basegame,460.1,42.3
6926,basegame,10.4,660.4
6927,basegame,2695.7,60.6
6928,basegame,127.5,100.0
6929,basegame,4.0,1091.0
6930,basegame,52.9,1023.6
6931,basegame,124.2,176.9
6932,basegame,33.4,419.0
6933,basegame,3014.0,251.6
6934,basegame,677.7,132.8
6935,basegame,38.0,3148.8
6936,basegame,394.1,1.8
6937,basegame,0.8,402.7
6938,basegame,58.8,3259.5
6939,basegame,1.3,1974.8
6940,basegame,25.2,343.7
6941,basegame,224.0,1780.9
6942,basegame,21.5,802.6
6943,basegame,1756.3,17.3
6944,basegame,10.6,947.9
6945,basegame,2118.5,702.2
6946,basegame,1.2,3289.6
6947,basegame,10.2,847.7
6948,basegame,0.4,323.9
6949,basegame,184.4,117.7
6950,basegame,4639.0,21.8
6951,basegame,9.3,353.4
6952,basegame,833.5,35.4
6953,basegame,0.0,278.0
6954,basegame,26.5,252.7
6955,basegame,3444.3,2.1
6956,basegame,2894.6,48.9
6957,basegame,3970.6,17.1
6958,basegame,28.8,366.6
6959,basegame,20.3,221.9
6960,basegame,68.7,161.7
6961,basegame,399.7,238.1
6962,basegame,491.8,22.9
6963,basegame,1793.1,9.6
6964,basegame,1.0,241.6
6965,basegame,2.0,365.1
6966,basegame,297.5,32.3
6967,basegame,4.7,1465.8
6968,basegame,476.6,211.6
6969,basegame,824.5,16.8
6970,basegame,45.2,1126.6
6971,basegame,105.2,198.1
6972,basegame,241.9,93.1
6973,basegame,25.0,737.8
6974,basegame,0.0,1285.5
6975,basegame,556.0,10.2
6976,basegame,316.6,26.1
6977,basegame,1276.1,170.0
6978,basegame,11.5,1605.3
6979,basegame,40.5,1212.1
6980,basegame,26.9,779.5
6981,basegame,0.0,281.0
6982,basegame,0.2,222.0
6983,basegame,0.0,1561.2
6984,basegame,447.1,343.1
6985,basegame,632.1,89.9
6986,basegame,8.2,733.0
6987,basegame,195.6,41.7
6988,basegame,63.7,404.9
6989,basegame,328.0,19.3
6990,basegame,28.9,270.8
6991,basegame,282.3,119.4
6992,basegame,0.0,1547.5
6993,basegame,275.5,1319.9
6994,basegame,15.2,1316.5
6995,basegame,12.2,1484.8
6996,basegame,63.0,354.0
6997,basegame,50.1,683.0
6998,basegame,315.4,287.1
6999,basegame,24.6,459.3
7000,basegame,1200.5,125.4
7001,basegame,1665.1,44.6
7002,basegame,309.0,167.5
7003,basegame,20.9,645.8
7004,basegame,10000.0,0.0
7005,basegame,1900.1,20.5
7006,basegame,17.0,1081.9
7007,basegame,301.2,10000.0
7008,basegame,2311.3,13.5
7009,basegame,61.3,604.6
7010,basegame,378.1,72.0
7011,basegame,24.6,10000.0
7012,basegame,8549.8,1560.5
7013,basegame,216.2,86.6
7014,basegame,139.8,10000.0
7015,basegame,10.0,288.8
7016,basegame,880.9,181.4
7017,basegame,6.8,609.6
7018,basegame,1446.8,93.4
7019,basegame,0.3,2479.2
7020,basegame,0.2,2154.1
7021,basegame,742.5,203.8
7022,basegame,842.5,13.6
7023,basegame,0.3,484.8
7024,basegame,5324.4,919.7
7025,basegame,1.9,7817.7
7026,basegame,0.2,1852.9
7027,basegame,0.5,6729.9
7028,basegame,325.6,855.7
7029,basegame,278.0,320.5
7030,basegame,87.4,878.7
7031,basegame,0.6,4787.4
7032,basegame,30.2,6060.7
7033,basegame,126.3,1128.2
7034,basegame,441.5,13.5
7035,basegame,158.0,3257.6
7036,basegame,70.8,862.1
7037,basegame,301.7,2.9
7038,basegame,165.7,34.3
7039,basegame,383.2,5.9
7040,basegame,1.3,704.2
7041,basegame,312.8,5042.1
7042,basegame,504.9,25.1
7043,basegame,183.9,6979.0
7044,basegame,220.4,30.7
7045,basegame,17.2,404.3
7046,basegame,30.0,5345.1
7047,basegame,262.7,6391.3
7048,basegame,37.6,1373.7
7049,basegame,3844.1,51.0
7050,basegame,32.1,374.6
7051,basegame,376.0,260.3
7052,basegame,15.0,7244.5
7053,basegame,214.4,148.4
7054,basegame,1657.2,11.1
7055,basegame,185.2,15.9
7056,basegame,95.8,975.6
7057,basegame,0.3,6016.8
7058,basegame,371.6,1691.1
7059,basegame,170.7,106.3
7060,basegame,180.8,3898.9
7061,basegame,346.5,1248.0
7062,basegame,132.8,528.1
7063,basegame,2661.8,683.5
7064,basegame,190.4,1645.6
7065,basegame,7.1,510.2
7066,basegame,1167.7,504.5
7067,basegame,8138.6,31.8
7068,basegame,3938.7,4867.6
7069,basegame,127.3,159.6
7070,basegame,29.5,443.7
7071,basegame,413.4,71.9
7072,basegame,3.6,8288.3
7073,basegame,26.0,214.4
7074,basegame,532.6,11.1
7075,basegame,126.7,1358.2
7076,basegame,232.3,16.3
7077,basegame,377.7,7.0
7078,basegame,260.5,10.4
7079,basegame,745.8,13.9
7080,basegame,290.3,12.5
7081,basegame,1383.7,13.5
7082,basegame,2.0,7255.7
7083,basegame,14.1,8866.0
7084,basegame,352.5,1504.6
7085,basegame,344.2,88.5
7086,basegame,516.2,89.8
7087,basegame,564.8,781.9
7088,basegame,0.0,259.2
7089,basegame,2335.4,84.9
7090,basegame,8327.9,27.1
7091,basegame,580.3,11.7
7092,basegame,58.0,447.1
7093,basegame,54.2,1850.6
7094,basegame,0.7,459.8
7095,basegame,8.0,3192.1
7096,basegame,15.1,4531.1
7097,basegame,39.5,1201.2
7098,basegame,0.9,1315.9
7099,basegame,25.1,509.4
7100,basegame,1410.2,8.0
7101,basegame,16.5,1155.2
7102,basegame,205.1,2443.6
7103,basegame,525.3,16.0
7104,basegame,2.0,994.2
7105,basegame,617.5,9.1
7106,basegame,10.0,853.2
7107,basegame,17.4,185.9
7108,basegame,72.2,837.7
7109,basegame,880.4,29.7
7110,basegame,38.8,263.5
7111,basegame,1585.7,7690.9
7112,basegame,914.4,9.8
7113,basegame,12.9,9905.1
7114,basegame,101.2,1021.1
7115,basegame,5.7,420.9
7116,basegame,1401.9,7107.6
7117,basegame,44.4,268.2
7118,basegame,4097.5,1047.4
7119,basegame,10.6,1226.4
7120,basegame,5.0,252.8
7121,basegame,219.9,31.3
7122,basegame,28.4,1844.9
7123,basegame,5.3,794.5
7124,basegame,838.1,29.5
7125,basegame,1215.6,74.4
7126,basegame,33.3,290.4
7127,basegame,211.8,15.4
7128,basegame,9.0,1875.7
7129,basegame,13.2,532.3
7130,basegame,15.4,8426.0
7131,basegame,3874.3,4133.7
7132,basegame,44.6,328.2
7133,basegame,220.7,99.0
7134,basegame,0.1,2293.9
7135,basegame,200.5,5.2
7136,basegame,7.2,1169.2
7137,basegame,27.1,312.9
7138,basegame,88.3,2569.9
7139,basegame,15.2,7929.4
7140,basegame,5.6,488.5
7141,basegame,598.5,134.5
7142,basegame,76.0,2090.7
7143,basegame,59.7,2449.0
7144,basegame,1045.8,1565.8
7145,basegame,168.4,4543.7
7146,basegame,0.0,6637.5
7147,basegame,191.7,1153.2
7148,basegame,259.3,9612.1
7149,basegame,250.2,5.8
7150,basegame,3700.3,147.4
7151,basegame,1.4,1920.5
7152,basegame,181.1,177.3
7153,basegame,37.8,222.3
7154,basegame,2182.7,3.0
7155,basegame,3195.9,132.9
7156,basegame,178.8,144.6
7157,basegame,520.3,2798.7
7158,basegame,1.0,403.4
7159,basegame,952.2,24.9
7160,basegame,45.0,553.8
7161,basegame,7754.9,240.7
7162,basegame,1068.7,10.1
7163,basegame,5156.0,8.6
7164,basegame,8046.8,560.1
7165,basegame,495.2,20.5
7166,basegame,640.4,197.6
7167,basegame,251.9,19.3
7168,basegame,6058.2,15.6
7169,basegame,921.5,37.8
7170,basegame,15.2,4322.1
7171,basegame,208.8,11.7
7172,basegame,4.8,600.5
7173,basegame,260.1,5539.7
7174,basegame,12.6,339.5
7175,basegame,177.0,43.6
7176,basegame,14.3,1198.8
7177,basegame,70.0,1376.2
7178,basegame,9.1,256.5
7179,basegame,126.1,116.1
7180,basegame,0.0,497.0
7181,basegame,245.6,611.3
7182,basegame,315.1,3245.0
7183,basegame,82.4,140.9
7184,basegame,58.5,9091.9
7185,basegame,2424.6,8.7
7186,basegame,0.6,480.3
7187,basegame,0.3,9243.1
7188,basegame,15.2,4962.4
7189,basegame,5.5,2315.2
7190,basegame,487.4,24.5
7191,basegame,326.5,270.6
7192,basegame,81.8,520.1
7193,basegame,580.0,8.6
7194,basegame,361.9,14.5
7195,basegame,5.3,1912.0
7196,basegame,26.3,4006.0
7197,basegame,1073.8,443.9
7198,basegame,737.2,1152.9
7199,basegame,1617.6,4.5
7200,basegame,13.6,1586.4
7201,basegame,20.3,780.1
7202,basegame,1930.2,18.8
7203,basegame,334.0,174.9
7204,basegame,8800.9,26.4
7205,basegame,2029.4,4.3
7206,basegame,6.7,3203.4
7207,basegame,689.3,239.7
7208,basegame,4.2,1139.8
7209,basegame,68.0,1092.2
7210,basegame,1.0,6188.7
7211,basegame,2.0,1509.3
7212,basegame,198.1,12.6
7213,basegame,1302.4,5.2
7214,basegame,0.2,547.9
7215,basegame,160.8,429.9
7216,basegame,6704.9,20.7
7217,basegame,401.1,375.5
7218,basegame,1.0,2591.0
7219,basegame,77.4,695.1
7220,basegame,69.6,570.5
7221,basegame,5391.9,17.4
7222,basegame,42.6,7999.3
7223,basegame,1.4,331.4
7224,basegame,645.3,21.3
7225,basegame,2.3,786.7
7226,basegame,37.3,1375.6
7227,basegame,4069.7,216.6
7228,basegame,19.0,392.8
7229,basegame,142.8,228.7
7230,basegame,662.9,194.1
7231,basegame,5.2,1266.2
7232,basegame,0.2,5473.8
7233,basegame,150.3,9656.7
7234,basegame,494.4,3.8
7235,basegame,10.0,193.8
7236,basegame,229.6,21.5
7237,basegame,735.7,20.1
7238,basegame,65.5,814.8
7239,basegame,706.1,4899.2
7240,basegame,183.0,39.5
7241,basegame,5452.5,6.5
7242,basegame,91.6,274.8
7243,basegame,179.5,346.1
7244,basegame,1140.6,507.4
7245,basegame,96.2,1122.6
7246,basegame,1899.6,74.7
7247,basegame,5.7,850.4
7248,basegame,77.0,1214.9
7249,basegame,245.7,28.4
7250,basegame,938.0,81.1
7251,basegame,161.4,4356.0
7252,basegame,5758.0,5.9
7253,basegame,214.4,2307.0
7254,basegame,6.5,1494.4
7255,basegame,31.3,1289.2
7256,basegame,0.3,2158.9
7257,basegame,237.2,16.4
7258,basegame,1439.4,48.5
7259,basegame,202.8,837.5
7260,basegame,517.2,143.9
7261,basegame,42.6,404.0
7262,basegame,26.1,489.2
7263,basegame,20.4,5699.0
7264,basegame,0.0,1677.0
7265,basegame,14.3,3446.2
7266,basegame,202.5,4.4
7267,basegame,18.6,7417.7
7268,basegame,0.1,4804.8
7269,basegame,5.0,1562.6
7270,basegame,1145.9,2.4
7271,basegame,6.6,3888.2
7272,basegame,184.7,512.2
7273,basegame,6442.2,17.3
7274,basegame,642.3,7.2
7275,basegame,105.5,2215.6
7276,basegame,0.1,790.7
7277,basegame,721.0,904.4
7278,basegame,512.5,52.4
7279,basegame,52.5,8150.9
7280,basegame,32.0,377.0
7281,basegame,1.9,815.8
7282,basegame,110.7,1032.3
7283,basegame,9680.4,114.8
7284,basegame,371.8,22.7
7285,basegame,5.1,201.1
7286,basegame,1386.1,93.8
7287,basegame,171.8,45.2
7288,basegame,81.4,332.0
7289,basegame,375.1,15.7
7290,basegame,14.1,1509.1
7291,basegame,284.0,566.8
7292,basegame,194.8,144.3
7293,basegame,54.5,437.0
7294,basegame,1424.9,3777.5
7295,basegame,2.2,2484.4
7296,basegame,1718.2,753.0
7297,basegame,833.2,257.5
7298,basegame,2376.5,47.7
7299,basegame,88.1,2590.9
7300,basegame,159.8,4986.8
7301,basegame,35.5,2312.2
7302,basegame,135.6,1901.5
7303,basegame,24.7,925.6
7304,basegame,29.6,7289.9
7305,basegame,86.6,5846.2
7306,basegame,1140.2,18.9
7307,basegame,56.0,374.6
7308,basegame,5.8,9461.7
7309,basegame,225.5,48.4
7310,basegame,307.0,925.2
7311,basegame,242.9,5.3
7312,basegame,233.7,32.7
7313,basegame,1273.0,31.3
7314,basegame,17.1,2907.0
7315,basegame,2832.7,74.8
7316,basegame,0.2,2808.2
7317,basegame,12.5,492.7
7318,basegame,3807.8,30.1
7319,basegame,4761.8,19.3
7320,basegame,261.9,3611.4
7321,basegame,33.0,3682.7
7322,basegame,253.2,92.4
7323,basegame,13.4,1557.0
7324,basegame,232.9,116.5
7325,basegame,28.5,394.9
7326,basegame,82.2,223.6
7327,basegame,509.8,5.4
7328,basegame,31.3,229.1
7329,basegame,283.9,0.6
7330,basegame,1795.6,2414.9
7331,basegame,30.0,379.5
7332,basegame,48.6,6732.4
7333,basegame,9.0,4034.2
7334,basegame,43.3,3016.2
7335,basegame,322.9,89.8
7336,basegame,0.0,314.9
7337,basegame,0.2,204.3
7338,basegame,290.7,29.4
7339,basegame,2731.2,148.7
7340,basegame,430.6,5.3
7341,basegame,5.0,1953.4
7342,basegame,2483.9,2876.9
7343,basegame,257.0,88.8
7344,basegame,91.4,167.9
7345,basegame,60.6,241.6
7346,basegame,2314.3,2.6
7347,basegame,523.5,95.4
7348,basegame,14.6,1870.4
7349,basegame,1287.4,534.7
7350,basegame,2.8,211.1
7351,basegame,885.5,140.8
7352,basegame,0.4,7207.0
7353,basegame,326.2,2.8
7354,basegame,760.4,9.5
7355,basegame,6.8,3610.6
7356,basegame,7089.2,755.2
7357,basegame,5784.3,1014.3
7358,basegame,154.5,589.4
7359,basegame,8.9,259.1
7360,basegame,6.5,357.1
7361,basegame,456.5,5.9
7362,basegame,0.3,1419.7
7363,basegame,7888.6,171.2
7364,basegame,0.2,4458.9
7365,basegame,5564.1,509.2
7366,basegame,40.1,1972.4
7367,basegame,270.5,4558.2
7368,basegame,425.9,47.8
7369,basegame,37.9,445.3
7370,basegame,1.6,250.0
7371,basegame,13.6,190.0
7372,basegame,22.2,4506.6
7373,basegame,0.0,376.9
7374,basegame,534.0,42.8
7375,basegame,20.0,328.4
7376,basegame,539.2,48.3
7377,basegame,9.7,430.0
7378,basegame,4.5,4702.4
7379,basegame,2050.1,42.9
7380,basegame,40.0,3643.4
7381,basegame,37.0,354.9
7382,basegame,52.7,5326.8
7383,basegame,33.9,409.8
7384,basegame,65.2,138.5
7385,basegame,5.0,514.6
7386,basegame,203.7,29.3
7387,basegame,131.2,5044.0
7388,basegame,5.0,4609.1
7389,basegame,26.6,182.8
7390,basegame,9.8,2355.3
7391,basegame,1664.8,256.2
7392,basegame,2.1,572.3
7393,basegame,6776.7,17.1
7394,basegame,50.7,465.4
7395,basegame,7.0,5016.7
7396,basegame,101.9,474.6
7397,basegame,3004.9,40.3
7398,basegame,0.1,581.8
7399,basegame,2.5,9654.6
7400,basegame,173.2,121.6
7401,basegame,17.5,761.0
7402,basegame,1599.6,803.3
7403,basegame,1891.4,17.1
7404,basegame,242.0,139.3
7405,basegame,771.9,60.3
7406,basegame,4.5,447.5
7407,basegame,1841.6,601.5
7408,basegame,1457.8,439.4
7409,basegame,251.3,79.2
7410,basegame,15.2,1049.5
7411,basegame,1095.5,43.9
7412,basegame,988.8,5370.2
7413,basegame,760.0,62.5
7414,basegame,20.3,4560.6
7415,basegame,284.3,21.4
7416,basegame,476.0,1226.4
7417,basegame,260.2,13.2
7418,basegame,678.9,41.0
7419,basegame,3.9,302.3
7420,basegame,10.1,2332.8
7421,basegame,0.0,3865.0
7422,basegame,7.0,1081.3
7423,basegame,1.2,3163.6
7424,basegame,4345.1,22.2
7425,basegame,10.3,379.0
7426,basegame,2.0,214.6
7427,basegame,0.3,216.0
7428,basegame,93.6,211.0
7429,basegame,240.4,1432.3
7430,basegame,1887.6,31.5
7431,basegame,520.8,11.4
7432,basegame,69.7,2794.4
7433,basegame,12.0,357.6
7434,basegame,225.4,55.9
7435,basegame,312.5,72.4
7436,basegame,259.3,69.4
7437,basegame,3430.6,1886.4
7438,basegame,250.8,4.4
7439,basegame,23.4,3905.8
7440,basegame,647.1,10.6
7441,basegame,208.6,7.6
7442,basegame,3247.7,154.8
7443,basegame,2508.9,6337.5
7444,basegame,0.0,3626.3
7445,basegame,1250.4,8.4
7446,basegame,587.1,201.6
7447,basegame,3.0,263.3
7448,basegame,16.8,890.7
7449,basegame,1214.9,6512.5
7450,basegame,2.0,395.8
7451,basegame,0.0,1189.1
7452,basegame,1139.9,7.2
7453,basegame,61.7,5788.2
7454,basegame,2.4,7939.4
7455,basegame,2047.6,0.6
7456,basegame,18.3,528.6
7457,basegame,832.9,2498.2
7458,basegame,17.9,753.0
7459,basegame,2.6,7454.1
7460,basegame,139.7,325.5
7461,basegame,3.0,8997.6
7462,basegame,8657.4,12.8
7463,basegame,0.6,2616.7
7464,basegame,196.6,199.7
7465,basegame,0.0,219.2
7466,basegame,70.1,5791.6
7467,basegame,7.8,534.3
7468,basegame,472.7,32.2
7469,basegame,810.0,9.9
7470,basegame,9113.5,119.2
7471,basegame,1065.6,5.6
7472,basegame,63.4,3260.8
7473,basegame,968.6,64.9
7474,basegame,2035.7,78.5
7475,basegame,5372.5,1122.5
7476,basegame,5522.1,22.7
7477,basegame,980.0,3268.8
7478,basegame,134.1,67.3
7479,basegame,654.8,737.4
7480,basegame,1299.0,1540.3
7481,basegame,10.0,2675.9
7482,basegame,0.0,1304.4
7483,basegame,85.0,360.7
7484,basegame,254.4,1037.7
7485,basegame,14.6,230.3
7486,basegame,3.7,449.2
7487,basegame,308.7,2.8
7488,basegame,24.9,587.9
7489,basegame,63.0,1476.8
7490,basegame,20.0,202.2
7491,basegame,5.0,9289.9
7492,basegame,0.0,470.4
7493,basegame,563.6,0.8
7494,basegame,2828.2,126.6
7495,basegame,1742.6,20.9
7496,basegame,87.3,318.2
7497,basegame,7.3,426.3
7498,basegame,201.6,23.7
7499,basegame,824.0,141.5
7500,basegame,6.7,958.7
7501,basegame,906.9,25.4
7502,basegame,350.3,358.6
7503,basegame,3163.0,19.2
7504,basegame,41.2,1709.4
7505,basegame,90.0,503.4
7506,basegame,4037.1,1768.6
7507,basegame,509.8,1137.0
7508,basegame,162.4,4610.6
7509,basegame,1509.7,4.8
7510,basegame,140.3,7236.0
7511,basegame,7.2,377.4
7512,basegame,92.9,960.7
7513,basegame,113.4,227.0
7514,basegame,492.1,48.8
7515,basegame,15.1,1898.0
7516,basegame,517.7,4.5
7517,basegame,154.9,3082.1
7518,basegame,1150.1,203.2
7519,basegame,20.2,5624.6
7520,basegame,44.6,657.6
7521,basegame,1687.6,45.5
7522,basegame,1663.4,1.0
7523,basegame,15.4,6992.5
7524,basegame,4609.4,7.4
7525,basegame,592.0,6.0
7526,basegame,8.5,239.6
7527,basegame,677.6,4.6
7528,basegame,29.7,389.9
7529,basegame,92.7,107.5
7530,basegame,1687.0,13.7
7531,basegame,501.2,28.3
7532,basegame,277.7,11.5
7533,basegame,580.6,17.2
7534,basegame,39.8,344.1
7535,basegame,47.5,409.9
7536,basegame,26.4,5559.5
7537,basegame,310.2,4.7
7538,basegame,154.7,706.5
7539,basegame,204.2,19.4
7540,basegame,135.6,473.6
7541,basegame,2708.1,33.6
7542,basegame,4.4,958.5
7543,basegame,159.3,91.0
7544,basegame,414.6,18.1
7545,basegame,6.3,371.8
7546,basegame,644.2,4131.1
7547,basegame,164.2,75.1
7548,basegame,0.2,223.4
7549,basegame,473.3,8.0
7550,basegame,230.3,149.1
7551,basegame,228.5,1920.9
7552,basegame,1.9,9532.7
7553,basegame,8160.5,4.2
7554,basegame,686.0,17.5
7555,basegame,40.9,372.4
7556,basegame,470.7,9410.7
7557,basegame,17.7,3544.6
7558,basegame,1430.9,41.7
7559,basegame,220.1,11.9
7560,basegame,9888.9,29.9
7561,basegame,242.0,189.7
7562,basegame,57.7,2108.8
7563,basegame,10.1,3721.1
7564,basegame,4961.7,14.6
7565,basegame,214.8,3090.3
7566,basegame,439.4,7248.0
7567,basegame,0.0,1996.9
7568,basegame,4354.6,282.7
7569,basegame,346.5,697.8
7570,basegame,190.4,14.5
7571,basegame,578.8,20.6
7572,basegame,3462.0,16.3
7573,basegame,0.4,487.1
7574,basegame,909.5,32.2
7575,basegame,15.3,322.3
7576,basegame,0.0,298.3
7577,basegame,70.4,246.1
7578,basegame,8734.0,98.7
7579,basegame,9420.5,17.7
7580,basegame,45.0,2332.8
7581,basegame,1426.2,6.5
7582,basegame,824.1,8.9
7583,basegame,1845.4,22.5
7584,basegame,26.2,1089.6
7585,basegame,1709.0,97.3
7586,basegame,550.9,23.5
7587,basegame,364.2,5.5
7588,basegame,0.0,1828.4
7589,basegame,7768.5,27.8
7590,basegame,1858.3,13.5
7591,basegame,180.2,7517.6
7592,basegame,0.2,4886.8
7593,basegame,2773.0,33.8
7594,basegame,366.1,29.7
7595,basegame,12.6,6545.5
7596,basegame,0.6,1081.4
7597,basegame,823.1,37.6
7598,basegame,780.9,21.3
7599,basegame,6894.8,239.0
7600,basegame,673.6,100.8
7601,basegame,317.3,49.8
7602,basegame,116.7,5113.8
7603,basegame,809.2,6.7
7604,basegame,523.2,5.0
7605,basegame,2.6,213.6
7606,basegame,37.9,192.2
7607,basegame,129.6,178.1
7608,basegame,14.1,7001.6
7609,basegame,79.2,425.7
7610,basegame,220.1,188.4
7611,basegame,28.4,2620.6
7612,basegame,3.0,2577.0
7613,basegame,20.0,383.7
7614,basegame,196.1,15.3
7615,basegame,251.9,19.6
7616,basegame,41.9,274.5
7617,basegame,1658.2,60.4
7618,basegame,1738.0,9.5
7619,basegame,12.3,6158.6
7620,basegame,159.9,225.7
7621,basegame,225.9,1323.8
7622,basegame,342.0,60.9
7623,basegame,19.4,191.8
7624,basegame,5.2,529.0
7625,basegame,209.3,487.9
7626,basegame,4335.3,8.5
7627,basegame,614.5,47.4
7628,basegame,19.5,283.6
7629,basegame,8.1,9991.5
7630,basegame,371.5,42.3
7631,basegame,8670.2,545.8
7632,basegame,1.0,846.4
7633,basegame,4742.5,133.8
7634,basegame,3277.0,104.2
7635,basegame,16.3,2899.1
7636,basegame,2.9,230.3
7637,basegame,1037.9,980.6
7638,basegame,3086.3,11.9
7639,basegame,19.8,4102.5
7640,basegame,3578.8,8.0
7641,basegame,325.3,5.3
7642,basegame,5.6,3024.7
7643,basegame,430.3,165.6
7644,basegame,74.2,470.4
7645,basegame,253.4,3927.2
7646,basegame,200.5,228.1
7647,basegame,234.1,32.1
7648,basegame,28.5,3318.9
7649,basegame,0.0,6097.2
7650,basegame,505.4,171.0
7651,basegame,21.6,1269.4
7652,basegame,356.8,3.9
7653,basegame,0.0,786.1
7654,basegame,26.3,931.7
7655,basegame,2.5,2351.8
7656,basegame,481.9,297.2
7657,basegame,852.1,33.4
7658,basegame,25.0,1114.0
7659,basegame,493.3,91.6
7660,basegame,2.3,4860.7
7661,basegame,261.1,2.8
7662,basegame,0.7,3787.6
7663,basegame,632.2,60.4
7664,basegame,404.6,67.9
7665,basegame,219.9,74.5
7666,basegame,1.5,1469.6
7667,basegame,0.0,209.4
7668,basegame,500.6,24.7
7669,basegame,5.4,403.9
7670,basegame,0.0,214.7
7671,basegame,0.0,2453.2
7672,basegame,6.6,1783.0
7673,basegame,150.6,114.2
7674,basegame,2987.1,35.1
7675,basegame,1.0,4711.1
7676,basegame,8.9,1333.2
7677,basegame,134.7,2982.5
7678,basegame,1054.8,228.0
7679,basegame,28.0,2987.9
7680,basegame,1727.5,515.5
7681,basegame,1432.7,21.7
7682,basegame,1952.6,23.8
7683,basegame,1.9,482.7
7684,basegame,480.8,42.3
7685,basegame,23.0,321.5
7686,basegame,2569.6,34.3
7687,basegame,31.0,1111.8
7688,basegame,1650.6,213.3
7689,basegame,991.8,12.4
7690,basegame,31.6,267.8
7691,basegame,305.0,2365.0
7692,basegame,37.1,372.9
7693,basegame,0.0,370.0
7694,basegame,256.7,122.8
7695,basegame,30.5,291.3
7696,basegame,5.2,206.4
7697,basegame,1285.2,13.9
7698,basegame,536.8,1627.4
7699,basegame,31.8,1223.7
7700,basegame,0.0,284.4
7701,basegame,1.0,371.5
7702,basegame,213.7,520.4
7703,basegame,178.5,40.8
7704,basegame,238.4,18.5
7705,basegame,367.6,35.4
7706,basegame,28.2,437.2
7707,basegame,5.5,490.9
7708,basegame,0.6,2463.9
7709,basegame,881.6,53.3
7710,basegame,60.4,524.2
7711,basegame,1283.7,39.2
7712,basegame,0.0,583.9
7713,basegame,5.0,4639.5
7714,basegame,100.4,605.3
7715,basegame,698.2,11.5
7716,basegame,407.8,119.7
7717,basegame,3321.5,6.5
7718,basegame,140.4,3279.2
7719,basegame,142.0,110.7
7720,basegame,1.6,380.3
7721,basegame,0.2,437.1
7722,basegame,1.0,329.3
7723,basegame,720.0,1014.2
7724,basegame,134.1,460.8
7725,basegame,2.3,1684.5
7726,basegame,15.0,237.3
7727,basegame,266.9,1913.5
7728,basegame,10.1,1452.1
7729,basegame,1893.5,215.9
7730,basegame,3.5,4153.9
7731,basegame,654.1,69.1
7732,basegame,691.6,36.6
7733,basegame,245.2,12.9
7734,basegame,0.0,610.0
7735,basegame,0.5,393.0
7736,basegame,11.5,571.0
7737,basegame,57.8,305.5
7738,basegame,0.3,4599.2
7739,basegame,476.0,790.6
7740,basegame,14.7,2136.7
7741,basegame,1347.1,32.0
7742,basegame,867.5,16.6
7743,basegame,5.0,345.6
7744,basegame,534.2,5.5
7745,basegame,496.5,2.1
7746,basegame,2688.9,3.7
7747,basegame,1958.2,1027.1
7748,basegame,1205.4,19.6
7749,basegame,185.6,40.3
7750,basegame,584.6,16.3
7751,basegame,421.8,21.0
7752,basegame,94.0,1055.8
7753,basegame,0.6,1926.6
7754,basegame,26.7,1021.5
7755,basegame,239.2,1311.4
7756,basegame,1468.4,12.4
7757,basegame,20.1,274.2
7758,basegame,1177.4,22.1
7759,basegame,296.4,41.9
7760,basegame,330.4,20.1
7761,basegame,337.1,14.9
7762,basegame,12.9,422.5
7763,basegame,428.8,46.1
7764,basegame,348.8,8.2
7765,basegame,2.2,712.7
7766,basegame,35.2,1208.7
7767,basegame,194.6,14.7
7768,basegame,56.7,365.6
7769,basegame,397.2,63.2
7770,basegame,3.4,239.1
7771,basegame,276.3,12.2
7772,basegame,679.0,8.2
7773,basegame,232.3,27.7
7774,basegame,2504.5,21.1
7775,basegame,25.0,541.9
7776,basegame,16.3,973.0
7777,basegame,2.5,563.1
7778,basegame,98.9,128.4
7779,basegame,222.3,0.9
7780,basegame,1028.6,112.1
7781,basegame,69.5,162.5
7782,basegame,1342.6,29.5
7783,basegame,5.1,1186.8
7784,basegame,16.1,358.6
7785,basegame,171.4,46.5
7786,basegame,758.5,15.2
7787,basegame,82.7,470.4
7788,basegame,3730.1,46.8
7789,basegame,0.2,245.6
7790,basegame,510.7,45.6
7791,basegame,481.9,31.0
7792,basegame,1486.1,3.3
7793,basegame,2.5,609.3
7794,basegame,95.5,2725.7
7795,basegame,11.9,4358.4
7796,basegame,870.3,58.3
7797,basegame,529.5,18.7
7798,basegame,0.0,704.7
7799,basegame,10.2,271.5
7800,basegame,156.7,134.0
7801,basegame,294.9,13.3
7802,basegame,211.6,6.6
7803,basegame,661.2,29.2
7804,basegame,23.5,749.3
7805,basegame,203.4,33.6
7806,basegame,12.9,2804.4
7807,basegame,1243.5,294.8
7808,basegame,235.1,70.7
7809,basegame,582.4,2838.7
7810,basegame,37.6,1513.7
7811,basegame,6.9,291.4
7812,basegame,2274.2,38.8
7813,basegame,22.6,215.9
7814,basegame,167.1,43.6
7815,basegame,74.9,170.0
7816,basegame,136.3,805.9
7817,basegame,206.9,1539.9
7818,basegame,4450.2,33.2
7819,basegame,3.1,368.2
7820,basegame,7.2,1629.9
7821,basegame,3070.0,95.3
7822,basegame,453.5,632.2
7823,basegame,0.0,333.8
7824,basegame,59.0,538.8
7825,basegame,10.5,1403.3
7826,basegame,2.5,1610.7
7827,basegame,234.6,23.9
7828,basegame,1039.3,2848.6
7829,basegame,375.4,15.1
7830,basegame,3.5,201.3
7831,basegame,0.0,2092.5
7832,basegame,3857.7,10.6
7833,basegame,126.4,3032.5
7834,basegame,1704.7,243.6
7835,basegame,6.1,500.2
7836,basegame,121.2,362.5
7837,basegame,185.7,24.8
7838,basegame,8.4,2421.8
7839,basegame,773.3,67.1
7840,basegame,244.0,1028.9
7841,basegame,2317.6,9.3
7842,basegame,11.1,762.8
7843,basegame,33.5,248.6
7844,basegame,68.0,4552.4
7845,basegame,89.1,2040.4
7846,basegame,241.1,2578.7
7847,basegame,699.5,10.7
7848,basegame,192.5,14.0
7849,basegame,15.0,727.1
7850,basegame,22.6,187.1
7851,basegame,168.7,37.8
7852,basegame,2861.7,4.3
7853,basegame,0.1,799.7
7854,basegame,1894.1,62.3
7855,basegame,859.3,3.7
7856,basegame,7.1,237.3
7857,basegame,35.3,376.8
7858,basegame,8.1,4644.9
7859,basegame,2.6,523.1
7860,basegame,415.6,5.1
7861,basegame,923.7,8.1
7862,basegame,30.0,911.9
7863,basegame,1679.7,130.1
7864,basegame,3519.0,1389.6
7865,basegame,1452.7,22.9
7866,basegame,415.0,182.4
7867,basegame,141.6,180.0
7868,basegame,653.7,4345.5
7869,basegame,3.5,1310.2
7870,basegame,3.5,3325.7
7871,basegame,764.1,10.0
7872,basegame,2286.2,10.9
7873,basegame,47.3,342.6
7874,basegame,287.6,44.5
7875,basegame,69.7,324.7
7876,basegame,0.0,371.4
7877,basegame,55.3,268.9
7878,basegame,21.5,353.5
7879,basegame,1123.1,1778.3
7880,basegame,0.0,3224.6
7881,basegame,2607.5,17.1
7882,basegame,2.0,208.8
7883,basegame,361.5,71.9
7884,basegame,13.1,1619.3
7885,basegame,14.0,271.2
7886,basegame,1795.8,7.3
7887,basegame,26.5,2790.1
7888,basegame,0.0,278.1
7889,basegame,30.3,2558.9
7890,basegame,115.2,142.8
7891,basegame,265.4,915.4
7892,basegame,16.2,673.3
7893,basegame,886.6,24.0
7894,basegame,10.0,4686.9
7895,basegame,283.4,15.8
7896,basegame,258.9,5.4
7897,basegame,402.3,346.2
7898,basegame,342.4,2256.8
7899,basegame,9.1,197.1
7900,basegame,2488.4,10.0
7901,basegame,119.0,1636.6
7902,basegame,26.5,220.5
7903,basegame,310.5,56.9
7904,basegame,3445.9,33.3
7905,basegame,14.3,223.5
7906,basegame,26.9,355.7
7907,basegame,0.4,1482.4
7908,basegame,318.0,7.3
7909,basegame,45.7,3260.6
7910,basegame,40.1,258.0
7911,basegame,74.7,682.9
7912,basegame,5.6,2020.2
7913,basegame,26.7,1065.0
7914,basegame,381.8,218.2
7915,basegame,20.4,4526.9
7916,basegame,665.4,2275.7
7917,basegame,375.6,112.2
7918,basegame,214.6,26.5
7919,basegame,126.4,2260.3
7920,basegame,0.0,588.7
7921,basegame,235.0,8.6
7922,basegame,172.2,58.7
7923,basegame,235.6,3292.8
7924,basegame,21.1,4791.5
7925,basegame,83.0,288.9
7926,basegame,21.6,591.5
7927,basegame,1290.8,36.2
7928,basegame,0.0,1128.5
7929,basegame,554.7,329.8
7930,basegame,222.0,231.3
7931,basegame,35.5,1498.7
7932,basegame,1.1,945.0
7933,basegame,28.4,210.0
7934,basegame,516.7,17.4
7935,basegame,20.2,332.8
7936,basegame,5.5,3643.1
7937,basegame,1373.3,2.1
7938,basegame,6.4,3227.2
7939,basegame,0.7,1180.1
7940,basegame,510.8,246.3
7941,basegame,0.0,1799.7
7942,basegame,114.5,3164.2
7943,basegame,2825.6,59.3
7944,basegame,0.0,4882.5
7945,basegame,20.1,192.3
7946,basegame,387.4,50.8
7947,basegame,13.7,4707.7
7948,basegame,361.9,45.1
7949,basegame,188.5,100.1
7950,basegame,88.0,1609.2
7951,basegame,712.2,16.3
7952,basegame,3118.4,10.7
7953,basegame,26.8,316.4
7954,basegame,531.6,10.9
7955,basegame,233.3,208.2
7956,basegame,2557.5,11.5
7957,basegame,0.0,202.0
7958,basegame,1.1,3066.5
7959,basegame,487.8,372.6
7960,basegame,19.6,630.7
7961,basegame,26.2,633.3
7962,basegame,3941.0,16.1
7963,basegame,31.6,263.4
7964,basegame,1.2,829.7
7965,basegame,256.2,24.3
7966,basegame,937.9,27.3
7967,basegame,1634.9,47.7
7968,basegame,437.8,655.8
7969,basegame,3519.0,41.3
7970,basegame,22.9,359.4
7971,basegame,2734.0,291.6
7972,basegame,2489.0,11.0
7973,basegame,7.4,504.6
7974,basegame,2881.0,17.0
7975,basegame,73.0,2234.1
7976,basegame,0.0,1037.9
7977,basegame,397.9,0.2
7978,basegame,30.5,962.6
7979,basegame,56.7,149.9
7980,basegame,36.6,328.9
7981,basegame,220.0,55.7
7982,basegame,3.3,1302.3
7983,basegame,824.0,2871.9
7984,basegame,797.0,63.4
7985,basegame,58.6,886.8
7986,basegame,16.0,225.0
7987,basegame,198.5,85.5
7988,basegame,364.8,399.9
7989,basegame,0.0,4758.2
7990,basegame,620.1,458.6
7991,basegame,10.3,285.2
7992,basegame,34.2,1664.7
7993,basegame,0.1,207.8
7994,basegame,887.4,13.8
7995,basegame,2.2,642.4
7996,basegame,121.7,104.8
7997,basegame,33.0,509.2
7998,basegame,5.6,387.5
7999,basegame,26.0,530.6
8000,basegame,229.3,13.9
8001,basegame,224.0,9.5
8002,basegame,10000.0,0.0
8003,basegame,209.1,10000.0
8004,basegame,10000.0,0.0
8005,basegame,0.3,10000.0
8006,basegame,10000.0,0.0
8007,basegame,8.3,3476.8
8008,basegame,0.0,890.7
8009,basegame,6238.9,144.0
8010,basegame,941.9,111.4
8011,basegame,3414.2,0.3
8012,basegame,29.0,3069.8
8013,basegame,57.6,1724.6
8014,basegame,933.8,5128.4
8015,basegame,47.0,6469.2
8016,basegame,20.6,9798.7
8017,basegame,243.5,0.2
8018,basegame,0.1,6248.1
8019,basegame,257.8,10.3
8020,basegame,7.4,9908.5
8021,basegame,31.6,882.9
8022,basegame,30.3,4329.3
8023,basegame,1276.9,11.1
8024,basegame,59.4,978.4
8025,basegame,32.2,877.4
8026,basegame,23.6,540.3
8027,basegame,49.4,576.5
8028,basegame,0.0,460.0
8029,basegame,2356.6,46.8
8030,basegame,328.2,136.4
8031,basegame,184.4,81.5
8032,basegame,205.9,2119.7
8033,basegame,252.5,18.9
8034,basegame,8702.5,26.6
8035,basegame,1123.0,64.5
8036,basegame,5.1,1084.4
8037,basegame,2709.3,11.6
8038,basegame,6.9,2542.9
8039,basegame,177.2,132.6
8040,basegame,15.0,1133.1
8041,basegame,83.5,7064.6
8042,basegame,2433.7,30.4
8043,basegame,9508.8,131.6
8044,basegame,5.0,407.8
8045,basegame,596.2,32.9
8046,basegame,200.9,21.4
8047,basegame,6.8,8664.2
8048,basegame,0.0,330.6
8049,basegame,4.5,1443.4
8050,basegame,0.2,840.4
8051,basegame,57.1,9015.9
8052,basegame,18.5,9458.8
8053,basegame,200.0,14.4
8054,basegame,16.0,459.4
8055,basegame,201.4,35.5
8056,basegame,2.1,1743.6
8057,basegame,5191.5,1633.0
8058,basegame,2327.2,6.5
8059,basegame,87.3,113.3
8060,basegame,4378.1,2372.5
8061,basegame,270.3,16.4
8062,basegame,615.5,123.4
8063,basegame,0.1,337.3
8064,basegame,5.0,1985.2
8065,basegame,7034.5,109.6
8066,basegame,5267.0,4.7
8067,basegame,2433.6,15.1
8068,basegame,5017.8,2893.2
8069,basegame,8675.6,13.9
8070,basegame,278.9,2231.1
8071,basegame,3172.8,1715.6
8072,basegame,205.1,182.5
8073,basegame,31.7,251.7
8074,basegame,1012.7,859.6
8075,basegame,433.3,22.1
8076,basegame,581.7,30.3
8077,basegame,18.7,1018.7
8078,basegame,40.3,411.5
8079,basegame,117.7,329.3
8080,basegame,3653.5,21.5
8081,basegame,30.2,973.2
8082,basegame,1739.1,10.3
8083,basegame,42.9,693.5
8084,basegame,889.0,9.6
8085,basegame,1248.6,2560.9
8086,basegame,30.3,279.1
8087,basegame,158.3,1868.5
8088,basegame,45.8,2583.0
8089,basegame,5.0,7276.2
8090,basegame,515.6,39.5
8091,basegame,0.1,315.9
8092,basegame,30.0,2251.4
8093,basegame,728.6,54.5
8094,basegame,8164.1,35.4
8095,basegame,20.5,1366.0
8096,basegame,902.1,3362.3
8097,basegame,80.4,156.2
8098,basegame,626.0,171.2
8099,basegame,2502.3,3539.6
8100,basegame,142.0,435.5
8101,basegame,1.5,4529.0
8102,basegame,782.6,30.4
8103,basegame,110.6,90.8
8104,basegame,792.9,41.0
8105,basegame,2.0,206.3
8106,basegame,5502.9,33.1
8107,basegame,149.4,82.6
8108,basegame,58.9,3485.6
8109,basegame,15.2,4665.9
8110,basegame,0.0,3615.1
8111,basegame,0.7,2732.4
8112,basegame,257.9,46.6
8113,basegame,237.6,1186.4
8114,basegame,236.4,1.8
8115,basegame,9031.8,109.7
8116,basegame,24.0,8353.7
8117,basegame,2101.7,30.3
8118,basegame,23.6,2807.0
8119,basegame,62.8,615.0
8120,basegame,140.1,8083.6
8121,basegame,3686.4,166.1
8122,basegame,27.7,384.4
8123,basegame,6.7,3508.2
8124,basegame,5.1,3823.2
8125,basegame,285.4,2618.8
8126,basegame,17.1,809.1
8127,basegame,11.7,198.4
8128,basegame,265.1,27.9
8129,basegame,3238.8,52.5
8130,basegame,62.3,717.1
8131,basegame,6931.2,8.9
8132,basegame,7.6,712.7
8133,basegame,0.0,348.6
8134,basegame,36.6,380.1
8135,basegame,142.2,64.9
8136,basegame,4816.1,10.7
8137,basegame,22.3,532.8
8138,basegame,381.9,2.0
8139,basegame,208.9,6.7
8140,basegame,555.8,69.5
8141,basegame,259.4,210.2
8142,basegame,149.9,1269.4
8143,basegame,22.7,982.9
8144,basegame,6453.2,29.6
8145,basegame,971.4,25.1
8146,basegame,4061.2,12.9
8147,basegame,4327.1,10.4
8148,basegame,259.1,9.0
8149,basegame,839.5,67.6
8150,basegame,215.8,40.5
8151,basegame,2482.4,131.2
8152,basegame,41.1,2452.7
8153,basegame,12.6,4654.9
8154,basegame,841.4,154.4
8155,basegame,36.1,1786.9
8156,basegame,1.1,205.5
8157,basegame,191.3,43.1
8158,basegame,20.4,5316.2
8159,basegame,6.8,497.7
8160,basegame,622.9,208.4
8161,basegame,686.1,469.8
8162,basegame,26.8,1659.9
8163,basegame,33.5,3787.5
8164,basegame,1530.2,251.2
8165,basegame,923.4,587.3
8166,basegame,397.9,7.8
8167,basegame,783.9,33.6
8168,basegame,906.3,729.8
8169,basegame,2.5,547.3
8170,basegame,203.5,3682.8
8171,basegame,173.2,33.3
8172,basegame,1431.9,21.8
8173,basegame,1605.6,6188.1
8174,basegame,109.3,6656.0
8175,basegame,466.0,62.6
8176,basegame,1708.0,50.0
8177,basegame,0.0,1277.1
8178,basegame,767.5,387.0
8179,basegame,31.0,4473.4
8180,basegame,7.5,1388.3
8181,basegame,32.5,237.8
8182,basegame,487.8,1491.9
8183,basegame,5.3,938.5
8184,basegame,571.9,19.9
8185,basegame,717.4,164.0
8186,basegame,28.6,3588.8
8187,basegame,1794.9,579.7
8188,basegame,372.5,1023.4
8189,basegame,1018.2,29.8
8190,basegame,388.3,34.2
8191,basegame,109.8,255.0
8192,basegame,3627.0,35.8
8193,basegame,355.8,39.6
8194,basegame,5.5,9497.3
8195,basegame,322.9,39.2
8196,basegame,0.2,647.3
8197,basegame,0.1,1529.2
8198,basegame,1053.3,89.0
8199,basegame,6.8,320.9
8200,basegame,3.2,631.5
8201,basegame,19.4,267.3
8202,basegame,3095.7,10.8
8203,basegame,2275.0,25.7
8204,basegame,82.5,210.8
8205,basegame,11.3,4654.8
8206,basegame,108.0,250.3
8207,basegame,767.0,11.4
8208,basegame,835.5,204.2
8209,basegame,383.7,29.1
8210,basegame,1523.5,26.6
8211,basegame,31.9,3782.2
8212,basegame,0.0,928.9
8213,basegame,36.2,860.3
8214,basegame,250.4,80.6
8215,basegame,82.4,213.7
8216,basegame,527.6,20.6
8217,basegame,1.5,910.4
8218,basegame,281.4,49.9
8219,basegame,537.6,70.7
8220,basegame,0.3,1699.0
8221,basegame,3.5,2576.6
8222,basegame,0.1,412.9
8223,basegame,3.3,2260.5
8224,basegame,140.4,178.2
8225,basegame,0.1,457.6
8226,basegame,0.0,1072.0
8227,basegame,0.3,1007.4
8228,basegame,10.2,231.9
8229,basegame,0.0,9078.8
8230,basegame,297.7,49.4
8231,basegame,631.2,16.7
8232,basegame,3.0,355.1
8233,basegame,5.8,9248.9
8234,basegame,506.5,31.8
8235,basegame,15.7,8981.3
8236,basegame,213.6,15.5
8237,basegame,15.7,487.2
8238,basegame,15.3,369.7
8239,basegame,474.4,67.4
8240,basegame,165.2,247.4
8241,basegame,18.2,1990.3
8242,basegame,1869.6,2.5
8243,basegame,2145.1,92.5
8244,basegame,5.1,1939.5
8245,basegame,4018.6,33.3
8246,basegame,7.7,451.6
8247,basegame,11.1,6742.3
8248,basegame,219.5,61.9
8249,basegame,7.2,1009.4
8250,basegame,417.0,7675.3
8251,basegame,5.0,561.7
8252,basegame,15.0,322.5
8253,basegame,712.2,481.5
8254,basegame,591.2,84.2
8255,basegame,4985.4,23.3
8256,basegame,126.5,95.0
8257,basegame,92.6,2481.4
8258,basegame,5.1,330.1
8259,basegame,33.0,176.5
8260,basegame,5.0,549.1
8261,basegame,69.6,4236.4
8262,basegame,133.2,9098.9
8263,basegame,0.2,765.6
8264,basegame,25.3,346.0
8265,basegame,5.1,246.1
8266,basegame,926.5,716.7
8267,basegame,22.2,257.6
8268,basegame,75.3,490.4
8269,basegame,439.1,14.8
8270,basegame,900.0,10.0
8271,basegame,127.4,1087.9
8272,basegame,30.2,3021.0
8273,basegame,2.2,284.8
8274,basegame,3512.6,19.3
8275,basegame,59.5,317.5
8276,basegame,10.0,369.3
8277,basegame,3693.3,142.6
8278,basegame,11.7,9434.0
8279,basegame,50.2,871.0
8280,basegame,124.5,91.3
8281,basegame,670.0,2184.7
8282,basegame,56.4,170.5
8283,basegame,207.7,4202.3
8284,basegame,17.8,2175.0
8285,basegame,0.0,1404.6
8286,basegame,272.7,28.6
8287,basegame,5967.7,117.9
8288,basegame,813.8,374.9
8289,basegame,5.2,671.3
8290,basegame,71.5,1744.8
8291,basegame,0.0,635.6
8292,basegame,316.8,66.5
8293,basegame,357.3,7707.2
8294,basegame,0.0,627.8
8295,basegame,41.2,1911.7
8296,basegame,31.1,181.6
8297,basegame,21.0,8171.4
8298,basegame,958.2,40.8
8299,basegame,1089.7,33.2
8300,basegame,236.1,294.1
8301,basegame,9.1,2246.7
8302,basegame,29.2,738.1
8303,basegame,221.0,54.3
8304,basegame,180.1,4494.6
8305,basegame,293.2,7.2
8306,basegame,0.0,8115.7
8307,basegame,1728.8,612.6
8308,basegame,150.9,337.4
8309,basegame,5.0,261.2
8310,basegame,105.9,1918.7
8311,basegame,635.5,8.5
8312,basegame,198.5,41.1
8313,basegame,21.8,751.1
8314,basegame,637.7,16.3
8315,basegame,636.9,312.8
8316,basegame,581.7,166.9
8317,basegame,553.7,1400.9
8318,basegame,2.8,733.0
8319,basegame,1951.1,1911.2
8320,basegame,0.0,2754.2
8321,basegame,253.3,41.7
8322,basegame,2.3,231.9
8323,basegame,1108.6,651.7
8324,basegame,40.0,854.7
8325,basegame,508.4,20.7
8326,basegame,43.2,1603.4
8327,basegame,259.6,6499.9
8328,basegame,329.0,29.3
8329,basegame,1758.6,61.2
8330,basegame,30.0,282.1
8331,basegame,6.4,626.7
8332,basegame,15.3,2758.4
8333,basegame,7.0,8091.9
8334,basegame,846.1,33.7
8335,basegame,7.3,201.5
8336,basegame,85.6,407.5
8337,basegame,36.2,4854.5
8338,basegame,474.1,9.8
8339,basegame,0.0,9637.0
8340,basegame,0.7,559.6
8341,basegame,623.5,420.8
8342,basegame,5955.2,14.2
8343,basegame,10.6,344.6
8344,basegame,73.3,166.3
8345,basegame,785.8,687.9
8346,basegame,60.9,738.3
8347,basegame,290.3,17.5
8348,basegame,54.0,155.7
8349,basegame,348.2,22.4
8350,basegame,54.5,936.9
8351,basegame,3.7,229.7
8352,basegame,8.9,304.6
8353,basegame,337.9,8712.7
8354,basegame,279.1,72.7
8355,basegame,505.9,28.4
8356,basegame,0.0,563.3
8357,basegame,269.6,35.3
8358,basegame,176.1,145.0
8359,basegame,3245.4,59.4
8360,basegame,1007.4,3.5
8361,basegame,51.2,284.4
8362,basegame,5.2,745.9
8363,basegame,1522.8,2467.5
8364,basegame,2.2,7762.7
8365,basegame,302.6,75.2
8366,basegame,267.3,18.5
8367,basegame,1627.0,40.4
8368,basegame,459.0,19.1
8369,basegame,2.0,3864.7
8370,basegame,653.8,77.6
8371,basegame,67.5,184.1
8372,basegame,0.2,6898.1
8373,basegame,6.1,2030.5
8374,basegame,792.7,8268.9
8375,basegame,0.3,2321.8
8376,basegame,249.7,117.0
8377,basegame,16.5,3599.1
8378,basegame,1467.4,55.2
8379,basegame,9.6,1091.3
8380,basegame,17.1,7306.5
8381,basegame,172.2,44.4
8382,basegame,513.7,38.4
8383,basegame,4.0,1245.0
8384,basegame,1007.4,18.3
8385,basegame,0.0,350.6
8386,basegame,487.8,1.9
8387,basegame,706.0,8061.8
8388,basegame,0.5,8070.8
8389,basegame,23.0,1786.5
8390,basegame,30.4,2435.4
8391,basegame,483.3,48.4
8392,basegame,603.7,534.7
8393,basegame,40.9,4771.6
8394,basegame,255.0,74.5
8395,basegame,13.0,392.3
8396,basegame,4390.1,58.7
8397,basegame,471.4,533.2
8398,basegame,107.9,2356.2
8399,basegame,264.4,1128.7
8400,basegame,11.1,8727.4
8401,basegame,547.7,1.9
8402,basegame,375.3,88.8
8403,basegame,371.1,31.9
8404,basegame,2.0,1694.9
8405,basegame,12.5,641.5
8406,basegame,27.6,186.3
8407,basegame,1594.6,18.6
8408,basegame,55.6,157.6
8409,basegame,43.6,2537.3
8410,basegame,68.2,2222.8
8411,basegame,105.2,6348.8
8412,basegame,601.3,28.7
8413,basegame,111.5,554.0
8414,basegame,16.0,2311.8
8415,basegame,3.0,441.5
8416,basegame,607.7,309.8
8417,basegame,8.4,4084.0
8418,basegame,109.3,7835.2
8419,basegame,176.0,200.5
8420,basegame,1408.9,13.4
8421,basegame,1.5,581.5
8422,basegame,45.8,213.1
8423,basegame,5357.1,59.6
8424,basegame,3.0,280.4
8425,basegame,6.0,3395.5
8426,basegame,415.0,3.3
8427,basegame,98.3,213.1
8428,basegame,40.2,1565.6
8429,basegame,0.0,6798.3
8430,basegame,0.0,1291.3
8431,basegame,417.0,22.3
8432,basegame,85.8,322.3
8433,basegame,15.7,7078.5
8434,basegame,24.2,508.8
8435,basegame,0.0,8686.6
8436,basegame,1.8,274.1
8437,basegame,17.0,423.2
8438,basegame,344.6,2333.9
8439,basegame,233.5,11.1
8440,basegame,0.0,2130.6
8441,basegame,61.9,440.4
8442,basegame,2.0,280.8
8443,basegame,263.0,690.2
8444,basegame,6.4,1037.6
8445,basegame,0.0,3358.5
8446,basegame,1.3,762.9
8447,basegame,266.9,7.6
8448,basegame,25.9,5228.4
8449,basegame,8525.3,15.3
8450,basegame,1388.4,818.8
8451,basegame,8.1,619.7
8452,basegame,6.8,431.5
8453,basegame,764.9,19.5
8454,basegame,2.0,8398.7
8455,basegame,644.7,5988.3
8456,basegame,198.3,23.2
8457,basegame,22.9,3825.9
8458,basegame,3154.0,30.4
8459,basegame,257.1,759.8
8460,basegame,1.8,716.5
8461,basegame,5.8,5855.9
8462,basegame,49.0,3553.2
8463,basegame,1757.6,4.4
8464,basegame,187.4,21.3
8465,basegame,1.5,260.3
8466,basegame,14.4,395.7
8467,basegame,196.3,282.3
8468,basegame,192.6,24.6
8469,basegame,80.3,522.5
8470,basegame,4110.2,13.5
8471,basegame,6.0,500.6
8472,basegame,45.5,4432.9
8473,basegame,344.4,29.2
8474,basegame,0.2,890.2
8475,basegame,2.1,335.5
8476,basegame,1286.0,272.3
8477,basegame,583.2,22.1
8478,basegame,193.4,13.2
8479,basegame,4288.1,160.5
8480,basegame,402.2,43.8
8481,basegame,1044.5,33.3
8482,basegame,2840.3,13.8
8483,basegame,879.0,21.3
8484,basegame,135.0,3118.7
8485,basegame,202.8,4917.0
8486,basegame,33.7,8795.4
8487,basegame,756.3,272.3
8488,basegame,2322.3,716.1
8489,basegame,9.3,1021.8
8490,basegame,23.0,9910.9
8491,basegame,91.2,1849.7
8492,basegame,905.9,6.7
8493,basegame,1172.5,10.6
8494,basegame,196.0,25.8
8495,basegame,36.8,9304.5
8496,basegame,8330.8,24.1
8497,basegame,176.5,5237.3
8498,basegame,79.7,1268.0
8499,basegame,2835.8,32.4
8500,basegame,1899.4,48.1
8501,basegame,25.4,1002.7
8502,basegame,6.5,194.8
8503,basegame,1.5,7791.1
8504,basegame,0.0,209.3
8505,basegame,224.5,47.1
8506,basegame,317.9,4703.9
8507,basegame,3060.5,109.3
8508,basegame,454.0,50.4
8509,basegame,3753.6,1.5
8510,basegame,6503.6,35.6
8511,basegame,2.7,490.8
8512,basegame,14.5,484.8
8513,basegame,119.1,1399.2
8514,basegame,55.5,4265.3
8515,basegame,9000.7,39.2
8516,basegame,25.6,8462.2
8517,basegame,0.3,3802.7
8518,basegame,6.5,308.8
8519,basegame,889.8,347.3
8520,basegame,10.0,1261.6
8521,basegame,453.3,144.6
8522,basegame,37.8,3576.7
8523,basegame,18.0,1153.8
8524,basegame,4.7,3595.5
8525,basegame,63.5,622.2
8526,basegame,5157.9,283.2
8527,basegame,75.6,657.7
8528,basegame,0.0,3610.0
8529,basegame,329.9,135.4
8530,basegame,4394.3,144.5
8531,basegame,365.8,2399.8
8532,basegame,12.8,319.5
8533,basegame,12.5,8804.6
8534,basegame,34.9,372.3
8535,basegame,221.0,50.2
8536,basegame,697.0,49.5
8537,basegame,320.8,2353.4
8538,basegame,1135.0,1082.4
8539,basegame,0.2,327.8
8540,basegame,22.8,292.9
8541,basegame,32.5,5324.4
8542,basegame,5.0,8571.0
8543,basegame,1484.1,19.1
8544,basegame,17.1,272.3
8545,basegame,57.2,551.4
8546,basegame,16.1,244.9
8547,basegame,2849.6,31.2
8548,basegame,1.5,3757.0
8549,basegame,58.5,1163.6
8550,basegame,10.4,423.0
8551,basegame,138.4,451.6
8552,basegame,553.8,127.4
8553,basegame,18.0,880.7
8554,basegame,1.5,2337.2
8555,basegame,20.0,689.1
8556,basegame,282.3,17.5
8557,basegame,0.0,939.4
8558,basegame,50.1,2358.8
8559,basegame,3043.8,26.1
8560,basegame,6839.7,129.4
8561,basegame,94.3,524.5
8562,basegame,0.0,1554.5
8563,basegame,254.0,797.8
8564,basegame,6.2,3910.5
8565,basegame,136.3,219.4
8566,basegame,887.0,56.3
8567,basegame,876.1,62.5
8568,basegame,155.3,78.9
8569,basegame,525.6,191.8
8570,basegame,586.0,7.4
8571,basegame,201.0,94.3
8572,basegame,1908.5,1089.7
8573,basegame,290.1,10.5
8574,basegame,107.9,109.2
8575,basegame,0.9,201.1
8576,basegame,253.7,10.8
8577,basegame,12.8,8300.8
8578,basegame,9.7,9016.2
8579,basegame,269.2,1514.9
8580,basegame,28.8,6087.8
8581,basegame,10.1,2491.3
8582,basegame,2.2,296.0
8583,basegame,1660.7,4.8
8584,basegame,2925.1,3.4
8585,basegame,13.1,330.9
8586,basegame,0.3,1374.7
8587,basegame,763.4,978.6
8588,basegame,633.7,1182.2
8589,basegame,1.2,2940.9
8590,basegame,2083.4,5.8
8591,basegame,6.3,1683.1
8592,basegame,3.2,2234.8
8593,basegame,1.5,1491.9
8594,basegame,14.8,1067.7
8595,basegame,127.5,568.4
8596,basegame,140.0,181.5
8597,basegame,945.5,1576.1
8598,basegame,12.4,198.7
8599,basegame,8413.3,48.8
8600,basegame,549.2,1047.1
8601,basegame,1337.8,349.9
8602,basegame,1.0,3194.1
8603,basegame,31.6,562.1
8604,basegame,20.3,1514.8
8605,basegame,7548.7,531.6
8606,basegame,12.1,322.4
8607,basegame,37.9,9933.9
8608,basegame,23.8,2093.6
8609,basegame,10.0,621.3
8610,basegame,269.6,37.9
8611,basegame,4.7,660.2
8612,basegame,4.7,1311.4
8613,basegame,39.8,1406.6
8614,basegame,49.6,314.9
8615,basegame,6.1,6682.6
8616,basegame,6.5,358.5
8617,basegame,210.8,2860.6
8618,basegame,9722.4,4.1
8619,basegame,1453.3,25.7
8620,basegame,2399.9,5.8
8621,basegame,0.0,9907.6
8622,basegame,8.3,6891.6
8623,basegame,3.6,727.2
8624,basegame,9524.2,38.0
8625,basegame,610.2,37.0
8626,basegame,1300.2,5021.7
8627,basegame,993.4,96.5
8628,basegame,3734.3,2032.7
8629,basegame,1.7,3572.7
8630,basegame,1.6,1437.7
8631,basegame,4937.4,42.2
8632,basegame,274.0,37.8
8633,basegame,5.5,562.0
8634,basegame,6521.4,27.6
8635,basegame,34.0,2312.9
8636,basegame,9.7,1129.1
8637,basegame,0.3,9960.4
8638,basegame,1830.2,3.9
8639,basegame,332.5,108.7
8640,basegame,492.4,22.8
8641,basegame,2420.6,412.1
8642,basegame,2.2,433.8
8643,basegame,26.1,800.3
8644,basegame,1.1,2898.3
8645,basegame,3410.1,17.8
8646,basegame,237.8,63.8
8647,basegame,452.1,43.9
8648,basegame,325.9,54.2
8649,basegame,6.0,4497.8
8650,basegame,297.4,36.8
8651,basegame,562.0,21.3
8652,basegame,0.0,329.9
8653,basegame,87.4,9111.5
8654,basegame,432.9,47.5
8655,basegame,626.3,35.1
8656,basegame,5.1,1564.8
8657,basegame,0.0,6374.2
8658,basegame,273.2,3.1
8659,basegame,5.6,3903.8
8660,basegame,0.6,2813.8
8661,basegame,2510.5,261.9
8662,basegame,647.2,29.1
8663,basegame,2102.8,2614.7
8664,basegame,20.0,308.3
8665,basegame,12.1,251.3
8666,basegame,2.0,847.9
8667,basegame,33.8,671.0
8668,basegame,148.9,1161.3
8669,basegame,196.5,140.3
8670,basegame,82.0,764.2
8671,basegame,418.0,12.3
8672,basegame,40.6,834.8
8673,basegame,10.0,9944.8
8674,basegame,17.0,378.0
8675,basegame,24.9,4117.6
8676,basegame,5.1,327.7
8677,basegame,237.9,10.6
8678,basegame,807.0,127.9
8679,basegame,16.7,190.2
8680,basegame,646.8,37.2
8681,basegame,12.0,330.5
8682,basegame,1330.1,2.9
8683,basegame,566.2,46.9
8684,basegame,113.5,168.5
8685,basegame,48.9,960.8
8686,basegame,10.8,213.7
8687,basegame,6.0,340.0
8688,basegame,34.2,366.3
8689,basegame,896.4,45.8
8690,basegame,463.8,2.2
8691,basegame,219.2,125.5
8692,basegame,50.1,279.1
8693,basegame,632.9,84.0
8694,basegame,103.7,409.9
8695,basegame,5.2,4795.7
8696,basegame,3.9,4006.6
8697,basegame,160.0,3910.6
8698,basegame,0.1,583.7
8699,basegame,547.5,106.8
8700,basegame,19.4,590.2
8701,basegame,253.7,5.7
8702,basegame,4.1,787.5
8703,basegame,225.0,7.8
8704,basegame,23.0,280.5
8705,basegame,214.9,26.5
8706,basegame,6.5,229.7
8707,basegame,10.0,737.5
8708,basegame,143.3,771.0
8709,basegame,257.0,16.1
8710,basegame,210.8,669.2
8711,basegame,10.8,324.9
8712,basegame,75.8,433.6
8713,basegame,2515.7,24.3
8714,basegame,1300.1,33.2
8715,basegame,909.5,159.6
8716,basegame,1.0,736.1
8717,basegame,121.4,154.1
8718,basegame,137.1,78.9
8719,basegame,229.1,214.8
8720,basegame,61.4,566.9
8721,basegame,87.1,4076.4
8722,basegame,4082.0,1.9
8723,basegame,158.0,105.2
8724,basegame,2388.2,6.2
8725,basegame,9.8,2014.0
8726,basegame,33.6,495.6
8727,basegame,488.3,8.6
8728,basegame,69.8,160.5
8729,basegame,976.4,35.9
8730,basegame,319.0,12.2
8731,basegame,153.7,311.2
8732,basegame,1.0,425.5
8733,basegame,42.2,4441.1
8734,basegame,0.0,237.2
8735,basegame,362.6,25.2
8736,basegame,233.8,25.6
8737,basegame,22.4,210.1
8738,basegame,23.5,319.4
8739,basegame,45.6,289.8
8740,basegame,0.4,201.8
8741,basegame,22.5,253.3
8742,basegame,180.2,46.3
8743,basegame,742.3,45.6
8744,basegame,340.0,25.0
8745,basegame,35.5,887.9
8746,basegame,26.2,250.6
8747,basegame,5.1,306.7
8748,basegame,0.2,246.1
8749,basegame,162.7,47.0
8750,basegame,4303.3,17.4
8751,basegame,34.1,2054.6
8752,basegame,587.0,3474.4
8753,basegame,901.6,3.7
8754,basegame,3178.4,51.0
8755,basegame,55.0,2727.3
8756,basegame,10.0,2579.6
8757,basegame,6.9,303.5
8758,basegame,392.3,798.8
8759,basegame,188.4,250.0
8760,basegame,554.7,601.1
8761,basegame,3.8,1708.5
8762,basegame,2524.5,44.6
8763,basegame,5.9,865.9
8764,basegame,3174.9,923.4
8765,basegame,421.8,128.4
8766,basegame,436.7,9.2
8767,basegame,401.1,73.5
8768,basegame,4.0,3347.0
8769,basegame,11.9,2368.0
8770,basegame,269.7,3.8
8771,basegame,9.7,3209.0
8772,basegame,20.5,4029.6
8773,basegame,0.3,1064.8
8774,basegame,52.8,176.9
8775,basegame,422.1,12.9
8776,basegame,31.7,286.3
8777,basegame,244.8,5.6
8778,basegame,1.2,436.3
8779,basegame,126.3,124.2
8780,basegame,2557.2,192.8
8781,basegame,548.1,3740.4
8782,basegame,1366.2,9.4
8783,basegame,176.6,1033.0
8784,basegame,5.2,696.5
8785,basegame,218.6,47.9
8786,basegame,0.0,1442.8
8787,basegame,2.5,3659.6
8788,basegame,29.3,187.1
8789,basegame,131.7,146.7
8790,basegame,16.1,1217.9
8791,basegame,19.0,938.3
8792,basegame,24.9,968.5
8793,basegame,249.0,2.7
8794,basegame,841.5,38.0
8795,basegame,39.6,2060.8
8796,basegame,32.4,600.5
8797,basegame,272.9,8.6
8798,basegame,157.3,174.0
8799,basegame,386.5,17.7
8800,basegame,148.8,618.7
8801,basegame,25.8,1266.6
8802,basegame,0.9,202.8
8803,basegame,0.2,1039.5
8804,basegame,45.8,441.4
8805,basegame,85.4,3152.1
8806,basegame,25.6,1110.5
8807,basegame,1387.9,4.8
8808,basegame,304.6,3489.8
8809,basegame,181.6,575.2
8810,basegame,1194.2,6.8
8811,basegame,44.1,2361.4
8812,basegame,310.3,6.8
8813,basegame,0.6,511.0
8814,basegame,1112.9,9.3
8815,basegame,244.4,30.0
8816,basegame,52.3,788.4
8817,basegame,23.1,919.8
8818,basegame,94.1,2107.8
8819,basegame,3353.3,43.4
8820,basegame,9.1,624.1
8821,basegame,919.6,15.3
8822,basegame,852.9,26.4
8823,basegame,378.0,16.5
8824,basegame,6.5,1357.2
8825,basegame,679.7,48.9
8826,basegame,1061.8,124.2
8827,basegame,12.5,563.1
8828,basegame,188.9,15.0
8829,basegame,2472.5,15.4
8830,basegame,240.8,1001.7
8831,basegame,3331.4,4.8
8832,basegame,267.0,11.9
8833,basegame,1398.5,10.7
8834,basegame,0.0,226.4
8835,basegame,216.7,12.1
8836,basegame,20.2,1215.3
8837,basegame,5.0,695.3
8838,basegame,7.0,390.7
8839,basegame,522.3,15.6
8840,basegame,48.5,1680.3
8841,basegame,150.5,4111.7
8842,basegame,0.0,240.9
8843,basegame,70.7,580.2
8844,basegame,170.9,32.0
8845,basegame,2627.3,29.0
8846,basegame,487.6,23.1
8847,basegame,0.2,1210.2
8848,basegame,634.6,95.3
8849,basegame,28.4,2519.8
8850,basegame,655.0,34.1
8851,basegame,11.0,496.7
8852,basegame,2403.5,54.7
8853,basegame,39.7,1544.3
8854,basegame,9.1,990.6
8855,basegame,873.1,166.1
8856,basegame,260.4,6.8
8857,basegame,84.2,2508.9
8858,basegame,36.2,4377.0
8859,basegame,5.0,3893.2
8860,basegame,10.0,237.2
8861,basegame,36.0,300.7
8862,basegame,4.5,340.5
8863,basegame,5.0,316.7
8864,basegame,50.7,305.7
8865,basegame,213.0,29.7
8866,basegame,696.1,73.6
8867,basegame,62.8,221.4
8868,basegame,11.8,294.6
8869,basegame,6.9,4887.7
8870,basegame,0.1,3931.4
8871,basegame,5.5,218.5
8872,basegame,14.1,1429.2
8873,basegame,97.4,219.8
8874,basegame,154.3,53.7
8875,basegame,98.6,1794.7
8876,basegame,141.7,2228.2
8877,basegame,23.1,376.7
8878,basegame,0.0,293.9
8879,basegame,1377.3,26.7
8880,basegame,555.6,125.8
8881,basegame,3669.5,360.1
8882,basegame,586.8,11.5
8883,basegame,15.0,3635.3
8884,basegame,31.7,1845.4
8885,basegame,2.5,847.2
8886,basegame,1.0,508.4
8887,basegame,212.9,70.3
8888,basegame,469.7,515.6
8889,basegame,87.5,419.8
8890,basegame,3180.2,4.8
8891,basegame,578.6,32.8
8892,basegame,39.2,1665.5
8893,basegame,1112.5,2901.6
8894,basegame,11.0,841.8
8895,basegame,1.2,939.7
8896,basegame,484.7,1839.9
8897,basegame,7.8,276.0
8898,basegame,27.4,723.6
8899,basegame,119.6,443.8
8900,basegame,205.9,11.4
8901,basegame,14.5,186.9
8902,basegame,2268.0,15.9
8903,basegame,50.2,939.3
8904,basegame,435.3,3892.8
8905,basegame,64.7,1885.5
8906,basegame,290.0,115.4
8907,basegame,432.9,111.6
8908,basegame,36.8,1215.8
8909,basegame,24.7,1003.6
8910,basegame,109.9,327.0
8911,basegame,3916.9,37.9
8912,basegame,15.5,366.0
8913,basegame,1735.4,254.1
8914,basegame,13.4,3369.0
8915,basegame,39.8,596.8
8916,basegame,0.0,1993.6
8917,basegame,1881.3,1305.6
8918,basegame,1755.5,12.0
8919,basegame,5.3,1353.0
8920,basegame,3.7,405.8
8921,basegame,147.0,319.3
8922,basegame,360.6,9.2
8923,basegame,231.6,2.7
8924,basegame,22.9,386.0
8925,basegame,381.2,25.6
8926,basegame,23.5,279.4
8927,basegame,7.5,631.3
8928,basegame,205.8,21.3
8929,basegame,3.2,2210.4
8930,basegame,136.8,3620.2
8931,basegame,823.0,15.4
8932,basegame,3.0,1720.0
8933,basegame,5.0,2181.8
8934,basegame,405.2,4.4
8935,basegame,0.0,3909.1
8936,basegame,384.8,3162.1
8937,basegame,733.5,4.4
8938,basegame,20.0,2336.1
8939,basegame,25.0,816.4
8940,basegame,4078.2,41.2
8941,basegame,70.1,3588.2
8942,basegame,0.0,2759.8
8943,basegame,195.8,79.4
8944,basegame,81.7,1923.3
8945,basegame,500.3,14.5
8946,basegame,2.6,2029.0
8947,basegame,20.8,293.3
8948,basegame,14.5,679.7
8949,basegame,473.7,265.8
8950,basegame,1116.7,21.5
8951,basegame,1050.3,9.9
8952,basegame,73.1,302.7
8953,basegame,16.7,436.8
8954,basegame,593.1,94.9
8955,basegame,64.3,872.7
8956,basegame,444.1,13.8
8957,basegame,414.1,21.0
8958,basegame,1692.4,33.9
8959,basegame,1889.2,87.6
8960,basegame,16.8,720.7
8961,basegame,48.4,611.0
8962,basegame,220.0,24.5
8963,basegame,36.4,1074.6
8964,basegame,0.0,919.3
8965,basegame,333.4,7.3
8966,basegame,938.8,481.3
8967,basegame,1200.7,27.6
8968,basegame,5.0,366.1
8969,basegame,0.0,246.2
8970,basegame,277.5,60.7
8971,basegame,226.4,26.3
8972,basegame,310.0,847.5
8973,basegame,40.5,379.5
8974,basegame,43.0,1154.7
8975,basegame,1546.5,323.7
8976,basegame,0.0,766.0
8977,basegame,83.6,1286.6
8978,basegame,709.0,2.9
8979,basegame,741.8,33.6
8980,basegame,877.2,7.2
8981,basegame,52.6,408.6
8982,basegame,185.3,131.8
8983,basegame,716.6,16.9
8984,basegame,10.9,1084.0
8985,basegame,0.4,536.3
8986,basegame,388.6,3.1
8987,basegame,65.2,335.1
8988,basegame,5.1,386.6
8989,basegame,451.7,29.8
8990,basegame,258.7,41.5
8991,basegame,12.2,308.6
8992,basegame,203.5,63.9
8993,basegame,182.7,63.3
8994,basegame,257.3,19.0
8995,basegame,11.8,1592.1
8996,basegame,1086.8,23.9
8997,basegame,5.0,339.3
8998,basegame,806.0,38.2
8999,basegame,191.6,24.8
9000,basegame,0.0,795.7
9001,basegame,82.1,470.1
9002,basegame,31.5,9132.9
9003,basegame,1.8,8191.0
9004,basegame,0.4,829.1
9005,basegame,1261.7,313.6
9006,basegame,46.1,2275.8
9007,basegame,323.9,43.5
9008,basegame,15.0,329.5
9009,basegame,15.1,5444.4
9010,basegame,10000.0,0.0
9011,basegame,117.0,6403.2
9012,basegame,501.2,6.1
9013,basegame,0.0,211.0
9014,basegame,0.2,441.7
9015,basegame,3.3,304.7
9016,basegame,116.9,10000.0
9017,basegame,2428.8,1.2
9018,basegame,675.2,22.4
9019,basegame,1.9,4977.1
9020,basegame,5.0,10000.0
9021,basegame,283.3,12.4
9022,basegame,228.5,38.0
9023,basegame,0.0,5942.1
9024,basegame,10000.0,0.0
9025,basegame,7046.2,431.8
9026,basegame,28.2,196.7
9027,basegame,1.0,1145.8
9028,basegame,26.0,267.0
9029,basegame,16.0,8700.8
9030,basegame,18.8,3535.6
9031,basegame,0.0,463.5
9032,basegame,6.4,1390.5
9033,basegame,11.6,4559.5
9034,basegame,1.0,892.7
9035,basegame,566.8,10000.0
9036,basegame,393.4,16.6
9037,basegame,6.0,4658.9
9038,basegame,193.3,166.4
9039,basegame,1587.2,253.4
9040,basegame,538.2,14.4
9041,basegame,227.4,1542.1
9042,basegame,0.3,9577.2
9043,basegame,208.6,361.3
9044,basegame,196.6,7.9
9045,basegame,0.0,733.3
9046,basegame,369.8,23.3
9047,basegame,9258.9,69.2
9048,basegame,1.3,3164.0
9049,basegame,2453.1,15.7
9050,basegame,806.0,5873.9
9051,basegame,1495.4,179.8
9052,basegame,40.0,283.0
9053,basegame,1039.5,12.2
9054,basegame,53.5,1139.9
9055,basegame,30.0,191.2
9056,basegame,3.4,344.8
9057,basegame,1069.4,92.3
9058,basegame,6285.2,8.4
9059,basegame,50.5,6321.0
9060,basegame,9.9,1476.1
9061,basegame,105.0,794.3
9062,basegame,533.5,190.5
9063,basegame,44.3,288.7
9064,basegame,72.0,1090.1
9065,basegame,4.0,483.9
9066,basegame,12.1,325.6
9067,basegame,0.0,236.9
9068,basegame,0.2,5132.2
9069,basegame,6674.8,39.9
9070,basegame,34.5,1324.0
9071,basegame,272.3,8013.0
9072,basegame,0.2,1709.3
9073,basegame,0.0,7435.6
9074,basegame,1769.1,13.5
9075,basegame,2.0,3373.2
9076,basegame,336.4,17.0
9077,basegame,73.2,4113.4
9078,basegame,191.2,15.6
9079,basegame,3181.1,1370.8
9080,basegame,0.0,384.2
9081,basegame,297.7,98.0
9082,basegame,601.7,217.3
9083,basegame,2.7,843.1
9084,basegame,20.3,298.6
9085,basegame,2.0,7134.4
9086,basegame,10.1,1660.3
9087,basegame,11.2,8155.5
9088,basegame,10.0,3481.7
9089,basegame,10.5,1244.7
9090,basegame,0.0,6283.5
9091,basegame,795.3,46.9
9092,basegame,2166.2,14.1
9093,basegame,155.3,51.5
9094,basegame,20.2,233.0
9095,basegame,4.0,586.5
9096,basegame,2.9,283.7
9097,basegame,140.1,2875.7
9098,basegame,1.7,200.7
9099,basegame,40.9,243.2
9100,basegame,23.2,201.4
9101,basegame,11.2,1404.1
9102,basegame,245.3,75.9
9103,basegame,268.1,24.0
9104,basegame,505.0,211.0
9105,basegame,9.7,251.4
9106,basegame,10.8,212.2
9107,basegame,0.0,272.7
9108,basegame,23.1,467.2
9109,basegame,0.0,938.9
9110,basegame,710.5,10.2
9111,basegame,1520.1,44.5
9112,basegame,404.2,864.0
9113,basegame,114.1,341.8
9114,basegame,16.7,809.3
9115,basegame,150.2,1277.4
9116,basegame,5.5,3117.9
9117,basegame,584.8,19.5
9118,basegame,10.0,667.8
9119,basegame,13.1,343.7
9120,basegame,405.4,232.0
9121,basegame,142.9,157.7
9122,basegame,1354.2,859.6
9123,basegame,3.5,794.4
9124,basegame,265.5,27.4
9125,basegame,311.9,44.5
9126,basegame,1217.9,9.7
9127,basegame,20.0,205.4
9128,basegame,5.9,3183.6
9129,basegame,0.0,1063.6
9130,basegame,431.8,3.2
9131,basegame,43.3,192.4
9132,basegame,16.7,243.2
9133,basegame,15.7,7466.8
9134,basegame,10.4,540.6
9135,basegame,101.5,145.1
9136,basegame,280.4,41.1
9137,basegame,216.7,307.0
9138,basegame,22.0,2705.3
9139,basegame,7451.8,16.1
9140,basegame,76.5,856.2
9141,basegame,17.8,251.5
9142,basegame,7316.3,2258.8
9143,basegame,935.8,80.6
9144,basegame,0.2,834.4
9145,basegame,504.9,1379.4
9146,basegame,423.9,7937.0
9147,basegame,1108.2,10.9
9148,basegame,0.0,2453.1
9149,basegame,269.9,5274.8
9150,basegame,387.3,6.6
9151,basegame,79.1,1904.6
9152,basegame,19.0,2461.6
9153,basegame,31.6,312.1
9154,basegame,205.7,7.3
9155,basegame,1.0,2268.4
9156,basegame,277.3,0.8
9157,basegame,452.4,24.7
9158,basegame,65.5,484.7
9159,basegame,307.1,139.0
9160,basegame,2053.8,203.7
9161,basegame,1126.2,8.2
9162,basegame,306.2,1269.6
9163,basegame,657.3,52.3
9164,basegame,862.0,9.5
9165,basegame,224.3,6.9
9166,basegame,0.5,206.3
9167,basegame,5.1,615.0
9168,basegame,1025.1,711.2
9169,basegame,1140.6,19.0
9170,basegame,27.5,4260.5
9171,basegame,431.3,7.1
9172,basegame,1833.9,49.9
9173,basegame,194.8,13.4
9174,basegame,77.1,1589.5
9175,basegame,0.0,4849.8
9176,basegame,247.3,0.0
9177,basegame,147.4,2237.7
9178,basegame,47.1,220.5
9179,basegame,2.3,5395.3
9180,basegame,0.1,5225.1
9181,basegame,54.4,2005.4
9182,basegame,0.4,416.8
9183,basegame,486.2,13.4
9184,basegame,15.9,5259.9
9185,basegame,294.5,25.6
9186,basegame,280.6,56.5
9187,basegame,870.4,62.6
9188,basegame,3777.8,18.9
9189,basegame,0.4,322.6
9190,basegame,176.8,841.3
9191,basegame,801.2,15.6
9192,basegame,6378.5,8.7
9193,basegame,746.4,42.6
9194,basegame,3.6,666.9
9195,basegame,2741.4,20.9
9196,basegame,3524.6,49.2
9197,basegame,44.1,260.2
9198,basegame,1545.6,7252.7
9199,basegame,1152.6,15.6
9200,basegame,38.4,4451.5
9201,basegame,637.5,389.3
9202,basegame,4675.3,19.2
9203,basegame,87.1,432.6
9204,basegame,2426.7,674.2
9205,basegame,0.6,211.6
9206,basegame,2553.6,63.3
9207,basegame,31.0,431.6
9208,basegame,1084.4,265.4
9209,basegame,96.8,232.3
9210,basegame,35.7,7706.3
9211,basegame,5.3,5886.9
9212,basegame,721.1,9.8
9213,basegame,274.1,3493.5
9214,basegame,610.7,24.9
9215,basegame,12.1,2855.0
9216,basegame,1487.2,10.7
9217,basegame,7197.4,29.0
9218,basegame,3817.1,24.6
9219,basegame,127.7,78.5
9220,basegame,199.3,795.6
9221,basegame,56.9,802.9
9222,basegame,48.7,165.4
9223,basegame,3133.9,11.3
9224,basegame,156.0,638.7
9225,basegame,155.2,282.3
9226,basegame,1178.9,778.3
9227,basegame,48.5,182.7
9228,basegame,259.9,5367.1
9229,basegame,42.9,2136.6
9230,basegame,46.5,1242.2
9231,basegame,6.7,869.2
9232,basegame,216.3,6.8
9233,basegame,318.0,14.9
9234,basegame,47.6,2829.8
9235,basegame,1092.5,101.0
9236,basegame,3305.5,16.6
9237,basegame,18.6,1267.8
9238,basegame,1.3,315.6
9239,basegame,10.3,1549.5
9240,basegame,2381.4,13.2
9241,basegame,20.0,542.6
9242,basegame,32.5,397.6
9243,basegame,94.7,463.6
9244,basegame,377.8,682.9
9245,basegame,132.6,327.7
9246,basegame,1.6,241.1
9247,basegame,416.3,1621.6
9248,basegame,2708.6,75.2
9249,basegame,593.5,15.5
9250,basegame,28.8,3486.8
9251,basegame,0.0,209.5
9252,basegame,1.1,750.9
9253,basegame,152.2,290.8
9254,basegame,17.5,1460.3
9255,basegame,0.0,511.5
9256,basegame,470.2,120.1
9257,basegame,1.0,780.4
9258,basegame,54.3,290.9
9259,basegame,5.0,1851.0
9260,basegame,2337.3,21.4
9261,basegame,655.2,562.4
9262,basegame,0.0,593.3
9263,basegame,360.6,4.0
9264,basegame,851.5,36.0
9265,basegame,0.2,1175.8
9266,basegame,150.3,193.8
9267,basegame,1285.1,436.0
9268,basegame,1740.1,5357.1
9269,basegame,3935.3,132.7
9270,basegame,1504.0,26.1
9271,basegame,917.8,28.3
9272,basegame,56.4,1719.0
9273,basegame,696.3,1037.3
9274,basegame,29.0,523.2
9275,basegame,562.8,129.5
9276,basegame,380.7,53.7
9277,basegame,212.7,131.6
9278,basegame,0.0,217.4
9279,basegame,143.0,247.4
9280,basegame,1295.6,70.5
9281,basegame,2.3,3964.3
9282,basegame,242.2,12.4
9283,basegame,8.6,589.8
9284,basegame,2643.0,1232.6
9285,basegame,470.0,10.0
9286,basegame,9.6,2295.8
9287,basegame,1230.7,1809.6
9288,basegame,47.7,410.8
9289,basegame,1216.4,205.4
9290,basegame,978.9,16.8
9291,basegame,176.2,56.2
9292,basegame,1180.0,93.8
9293,basegame,378.6,13.7
9294,basegame,370.5,93.9
9295,basegame,0.4,775.1
9296,basegame,1.0,1489.6
9297,basegame,226.2,92.9
9298,basegame,146.8,95.1
9299,basegame,1107.5,8.7
9300,basegame,0.0,9049.2
9301,basegame,2.8,702.2
9302,basegame,12.4,771.1
9303,basegame,442.0,163.3
9304,basegame,7.3,7378.5
9305,basegame,5.3,362.1
9306,basegame,1240.1,30.0
9307,basegame,502.2,5.9
9308,basegame,1.6,2329.1
9309,basegame,10.2,442.3
9310,basegame,41.5,624.1
9311,basegame,3446.9,555.7
9312,basegame,209.0,172.2
9313,basegame,818.3,95.2
9314,basegame,904.8,1363.4
9315,basegame,15.0,372.7
9316,basegame,10.9,2083.7
9317,basegame,69.5,5725.0
9318,basegame,1832.9,7.9
9319,basegame,5.8,226.2
9320,basegame,24.1,6827.4
9321,basegame,210.2,3027.4
9322,basegame,173.6,94.4
9323,basegame,265.7,735.6
9324,basegame,25.2,182.7
9325,basegame,1429.2,92.4
9326,basegame,2.4,247.0
9327,basegame,141.5,108.1
9328,basegame,318.1,49.2
9329,basegame,12.9,386.5
9330,basegame,454.0,48.9
9331,basegame,0.3,9972.6
9332,basegame,0.8,539.0
9333,basegame,3.8,7840.7
9334,basegame,240.2,145.5
9335,basegame,8723.8,26.0
9336,basegame,92.0,2556.8
9337,basegame,179.5,8884.1
9338,basegame,7.8,2178.3
9339,basegame,1.3,234.0
9340,basegame,46.5,386.3
9341,basegame,439.1,9.1
9342,basegame,10.2,495.1
9343,basegame,249.7,4351.7
9344,basegame,32.0,1691.7
9345,basegame,163.6,84.7
9346,basegame,7144.9,357.2
9347,basegame,0.0,687.2
9348,basegame,206.1,327.2
9349,basegame,2664.1,43.9
9350,basegame,1868.0,76.3
9351,basegame,221.9,1796.1
9352,basegame,2105.6,1663.3
9353,basegame,5475.6,107.9
9354,basegame,522.0,8.8
9355,basegame,5882.4,0.2
9356,basegame,815.1,143.7
9357,basegame,501.8,157.4
9358,basegame,4064.5,9.1
9359,basegame,5762.8,33.1
9360,basegame,1148.3,2.4
9361,basegame,5.0,5947.0
9362,basegame,45.7,1438.6
9363,basegame,0.0,1228.2
9364,basegame,0.0,413.0
9365,basegame,0.3,1155.7
9366,basegame,338.3,783.5
9367,basegame,0.0,7742.6
9368,basegame,4.2,4813.4
9369,basegame,4237.2,1933.1
9370,basegame,2960.8,15.5
9371,basegame,57.6,393.2
9372,basegame,41.3,480.1
9373,basegame,1884.5,169.2
9374,basegame,8618.6,61.6
9375,basegame,11.5,324.7
9376,basegame,4936.8,11.9
9377,basegame,70.8,4691.9
9378,basegame,214.5,12.1
9379,basegame,114.4,105.5
9380,basegame,5.8,550.0
9381,basegame,1407.1,0.4
9382,basegame,1283.1,14.1
9383,basegame,804.9,88.4
9384,basegame,178.2,4168.0
9385,basegame,20.1,285.9
9386,basegame,1.5,4111.2
9387,basegame,5483.5,16.0
9388,basegame,1562.8,149.7
9389,basegame,9.9,986.3
9390,basegame,2.7,995.4
9391,basegame,134.6,369.9
9392,basegame,2079.0,2301.2
9393,basegame,582.0,102.5
9394,basegame,5157.6,486.7
9395,basegame,22.7,4083.6
9396,basegame,0.0,978.5
9397,basegame,18.4,581.3
9398,basegame,331.9,1178.8
9399,basegame,336.4,15.7
9400,basegame,115.6,92.3
9401,basegame,22.5,245.0
9402,basegame,25.5,1994.9
9403,basegame,44.4,4907.6
9404,basegame,760.7,17.6
9405,basegame,1195.7,334.8
9406,basegame,1211.4,296.6
9407,basegame,110.7,198.0
9408,basegame,115.1,256.7
9409,basegame,93.9,179.6
9410,basegame,407.4,19.5
9411,basegame,16.5,683.8
9412,basegame,6677.7,25.2
9413,basegame,34.3,3118.3
9414,basegame,184.3,37.3
9415,basegame,2.0,1065.8
9416,basegame,531.1,101.5
9417,basegame,0.0,1236.6
9418,basegame,887.1,1065.9
9419,basegame,171.1,134.6
9420,basegame,1028.4,73.7
9421,basegame,2930.4,143.8
9422,basegame,13.2,234.1
9423,basegame,18.3,3593.1
9424,basegame,3190.0,56.7
9425,basegame,41.7,8065.0
9426,basegame,2.8,3678.3
9427,basegame,22.0,6844.7
9428,basegame,10.4,7880.3
9429,basegame,2359.1,7.6
9430,basegame,0.0,324.2
9431,basegame,289.7,74.8
9432,basegame,50.3,379.0
9433,basegame,46.0,156.3
9434,basegame,3.8,847.1
9435,basegame,1063.6,2651.0
9436,basegame,0.2,7334.6
9437,basegame,79.8,1843.1
9438,basegame,42.0,345.6
9439,basegame,925.8,6744.3
9440,basegame,3175.4,3.3
9441,basegame,1295.0,4345.3
9442,basegame,74.8,267.3
9443,basegame,36.0,961.5
9444,basegame,158.7,325.4
9445,basegame,192.6,8.6
9446,basegame,5453.3,423.8
9447,basegame,40.6,281.5
9448,basegame,27.6,1766.2
9449,basegame,385.7,4.6
9450,basegame,1272.6,23.3
9451,basegame,6686.1,2399.3
9452,basegame,2.4,207.5
9453,basegame,1491.9,0.4
9454,basegame,319.6,3.9
9455,basegame,2145.3,21.4
9456,basegame,201.1,813.8
9457,basegame,16.0,1579.8
9458,basegame,835.0,36.8
9459,basegame,41.2,170.9
9460,basegame,5.1,2671.3
9461,basegame,556.2,18.6
9462,basegame,169.6,39.5
9463,basegame,163.3,99.0
9464,basegame,5636.4,881.0
9465,basegame,1.0,772.4
9466,basegame,15.2,1356.7
9467,basegame,5.2,305.7
9468,basegame,84.1,8601.7
9469,basegame,48.6,1087.2
9470,basegame,4.9,458.3
9471,basegame,31.3,388.9
9472,basegame,349.8,227.7
9473,basegame,66.8,1585.7
9474,basegame,14.7,4337.2
9475,basegame,399.4,8.0
9476,basegame,96.1,512.9
9477,basegame,1607.5,1328.1
9478,basegame,510.3,146.7
9479,basegame,0.0,4186.4
9480,basegame,690.3,17.3
9481,basegame,971.5,1.0
9482,basegame,3.6,401.1
9483,basegame,62.2,9282.3
9484,basegame,0.1,5103.5
9485,basegame,385.1,20.6
9486,basegame,62.1,3341.6
9487,basegame,3.8,3002.3
9488,basegame,10.0,3043.2
9489,basegame,6.2,690.3
9490,basegame,15.3,355.9
9491,basegame,50.5,3037.8
9492,basegame,364.7,7.8
9493,basegame,16.7,9122.8
9494,basegame,1689.1,1162.6
9495,basegame,247.4,13.4
9496,basegame,2497.3,5301.3
9497,basegame,17.3,931.3
9498,basegame,285.0,5188.0
9499,basegame,59.7,246.0
9500,basegame,3879.1,2981.8
9501,basegame,207.7,521.6
9502,basegame,12.3,4971.9
9503,basegame,15.3,2255.8
9504,basegame,211.6,2099.1
9505,basegame,338.4,84.6
9506,basegame,15.1,4310.7
9507,basegame,15.3,6127.2
9508,basegame,85.6,1129.1
9509,basegame,497.1,27.8
9510,basegame,178.1,4830.3
9511,basegame,3.1,4543.8
9512,basegame,4462.0,3428.9
9513,basegame,25.2,3937.0
9514,basegame,293.5,29.1
9515,basegame,19.8,593.0
9516,basegame,181.2,4418.8
9517,basegame,258.1,85.5
9518,basegame,339.1,22.3
9519,basegame,8598.7,38.0
9520,basegame,11.9,5305.8
9521,basegame,0.0,1716.1
9522,basegame,3.1,1335.5
9523,basegame,8.0,1131.1
9524,basegame,135.1,6232.3
9525,basegame,4170.4,13.7
9526,basegame,0.0,4311.6
9527,basegame,6.0,814.0
9528,basegame,75.7,709.5
9529,basegame,432.1,85.3
9530,basegame,395.1,393.7
9531,basegame,555.1,1515.9
9532,basegame,187.1,18.1
9533,basegame,275.9,27.1
9534,basegame,2139.1,989.1
9535,basegame,4.1,4214.9
9536,basegame,53.0,2463.2
9537,basegame,123.9,1025.2
9538,basegame,158.2,76.9
9539,basegame,22.2,2554.6
9540,basegame,356.5,20.0
9541,basegame,926.6,16.2
9542,basegame,3376.4,9.6
9543,basegame,1.0,4545.8
9544,basegame,320.7,754.4
9545,basegame,41.4,263.8
9546,basegame,5827.7,66.6
9547,basegame,5.3,2289.6
9548,basegame,386.1,4.3
9549,basegame,275.8,22.2
9550,basegame,6.0,280.2
9551,basegame,3260.7,41.2
9552,basegame,40.6,519.8
9553,basegame,54.8,483.6
9554,basegame,7.0,577.9
9555,basegame,1349.8,6.0
9556,basegame,110.9,500.7
9557,basegame,5.8,268.9
9558,basegame,1091.8,546.8
9559,basegame,158.6,8859.9
9560,basegame,24.7,4530.0
9561,basegame,14.3,4628.6
9562,basegame,4086.5,366.6
9563,basegame,44.5,1655.4
9564,basegame,98.1,3418.5
9565,basegame,206.3,330.8
9566,basegame,0.1,1031.1
9567,basegame,10.0,6769.7
9568,basegame,8.9,2031.2
9569,basegame,4.5,357.6
9570,basegame,1939.1,7.9
9571,basegame,643.8,8732.4
9572,basegame,2092.9,3328.6
9573,basegame,115.0,351.9
9574,basegame,0.0,749.2
9575,basegame,408.4,21.2
9576,basegame,7.3,9754.7
9577,basegame,180.2,22.0
9578,basegame,408.5,601.8
9579,basegame,26.5,982.9
9580,basegame,201.3,36.2
9581,basegame,2236.9,1355.9
9582,basegame,511.7,809.9
9583,basegame,18.5,562.0
9584,basegame,312.2,149.8
9585,basegame,718.4,28.0
9586,basegame,1016.3,216.3
9587,basegame,10.0,8119.6
9588,basegame,1.4,3849.6
9589,basegame,25.6,7668.1
9590,basegame,100.6,476.8
9591,basegame,404.4,1165.6
9592,basegame,932.1,27.2
9593,basegame,1.3,254.2
9594,basegame,430.4,22.7
9595,basegame,13.0,323.1
9596,basegame,102.9,200.0
9597,basegame,128.1,119.4
9598,basegame,12.2,700.8
9599,basegame,359.0,34.3
9600,basegame,2853.0,67.2
9601,basegame,282.2,8.1
9602,basegame,5640.9,165.7
9603,basegame,2119.2,1.5
9604,basegame,432.2,2.3
9605,basegame,450.7,6.5
9606,basegame,1027.9,669.2
9607,basegame,16.0,1906.9
9608,basegame,29.0,257.6
9609,basegame,2292.5,6.8
9610,basegame,5.4,523.4
9611,basegame,3.8,366.3
9612,basegame,82.1,782.6
9613,basegame,4.7,2911.2
9614,basegame,207.4,39.7
9615,basegame,476.0,13.5
9616,basegame,288.8,28.6
9617,basegame,1803.0,3.7
9618,basegame,2.0,4867.5
9619,basegame,0.0,2893.3
9620,basegame,4105.0,55.7
9621,basegame,16.2,5187.7
9622,basegame,582.0,2.3
9623,basegame,35.1,1338.9
9624,basegame,0.0,863.9
9625,basegame,9.1,5600.5
9626,basegame,0.0,919.4
9627,basegame,6.7,859.0
9628,basegame,4.4,552.8
9629,basegame,840.5,5.6
9630,basegame,514.9,4.2
9631,basegame,0.6,5966.1
9632,basegame,26.1,4256.9
9633,basegame,0.3,1781.6
9634,basegame,1475.1,6921.3
9635,basegame,4280.1,363.8
9636,basegame,13.8,1156.4
9637,basegame,103.8,97.1
9638,basegame,133.7,6533.6
9639,basegame,569.6,22.9
9640,basegame,671.2,24.0
9641,basegame,11.4,665.7
9642,basegame,184.6,137.7
9643,basegame,1.7,7134.3
9644,basegame,254.4,18.2
9645,basegame,25.0,208.3
9646,basegame,454.8,149.9
9647,basegame,163.1,8469.0
9648,basegame,2112.2,4.2
9649,basegame,1.2,745.5
9650,basegame,219.9,13.1
9651,basegame,94.3,2762.6
9652,basegame,39.1,2950.4
9653,basegame,15.0,212.6
9654,basegame,390.3,133.2
9655,basegame,384.5,13.0
9656,basegame,0.2,331.1
9657,basegame,2847.6,2022.3
9658,basegame,2.7,2870.2
9659,basegame,2351.7,24.3
9660,basegame,17.8,4606.2
9661,basegame,1117.2,162.4
9662,basegame,210.0,9472.4
9663,basegame,557.5,31.4
9664,basegame,3400.9,541.9
9665,basegame,0.1,1464.2
9666,basegame,393.5,4246.6
9667,basegame,1813.0,34.8
9668,basegame,22.0,446.5
9669,basegame,10.0,9586.6
9670,basegame,3001.2,600.7
9671,basegame,10.3,2202.8
9672,basegame,2.1,1988.0
9673,basegame,200.8,19.7
9674,basegame,0.3,451.5
9675,basegame,787.9,14.7
9676,basegame,1464.1,7.4
9677,basegame,478.5,6870.5
9678,basegame,5273.1,216.4
9679,basegame,10.0,703.9
9680,basegame,7047.2,60.7
9681,basegame,343.3,6.6
9682,basegame,204.4,26.5
9683,basegame,177.8,22.2
9684,basegame,60.5,400.6
9685,basegame,180.6,4900.4
9686,basegame,81.9,158.4
9687,basegame,0.3,5075.9
9688,basegame,4.0,298.4
9689,basegame,147.3,3286.1
9690,basegame,15.0,532.3
9691,basegame,0.2,503.1
9692,basegame,19.5,1552.5
9693,basegame,99.7,144.4
9694,basegame,320.4,24.8
9695,basegame,6.0,785.4
9696,basegame,9608.2,142.9
9697,basegame,0.3,1111.2
9698,basegame,27.0,260.9
9699,basegame,772.7,544.4
9700,basegame,186.0,15.1
9701,basegame,21.8,1386.2
9702,basegame,422.6,26.5
9703,basegame,7606.8,8.8
9704,basegame,3.3,1037.3
9705,basegame,7.8,325.0
9706,basegame,2171.1,13.9
9707,basegame,887.4,132.5
9708,basegame,222.6,55.3
9709,basegame,20.4,243.5
9710,basegame,215.2,4639.8
9711,basegame,60.0,241.0
9712,basegame,13.9,270.8
9713,basegame,43.5,908.7
9714,basegame,4179.1,522.5
9715,basegame,51.0,276.3
9716,basegame,1078.0,11.3
9717,basegame,955.0,217.9
9718,basegame,0.2,1546.7
9719,basegame,0.0,586.0
9720,basegame,0.0,341.2
9721,basegame,733.1,26.5
9722,basegame,522.2,854.8
9723,basegame,2869.0,32.5
9724,basegame,1.1,4221.9
9725,basegame,0.7,353.5
9726,basegame,1383.4,34.9
9727,basegame,0.0,3329.0
9728,basegame,2.9,586.5
9729,basegame,1611.5,21.8
9730,basegame,6.0,4514.3
9731,basegame,3.0,254.4
9732,basegame,245.7,164.5
9733,basegame,2208.8,50.7
9734,basegame,50.6,1248.0
9735,basegame,310.0,76.4
9736,basegame,10.0,1139.6
9737,basegame,194.0,23.8
9738,basegame,306.5,5.9
9739,basegame,0.1,3135.6
9740,basegame,411.2,1.2
9741,basegame,450.7,82.2
9742,basegame,54.1,332.4
9743,basegame,0.1,1339.9
9744,basegame,14.2,407.2
9745,basegame,0.0,4218.6
9746,basegame,1.4,479.0
9747,basegame,72.3,3865.5
9748,basegame,37.0,266.7
9749,basegame,3.7,307.3
9750,basegame,40.9,234.1
9751,basegame,1503.7,25.1
9752,basegame,598.3,58.7
9753,basegame,4745.4,136.9
9754,basegame,68.0,617.5
9755,basegame,20.2,522.9
9756,basegame,75.2,3046.8
9757,basegame,1602.1,6.8
9758,basegame,11.2,1286.3
9759,basegame,20.6,250.1
9760,basegame,400.2,6.6
9761,basegame,361.3,644.7
9762,basegame,266.7,4393.7
9763,basegame,915.6,14.4
9764,basegame,452.4,1288.6
9765,basegame,2332.4,49.1
9766,basegame,210.3,238.3
9767,basegame,18.5,402.4
9768,basegame,200.8,1538.6
9769,basegame,774.9,11.4
9770,basegame,957.5,15.6
9771,basegame,1128.7,737.2
9772,basegame,85.1,515.3
9773,basegame,185.0,671.7
9774,basegame,252.6,0.8
9775,basegame,11.3,1202.7
9776,basegame,89.0,402.3
9777,basegame,26.4,183.7
9778,basegame,121.2,520.8
9779,basegame,955.0,0.9
9780,basegame,15.5,467.7
9781,basegame,39.9,590.0
9782,basegame,4330.2,50.6
9783,basegame,15.6,237.9
9784,basegame,0.3,323.5
9785,basegame,294.4,9.5
9786,basegame,2.2,313.9
9787,basegame,0.3,1910.7
9788,basegame,3.0,328.7
9789,basegame,1974.6,92.9
9790,basegame,657.2,4.5
9791,basegame,0.4,3151.4
9792,basegame,170.8,2458.4
9793,basegame,366.0,10.9
9794,basegame,3105.3,18.3
9795,basegame,955.3,49.0
9796,basegame,1256.9,179.9
9797,basegame,15.5,3059.5
9798,basegame,5.5,1116.0
9799,basegame,38.1,860.0
9800,basegame,0.0,502.5
9801,basegame,200.2,32.8
9802,basegame,59.8,189.8
9803,basegame,14.7,686.5
9804,basegame,756.5,5.7
9805,basegame,1373.8,17.4
9806,basegame,3242.8,64.0
9807,basegame,45.2,210.1
9808,basegame,0.0,239.8
9809,basegame,16.6,319.3
9810,basegame,68.1,2385.4
9811,basegame,270.5,412.0
9812,basegame,461.9,15.4
9813,basegame,27.7,418.7
9814,basegame,2722.7,76.7
9815,basegame,2572.0,13.9
9816,basegame,91.1,216.9
9817,basegame,0.0,219.4
9818,basegame,435.7,2340.0
9819,basegame,614.4,10.9
9820,basegame,36.8,713.3
9821,basegame,18.9,1844.7
9822,basegame,25.6,681.0
9823,basegame,196.0,11.5
9824,basegame,64.6,188.1
9825,basegame,1624.0,157.8
9826,basegame,357.9,368.5
9827,basegame,0.0,262.9
9828,basegame,380.0,10.4
9829,basegame,4.6,2705.1
9830,basegame,177.3,56.6
9831,basegame,477.2,89.2
9832,basegame,123.7,138.4
9833,basegame,2269.6,10.3
9834,basegame,41.7,1411.7
9835,basegame,43.5,632.7
9836,basegame,674.2,46.2
9837,basegame,0.0,546.1
9838,basegame,7.3,285.6
9839,basegame,156.0,577.1
9840,basegame,610.8,16.3
9841,basegame,276.9,6.1
9842,basegame,98.1,521.8
9843,basegame,1207.7,4.6
9844,basegame,2163.8,5.7
9845,basegame,2119.8,3.4
9846,basegame,52.7,1464.4
9847,basegame,71.5,438.1
9848,basegame,38.0,626.5
9849,basegame,0.0,252.8
9850,basegame,3203.2,31.3
9851,basegame,0.0,408.9
9852,basegame,24.1,2162.5
9853,basegame,816.4,213.8
9854,basegame,805.1,560.5
9855,basegame,2550.3,2.4
9856,basegame,62.7,148.7
9857,basegame,682.9,4.0
9858,basegame,23.8,838.7
9859,basegame,17.5,1989.1
9860,basegame,3516.4,528.8
9861,basegame,2120.7,416.4
9862,basegame,61.0,318.4
9863,basegame,2527.9,13.2
9864,basegame,137.8,2339.6
9865,basegame,6.6,1049.0
9866,basegame,945.0,25.8
9867,basegame,29.2,472.9
9868,basegame,2204.5,21.5
9869,basegame,567.4,18.5
9870,basegame,188.8,29.6
9871,basegame,17.1,4099.1
9872,basegame,4.0,368.4
9873,basegame,1060.3,13.2
9874,basegame,3194.9,8.5
9875,basegame,4.3,500.3
9876,basegame,191.2,43.0
9877,basegame,381.5,33.2
9878,basegame,2064.6,17.6
9879,basegame,15.0,526.5
9880,basegame,76.8,637.2
9881,basegame,1991.5,9.2
9882,basegame,348.8,133.3
9883,basegame,303.2,74.5
9884,basegame,383.7,3483.9
9885,basegame,14.8,3031.7
9886,basegame,81.2,1003.9
9887,basegame,412.8,9.6
9888,basegame,680.0,6.4
9889,basegame,0.0,2198.0
9890,basegame,23.7,2215.6
9891,basegame,489.5,200.0
9892,basegame,7.5,370.1
9893,basegame,385.0,42.0
9894,basegame,20.0,211.2
9895,basegame,63.6,172.7
9896,basegame,231.6,604.5
9897,basegame,0.0,372.9
9898,basegame,425.7,543.1
9899,basegame,240.0,15.7
9900,basegame,406.5,132.6
9901,basegame,97.0,118.1
9902,basegame,27.4,1474.8
9903,basegame,1402.7,2625.9
9904,basegame,200.7,8.9
9905,basegame,10.0,723.9
9906,basegame,1687.8,121.4
9907,basegame,208.7,25.6
9908,basegame,47.3,4430.8
9909,basegame,253.2,11.1
9910,basegame,1519.4,343.2
9911,basegame,30.1,750.5
9912,basegame,229.2,13.6
9913,basegame,635.3,14.6
9914,basegame,180.1,40.7
9915,basegame,221.4,20.9
9916,basegame,447.0,6.1
9917,basegame,131.3,2219.1
9918,basegame,327.1,191.8
9919,basegame,2080.8,1123.8
9920,basegame,337.0,2871.4
9921,basegame,338.2,16.6
9922,basegame,0.0,536.7
9923,basegame,14.2,1788.2
9924,basegame,11.6,696.0
9925,basegame,63.3,638.9
9926,basegame,1.5,1202.9
9927,basegame,2870.6,28.5
9928,basegame,18.2,578.2
9929,basegame,245.0,200.4
9930,basegame,3675.3,1308.3
9931,basegame,54.0,2400.0
9932,basegame,120.3,1523.1
9933,basegame,22.9,407.5
9934,basegame,250.0,25.1
9935,basegame,4.2,4662.2
9936,basegame,1573.5,1152.8
9937,basegame,11.9,450.0
9938,basegame,305.9,12.8
9939,basegame,4.5,2880.2
9940,basegame,2.3,627.3
9941,basegame,1710.6,7.2
9942,basegame,99.2,567.8
9943,basegame,792.2,281.9
9944,basegame,0.0,995.9
9945,basegame,559.0,15.8
9946,basegame,40.9,478.5
9947,basegame,137.5,589.2
9948,basegame,0.0,1497.1
9949,basegame,2204.4,2.4
9950,basegame,7.6,1249.9
9951,basegame,3631.0,9.8
9952,basegame,27.1,4195.5
9953,basegame,24.0,389.3
9954,basegame,198.7,20.2
9955,basegame,33.9,218.3
9956,basegame,15.9,251.1
9957,basegame,15.0,1072.0
9958,basegame,200.2,13.2
9959,basegame,4866.0,33.2
9960,basegame,5.4,451.7
9961,basegame,197.2,172.3
9962,basegame,978.9,12.7
9963,basegame,135.1,172.7
9964,basegame,1347.6,109.7
9965,basegame,24.4,4666.9
9966,basegame,406.2,25.1
9967,basegame,0.0,253.1
9968,basegame,192.4,36.1
9969,basegame,29.2,1765.8
9970,basegame,244.8,49.4
9971,basegame,5.8,220.1
9972,basegame,7.1,432.7
9973,basegame,1752.0,3.5
9974,basegame,2.5,762.1
9975,basegame,295.7,14.7
9976,basegame,796.3,150.4
9977,basegame,1.7,1421.7
9978,basegame,202.2,627.2
9979,basegame,148.6,119.0
9980,basegame,127.2,635.3
9981,basegame,340.4,18.7
9982,basegame,1297.0,36.9
9983,basegame,63.3,192.3
9984,basegame,433.1,8.2
9985,basegame,441.1,241.3
9986,basegame,185.9,390.5
9987,basegame,226.6,25.2
9988,basegame,36.1,1647.4
9989,basegame,5.3,1919.4
9990,basegame,147.0,71.4
9991,basegame,420.7,48.2
9992,basegame,222.0,13.7
9993,basegame,436.2,57.9
9994,basegame,17.8,253.8
9995,basegame,2.8,412.0
9996,basegame,158.5,475.2
9997,basegame,24.2,1616.0
9998,basegame,24.8,691.4
9999,basegame,46.5,170.0
10000,basegame,513.1,391.6
